Day,Market Participant,Tape A Shares,Tape B Shares,Tape C Shares,Total Shares,Tape A Notional,Tape B Notional,Tape C Notional,Total Notional,Tape A Trade Count,Tape B Trade Count,Tape C Trade Count,Total Trade Count
2026-09-22,NYSE American (A),6394014.000000,23745497.000000,8134251.000000,38273762.000000,416731993.003700,365243619.901600,580015829.828400,1361991442.733700,72411,88152,84913,245476
2026-09-22,NASDAQ Texas (B),10909919.000000,12083763.000000,26133739.000000,49127421.000000,842729664.162100,611604305.875000,1431417970.246600,2885751940.283700,148506,76196,224187,448889
2026-09-22,NYSE National (C),20976177.000000,10978232.000000,26074862.000000,58029271.000000,915700434.083700,519463661.276700,1011744587.637600,2446908682.998000,269005,75807,252653,597465
2026-09-22,FINRA / Nasdaq TRF Chicago (DB),14666851.783955,10154756.474374,39081341.686278,63902949.944607,946039863.540585,512147825.052995,3770964545.394347,5229152233.987927,136719,58948,329448,525115
2026-09-22,FINRA / NYSE TRF (DN),114228082.234616,94640924.451656,311247492.342016,520116499.028288,6946178773.513692,5000379107.107101,14156190246.694463,26102748127.315256,879067,439545,1569026,2887638
2026-09-22,FINRA / Nasdaq TRF Carteret (DQ),2396680359.484324,1815709156.143180,4979728081.292084,9192117596.919588,134572856400.406264,121320792190.505597,261982356345.310208,517876004936.222069,22019664,6343199,30948279,59311142
2026-09-22,Texas Stock Exchange (F),6906430.000000,4870058.000000,23990109.000000,35766597.000000,212486604.998900,185206909.960300,431328882.539900,829022397.499100,56229,27700,115248,199177
2026-09-22,24X National Exchange (G),1140777.000000,2198513.000000,3573776.000000,6913066.000000,58965984.788000,71904646.814200,226243349.063600,357113980.665800,11673,10457,33204,55334
2026-09-22,MIAX Pearl (H),20824842.000000,32819322.000000,62258958.000000,115903122.000000,1053721000.697900,1498280702.715800,2051817414.716201,4603819118.129901,219077,180365,400090,799532
2026-09-22,EDGA Equities (J),28593317.000000,22259350.000000,95540686.000000,146393353.000000,1588659120.910300,1253246029.721200,2426433322.952200,5268338473.583700,389143,151468,588397,1129008
2026-09-22,EDGX Equities (K),144293596.000000,171199360.000000,357018564.000000,672511520.000000,8122779407.863396,8004112389.609996,20962031868.506418,37088923665.979810,1575691,1069330,3066810,5711831
2026-09-22,LTSE (L),902650.000000,299695.000000,871404.000000,2073749.000000,40122273.960000,16153976.673700,37383919.033500,93660169.667200,9434,1988,24623,36045
2026-09-22,NYSE Texas (M),24538516.000000,22264222.000000,45922147.000000,92724885.000000,1954992273.780600,4958761758.917999,11015490383.959199,17929244416.657798,74542,25124,88994,188660
2026-09-22,NYSE (N),1356847520.000000,65167845.000000,144604316.000000,1566619681.000000,87558759257.986471,3531986367.540400,6263266308.018599,97354011933.545470,6044259,386520,1213334,7644113
2026-09-22,NYSE Arca (P),260945860.000000,496155210.000000,1007651763.000000,1764752833.000000,14364331627.320299,30066282443.472500,38845109689.521748,83275723760.314547,3266171,2649227,8085475,14000873
2026-09-22,NASDAQ (Q),448649497.000000,250085940.000000,1732196926.000000,2430932363.000000,25959086211.956501,17979777250.341703,139543500554.416541,183482364016.714745,6258363,1750450,11967281,19976094
2026-09-22,Members Exchange (U),51125535.000000,66126196.000000,195052190.000000,312303921.000000,2858343516.744600,3070152692.513700,7192717904.036502,13121214113.294802,593151,373965,1174868,2141984
2026-09-22,Investors Exchange (V),300683428.000000,142547571.000000,333739174.000000,776970173.000000,16235360668.001501,7616715481.166099,18802154943.103594,42654231092.271194,3329097,636345,3158995,7124437
2026-09-22,NASDAQ PSX (X),5951929.000000,3734414.000000,9766790.000000,19453133.000000,373088825.831800,304334254.173200,643335865.499700,1320758945.504700,71982,24820,105191,201993
2026-09-22,BYX Equities (Y),36379305.000000,29956420.000000,60771347.000000,127107072.000000,1715335511.975200,1497575272.896600,2693386382.234801,5906297167.106601,483239,193906,624695,1301840
2026-09-22,BZX Equities (Z),193001982.000000,152773879.000000,253679453.000000,599455314.000000,11560866702.642504,9737045194.272397,18945941051.533405,40243852948.448306,2762105,1018881,2965075,6746061
2026-09-21,NYSE American (A),6719834.000000,23985546.000000,8455352.000000,39160732.000000,425844324.551800,416260300.693400,707601537.870300,1549706163.115500,84048,91525,95225,270798
2026-09-21,NASDAQ Texas (B),10210129.000000,12013791.000000,25368415.000000,47592335.000000,746829851.922500,579216169.620300,1371600677.260100,2697646698.802900,136618,71925,211689,420232
2026-09-21,NYSE National (C),20034780.000000,8618297.000000,22119157.000000,50772234.000000,747544920.347000,425337603.882100,876533789.402500,2049416313.631600,260288,66681,237215,564184
2026-09-21,FINRA / Nasdaq TRF Chicago (DB),15089278.924870,10970735.093387,39707474.866967,65767488.885224,875225235.550828,532857286.203969,4291500565.833609,5699583087.588406,137970,62763,365009,565742
2026-09-21,FINRA / NYSE TRF (DN),106948958.134848,91594740.748543,315692060.880182,514235759.763573,6199870861.059822,4671869225.433425,14243203326.252418,25114943412.745665,856710,331297,1493900,2681907
2026-09-21,FINRA / Nasdaq TRF Carteret (DQ),2191843169.700561,1550533253.179823,4468546454.581574,8210922877.461958,127040903092.455475,89615758309.110480,260817755443.351999,477474416844.917954,21551138,6628156,31772939,59952233
2026-09-21,Texas Stock Exchange (F),6102332.000000,4125592.000000,15441891.000000,25669815.000000,178005271.040000,168449500.227700,456839365.345400,803294136.613100,47607,25567,105114,178288
2026-09-21,24X National Exchange (G),1392756.000000,2219427.000000,3750283.000000,7362466.000000,66138592.812100,69289068.611500,265658813.821500,401086475.245100,12106,10103,36878,59087
2026-09-21,MIAX Pearl (H),17534132.000000,29299115.000000,59182268.000000,106015515.000000,773435889.606000,1197043311.102400,2083594192.036800,4054073392.745200,185699,158098,393344,737141
2026-09-21,EDGA Equities (J),26188189.000000,21574800.000000,76716593.000000,124479582.000000,1285605075.109500,1293910209.637000,2301588331.944399,4881103616.690899,332696,139462,536151,1008309
2026-09-21,EDGX Equities (K),138053705.000000,163587247.000000,385211940.000000,686852892.000000,7215842000.281302,7615721180.955696,23700234355.592396,38531797536.829394,1440846,1029389,3161700,5631935
2026-09-21,LTSE (L),471941.000000,696043.000000,625040.000000,1793024.000000,22654328.670000,35764034.905800,25892815.437800,84311179.013600,5941,3023,30355,39319
2026-09-21,NYSE Texas (M),18900167.000000,16815537.000000,38885965.000000,74601669.000000,1715638632.050700,3765211653.165001,9795682473.228400,15276532758.444101,58909,15924,68247,143080
2026-09-21,NYSE (N),1246043611.000000,55527777.000000,126839018.000000,1428410406.000000,79149825664.011395,3647204626.265600,6555857637.538901,89352887927.815896,5639871,359936,1135337,7135144
2026-09-21,NYSE Arca (P),238081865.000000,487378416.000000,1005832900.000000,1731293181.000000,12520797429.923201,30272531510.361608,42489492237.010118,85282821177.294927,2957156,2532931,7889682,13379769
2026-09-21,NASDAQ (Q),402595549.000000,230673091.000000,1757732828.000000,2391001468.000000,22182249005.324207,17560968949.632405,154574913189.394764,194318131144.351376,5608164,1638408,11975211,19221783
2026-09-21,Members Exchange (U),46602265.000000,54674198.000000,179381444.000000,280657907.000000,2471044220.030299,2928118681.942299,8021494886.157799,13420657788.130397,527589,324173,1199214,2050976
2026-09-21,Investors Exchange (V),269037626.000000,130622706.000000,321133098.000000,720793430.000000,14153850055.829605,7111086144.875401,20071956015.655401,41336892216.360407,3128298,613551,3138647,6880496
2026-09-21,NASDAQ PSX (X),7421327.000000,3788727.000000,11111582.000000,22321636.000000,416793151.643500,338434893.656500,783462300.462500,1538690345.762500,79823,25326,120896,226045
2026-09-21,BYX Equities (Y),35943731.000000,26618492.000000,56617767.000000,119179990.000000,1669297409.450500,1319425372.239600,2729187655.877698,5717910437.567798,488311,193737,618897,1300945
2026-09-21,BZX Equities (Z),180068838.000000,145953609.000000,267238027.000000,593260474.000000,10633908504.054200,9688706480.584097,22512442070.084807,42835057054.723104,2602866,983544,3096992,6683402
2026-09-18,NYSE American (A),6466085.000000,129639768.000000,7213504.000000,143319357.000000,357124946.317500,943306366.019200,503153944.812800,1803585257.149500,69148,86678,76462,232288
2026-09-18,NASDAQ Texas (B),11824343.000000,11939922.000000,21905031.000000,45669296.000000,869453205.504700,523568272.304500,1281729174.367700,2674750652.176900,144667,68564,200995,414226
2026-09-18,NYSE National (C),20588569.000000,9684476.000000,22288039.000000,52561084.000000,870864234.383300,400545884.395500,841681170.253100,2113091289.031900,245758,65102,220188,531048
2026-09-18,FINRA / Nasdaq TRF Chicago (DB),12883742.686348,10613700.880717,37352637.045232,60850080.612297,736258594.725100,457698699.400919,3276700011.449963,4470657305.575982,119702,50098,289964,459764
2026-09-18,FINRA / NYSE TRF (DN),104315815.252127,80996701.801746,382077722.663114,567390239.716987,5955167186.589217,7096821473.788507,14665993252.909437,27717981913.287161,860120,318960,1529223,2708303
2026-09-18,FINRA / Nasdaq TRF Carteret (DQ),3304735465.629701,1509653498.054126,5874829404.660957,10689218368.344784,203464307036.562168,95674489452.067976,330984467141.599549,630123263630.229693,20807711,5753091,28518022,55078824
2026-09-18,Texas Stock Exchange (F),5964836.000000,3266104.000000,20142457.000000,29373397.000000,185675428.923900,176759216.903000,354568937.832900,717003583.659800,53090,21159,99681,173930
2026-09-18,24X National Exchange (G),1149999.000000,1765645.000000,3063559.000000,5979203.000000,54139677.006700,57105552.403800,182846610.945900,294091840.356400,10215,9619,27789,47623
2026-09-18,MIAX Pearl (H),18001585.000000,25544005.000000,61347513.000000,104893103.000000,764512133.676700,1143302882.817100,1782885106.907600,3690700123.401400,177175,144166,364342,685683
2026-09-18,EDGA Equities (J),26540980.000000,21128379.000000,101829102.000000,149498461.000000,1404590905.064100,1147328926.140600,2078559377.139701,4630479208.344401,339505,129949,558165,1027619
2026-09-18,EDGX Equities (K),135788712.000000,158214746.000000,404907689.000000,698911147.000000,7165951575.244795,6654665834.465603,20350560542.395903,34171177952.106301,1410506,885940,2801923,5098369
2026-09-18,LTSE (L),429380.000000,259135.000000,815951.000000,1504466.000000,23026556.575000,12716800.247000,43931591.913500,79674948.735500,6065,2228,14515,22808
2026-09-18,NYSE Texas (M),34470826.000000,33628622.000000,76220573.000000,144320021.000000,3701438039.213301,4415111950.886600,13946392852.332406,22062942842.432307,67749,17292,75829,160870
2026-09-18,NYSE (N),4350501845.000000,55678515.000000,135182708.000000,4541363068.000000,302108889474.824326,3110005921.489100,5594372608.365902,310813268004.679328,5625416,313447,1036231,6975094
2026-09-18,NYSE Arca (P),266497281.000000,485888244.000000,1228656008.000000,1981041533.000000,14746911614.681898,30794315313.781296,39625077005.687789,85166303934.150983,3223365,2440057,7604810,13268232
2026-09-18,NASDAQ (Q),442546893.000000,223430106.000000,4775848383.000000,5441825382.000000,25114340810.496604,16115154707.056108,372547883293.953884,413777378811.506596,5918269,1567794,11792507,19278570
2026-09-18,Members Exchange (U),48251705.000000,54629029.000000,219045906.000000,321926640.000000,2658068966.998599,2624358499.054700,6796165870.213405,12078593336.266704,560761,307332,1143895,2011988
2026-09-18,Investors Exchange (V),281707375.000000,119504707.000000,315434463.000000,716646545.000000,14563161135.725004,6371465710.671601,18478610927.955796,39413237774.352401,3236725,562178,3139502,6938405
2026-09-18,NASDAQ PSX (X),8341856.000000,3812885.000000,10079821.000000,22234562.000000,532997348.551200,365119406.722600,761117511.512900,1659234266.786700,94723,25088,117193,237004
2026-09-18,BYX Equities (Y),37018866.000000,27657368.000000,56057437.000000,120733671.000000,1817503200.736400,1234085865.656399,2426828705.512200,5478417771.904999,460730,171979,577085,1209794
2026-09-18,BZX Equities (Z),194469359.000000,152833276.000000,281153703.000000,628456338.000000,11608484152.340396,9137233341.489401,20584722823.337301,41330440317.167098,2600606,953403,2845992,6400001
2026-09-17,NYSE American (A),7584042.000000,23070025.000000,8840005.000000,39494072.000000,380175015.048800,357373834.841300,499467326.674500,1237016176.564600,79883,82165,89282,251330
2026-09-17,NASDAQ Texas (B),10779898.000000,10151831.000000,25185615.000000,46117344.000000,747810566.391500,521376649.183400,1047921267.629000,2317108483.203900,146576,65589,209639,421804
2026-09-17,NYSE National (C),20060838.000000,8688976.000000,21237935.000000,49987749.000000,753135181.297900,420467935.689900,716735341.059400,1890338458.047200,250475,62383,237273,550131
2026-09-17,FINRA / Nasdaq TRF Chicago (DB),13965324.090529,8643032.085831,37398873.743548,60007229.919908,866299780.406971,463458540.015666,3053012552.222483,4382770872.645120,121698,44599,286865,453162
2026-09-17,FINRA / NYSE TRF (DN),109458833.581937,77864125.993429,343574327.059370,530897286.634736,6087715531.836090,4620268403.316493,10388332393.746022,21096316328.898605,841537,277875,1433477,2552889
2026-09-17,FINRA / Nasdaq TRF Carteret (DQ),2384671405.163614,1353371684.957511,5084940576.215431,8822983666.336556,129469061475.623413,84436821752.079495,207627882436.773219,421533765664.476127,22291166,5483938,29611473,57386577
2026-09-17,Texas Stock Exchange (F),5274963.000000,3350257.000000,29553613.000000,38178833.000000,156404081.947200,128389138.163400,322237492.031100,607030712.141700,43914,23123,103514,170551
2026-09-17,24X National Exchange (G),1154929.000000,1955978.000000,3789499.000000,6900406.000000,56893113.083900,62874843.586400,178314872.369300,298082829.039600,10635,9219,30850,50704
2026-09-17,MIAX Pearl (H),16837513.000000,23273011.000000,65118408.000000,105228932.000000,749063331.156000,1079769798.849700,1727548851.034300,3556381981.040000,174654,129700,371667,676021
2026-09-17,EDGA Equities (J),28490788.000000,18981848.000000,100568050.000000,148040686.000000,1263652740.207400,1114907280.899100,1755908091.972399,4134468113.078899,341486,123266,545849,1010601
2026-09-17,EDGX Equities (K),133629197.000000,130759605.000000,434160921.000000,698549723.000000,7190664801.634300,6404660926.414296,17696732124.549801,31292057852.598397,1429263,833698,2937705,5200666
2026-09-17,LTSE (L),572460.000000,315621.000000,731903.000000,1619984.000000,35633121.110000,19429606.442200,26013041.115800,81075768.668000,6790,2619,15123,24532
2026-09-17,NYSE Texas (M),32219720.000000,19020514.000000,34810472.000000,86050706.000000,2902803626.917199,2357684817.589200,7210748660.590502,12471237105.096901,71494,18213,86971,176678
2026-09-17,NYSE (N),1254903144.000000,52031454.000000,119002381.000000,1425936979.000000,82507761856.250903,3164082082.936799,5136464920.527098,90808308859.714800,5598615,298097,1031581,6928293
2026-09-17,NYSE Arca (P),249373878.000000,435885219.000000,1438941139.000000,2124200236.000000,13026003530.904208,29880478655.964997,34263832904.399899,77170315091.269104,2997521,2205090,7509346,12711957
2026-09-17,NASDAQ (Q),402162459.000000,198905406.000000,1684384437.000000,2285452302.000000,22413422887.399105,15586078706.436593,131389477451.415362,169388979045.251060,5532595,1474194,11040385,18047174
2026-09-17,Members Exchange (U),46600506.000000,48595359.000000,226900756.000000,322096621.000000,2464065819.614200,2525037274.711801,6083590241.022099,11072693335.348100,529393,287496,1071975,1888864
2026-09-17,Investors Exchange (V),278435039.000000,111400737.000000,300145563.000000,689981339.000000,14581233538.261802,6463098540.601001,16451365087.204095,37495697166.066898,3182861,546223,3064131,6793215
2026-09-17,NASDAQ PSX (X),5122623.000000,2901040.000000,7196382.000000,15220045.000000,353971039.212100,291347036.612000,467122372.169900,1112440447.994000,65342,20233,85827,171402
2026-09-17,BYX Equities (Y),36710621.000000,24300400.000000,52333916.000000,113344937.000000,1598407211.754300,1196499485.647600,2129158359.699900,4924065057.101800,487347,160393,596368,1244108
2026-09-17,BZX Equities (Z),187268684.000000,129999206.000000,277412794.000000,594680684.000000,11091638096.561999,8334572683.566903,17120555420.017112,36546766200.146014,2592703,875155,2883814,6351672
2026-09-16,NYSE American (A),6964020.000000,23389187.000000,8934461.000000,39287668.000000,341609913.082000,488366657.705200,446693347.642100,1276669918.429300,77852,102595,93013,273460
2026-09-16,NASDAQ Texas (B),11911949.000000,12113670.000000,28293877.000000,52319496.000000,837620406.837400,654567570.487700,1113228748.632900,2605416725.958000,160569,76799,215947,453315
2026-09-16,NYSE National (C),22312602.000000,14025732.000000,25240371.000000,61578705.000000,869991360.510400,652942305.555600,808079788.057900,2331013454.123900,260012,88211,253348,601571
2026-09-16,FINRA / Nasdaq TRF Chicago (DB),14004794.330058,9585466.491569,38849048.069887,62439308.891514,899853574.425687,570941105.930461,3177815351.797739,4648610032.153887,122251,50054,284156,456461
2026-09-16,FINRA / NYSE TRF (DN),106092862.255805,76182281.776790,332503171.130390,514778315.162985,6107377206.886170,3438368713.480479,11327419163.660981,20873165084.027630,855473,284858,1429976,2570307
2026-09-16,FINRA / Nasdaq TRF Carteret (DQ),2313084814.757434,1529957959.652653,5232247034.872695,9075289809.282782,125323561627.420983,105167182100.353522,195299747017.448487,425790490745.222992,22150033,6083746,29246516,57480295
2026-09-16,Texas Stock Exchange (F),6154425.000000,4251242.000000,13866897.000000,24272564.000000,218169537.778100,202327373.817700,412380663.560600,832877575.156400,58984,26393,107184,192561
2026-09-16,24X National Exchange (G),1541144.000000,2546572.000000,3096181.000000,7183897.000000,50907222.536100,119810043.211300,174271605.014800,344988870.762200,10339,12540,28223,51102
2026-09-16,MIAX Pearl (H),17859193.000000,32827119.000000,70702168.000000,121388480.000000,765793763.623400,1673799437.475200,1677288934.797699,4116882135.896299,184572,180704,395288,760564
2026-09-16,EDGA Equities (J),30123549.000000,22132834.000000,112740404.000000,164996787.000000,1417564491.795300,1355257226.827600,1844753822.291700,4617575540.914600,383325,147882,606562,1137769
2026-09-16,EDGX Equities (K),145051834.000000,160905559.000000,449253205.000000,755210598.000000,7794310383.311099,8505051863.877298,16959762156.783807,33259124403.972204,1572988,1030726,2992126,5595840
2026-09-16,LTSE (L),833244.000000,713611.000000,989105.000000,2535960.000000,49720428.660000,41612074.549400,42123091.367800,133455594.577200,10577,4373,21712,36662
2026-09-16,NYSE Texas (M),15038214.000000,15276562.000000,19666709.000000,49981485.000000,1778367353.737600,3386170975.106501,2260202064.396800,7424740393.240901,59612,19209,71604,150425
2026-09-16,NYSE (N),1389683814.000000,85339782.000000,156153884.000000,1631177480.000000,86711280693.972388,4892977876.591601,5988789641.086097,97593048211.650086,6194752,455196,1193094,7843042
2026-09-16,NYSE Arca (P),272055298.000000,503070316.000000,1358154742.000000,2133280356.000000,14145436584.250401,36636408555.362092,34213485341.761840,84995330481.374333,3322320,2732359,7941610,13996289
2026-09-16,NASDAQ (Q),452764290.000000,286510236.000000,1756443099.000000,2495717625.000000,25150031313.874313,23249918611.647904,121253674699.929419,169653624625.451636,6344148,1982904,11623364,19950416
2026-09-16,Members Exchange (U),47732910.000000,61813866.000000,240424164.000000,349970940.000000,2650575313.994600,3390786069.905299,5650736450.546100,11692097834.445999,580161,386412,1134311,2100884
2026-09-16,Investors Exchange (V),303963994.000000,141540416.000000,325804263.000000,771308673.000000,15552827092.332100,8349741770.160299,16592537561.412696,40495106423.905095,3441282,649093,3226439,7316814
2026-09-16,NASDAQ PSX (X),5585955.000000,4660406.000000,8727267.000000,18973628.000000,346881437.669800,517379632.481800,568554257.007400,1432815327.159000,69451,33857,98456,201764
2026-09-16,BYX Equities (Y),38172196.000000,31375426.000000,56803893.000000,126351515.000000,1840875566.364200,1652500320.228200,2213405431.625002,5706781318.217402,484248,202566,596432,1283246
2026-09-16,BZX Equities (Z),205095458.000000,161681905.000000,265252256.000000,632029619.000000,11980082522.701703,11031080457.075201,17301066104.063111,40312229083.840015,2877335,1101936,2935822,6915093
2026-09-15,NYSE American (A),6478949.000000,19232023.000000,6788730.000000,32499702.000000,381844221.482100,361419375.770900,420939645.910300,1164203243.163300,82286,82294,81379,245959
2026-09-15,NASDAQ Texas (B),11459043.000000,10433417.000000,27828892.000000,49721352.000000,755639011.270200,491544912.436600,958871141.105800,2206055064.812600,154995,67511,186952,409458
2026-09-15,NYSE National (C),20832812.000000,9969380.000000,22503588.000000,53305780.000000,787435507.616900,465061559.320600,716142529.532700,1968639596.470200,254995,70948,228409,554352
2026-09-15,FINRA / Nasdaq TRF Chicago (DB),13624452.475696,8472493.484508,31142551.160781,53239497.120985,802788202.503201,462863551.846680,2676840432.303602,3942492186.653483,120816,45290,244601,410707
2026-09-15,FINRA / NYSE TRF (DN),109680785.956370,62820126.238842,270650652.898899,443151565.094111,5980538250.793893,3229087335.623147,9753518719.057837,18963144305.474877,820846,299625,1348959,2469430
2026-09-15,FINRA / Nasdaq TRF Carteret (DQ),2493778862.788756,1522402435.249647,4238650393.290728,8254831691.329131,133252919748.016761,99439366272.441020,195312119651.566401,428004405672.024182,22090018,5749005,27819710,55658733
2026-09-15,Texas Stock Exchange (F),6252017.000000,3320687.000000,12960890.000000,22533594.000000,205933220.425500,132199044.442500,294763465.707300,632895730.575300,59843,18394,92037,170274
2026-09-15,24X National Exchange (G),1422918.000000,1701825.000000,3181433.000000,6306176.000000,53074338.414200,62692670.663800,119355238.731200,235122247.809200,12342,8727,25567,46636
2026-09-15,MIAX Pearl (H),19465561.000000,26274046.000000,55703747.000000,101443354.000000,849491133.967500,1245576214.995600,1441147820.516700,3536215169.479800,207050,144758,359319,711127
2026-09-15,EDGA Equities (J),28075909.000000,18446853.000000,71944391.000000,118467153.000000,1399797460.138100,1031566614.519600,1664065566.185300,4095429640.843000,368651,118815,493797,981263
2026-09-15,EDGX Equities (K),135127396.000000,121831795.000000,333196199.000000,590155390.000000,7036956813.848203,6164174855.619904,15022197678.527197,28223329347.995304,1496492,790573,2614911,4901976
2026-09-15,LTSE (L),517716.000000,432156.000000,784779.000000,1734651.000000,27878816.100000,19144428.349000,28881117.331300,75904361.780300,6681,3743,21131,31555
2026-09-15,NYSE Texas (M),22067689.000000,17677459.000000,31411206.000000,71156354.000000,2559867413.324700,3262432297.270102,4700665911.123703,10522965621.718505,68234,17137,72885,158256
2026-09-15,NYSE (N),1184577881.000000,64980190.000000,137503380.000000,1387061451.000000,74344755592.738709,3543603090.641500,5516224485.871300,83404583169.251509,6019948,386529,1093966,7500443
2026-09-15,NYSE Arca (P),252155776.000000,400773016.000000,854649273.000000,1507578065.000000,13193604424.022500,27718554354.359407,29799007398.690205,70711166177.072112,3127152,2137019,6663419,11927590
2026-09-15,NASDAQ (Q),426220337.000000,222194212.000000,1464198525.000000,2112613074.000000,24040196828.713100,16245901085.546797,104856215768.373927,145142313682.633824,6144750,1518570,10746150,18409470
2026-09-15,Members Exchange (U),47253810.000000,46654143.000000,155820652.000000,249728605.000000,2548875734.478600,2376234541.293199,4816703903.777000,9741814179.548799,571977,281642,940704,1794323
2026-09-15,Investors Exchange (V),296351347.000000,128911516.000000,301409867.000000,726672730.000000,15070230187.899296,7006480439.104400,15796461023.327508,37873171650.331204,3306620,579292,3054150,6940062
2026-09-15,NASDAQ PSX (X),5256507.000000,3281040.000000,7167960.000000,15705507.000000,345998532.375700,271505674.357300,448883963.699100,1066388170.432100,70496,22482,86683,179661
2026-09-15,BYX Equities (Y),40124756.000000,24492769.000000,54368631.000000,118986156.000000,1669521736.909100,1221529704.319700,2111501816.996100,5002553258.224900,499771,184636,584178,1268585
2026-09-15,BZX Equities (Z),196396104.000000,125781506.000000,233065264.000000,555242874.000000,11717533141.770100,8273222902.971101,15477922065.766006,35468678110.507207,2800396,851645,2712662,6364703
2026-09-14,NYSE American (A),7176457.000000,25401431.000000,6973814.000000,39551702.000000,443271459.983200,406026788.225200,533066016.203100,1382364264.411500,85689,99936,86972,272597
2026-09-14,NASDAQ Texas (B),10706799.000000,11946985.000000,22038456.000000,44692240.000000,761796567.567300,613853832.023900,1194494601.007300,2570145000.598500,148825,78364,204233,431422
2026-09-14,NYSE National (C),20216478.000000,10880593.000000,18321564.000000,49418635.000000,818730824.960800,558400581.535200,842361043.793400,2219492450.289400,252277,80857,228288,561422
2026-09-14,FINRA / Nasdaq TRF Chicago (DB),14163118.839720,9887132.884469,30170829.336156,54221081.060345,910926215.893219,551402592.144005,3132337141.712242,4594665949.749466,142837,58964,300443,502244
2026-09-14,FINRA / NYSE TRF (DN),122048667.874867,78981427.448285,231702949.383780,432733044.706932,6905355173.339492,3228655191.755325,12246666875.637836,22380677240.732653,876853,352750,1339937,2569540
2026-09-14,FINRA / Nasdaq TRF Carteret (DQ),2231849199.662502,1624179990.560048,3661896040.849835,7517925231.072385,128034618345.384339,86205590506.266296,211570823843.682613,425811032695.333248,23251272,6616722,29255586,59123580
2026-09-14,Texas Stock Exchange (F),5613765.000000,3476762.000000,10950060.000000,20040587.000000,197790525.934300,172883397.827000,312878784.241600,683552708.002900,56673,22127,93048,171848
2026-09-14,24X National Exchange (G),1136199.000000,2729040.000000,2756051.000000,6621290.000000,66663965.356600,104660344.569400,172341519.996500,343665829.922500,12106,13795,28945,54846
2026-09-14,MIAX Pearl (H),17554988.000000,31643054.000000,45935170.000000,95133212.000000,828805610.687300,1411589116.812600,1617149813.153801,3857544540.653701,192271,168046,321423,681740
2026-09-14,EDGA Equities (J),28802090.000000,28934622.000000,66278619.000000,124015331.000000,1386821859.109800,1228897321.003800,1875692258.571601,4491411438.685201,361650,150233,480613,992496
2026-09-14,EDGX Equities (K),138614088.000000,160901879.000000,321620534.000000,621136501.000000,7826942254.921195,8036398769.051797,18667164410.194586,34530505434.167578,1589085,1109060,2801363,5499508
2026-09-14,LTSE (L),715360.000000,316412.000000,758093.000000,1789865.000000,40147008.445000,22957250.084800,35030211.031300,98134469.561100,8544,3149,21561,33254
2026-09-14,NYSE Texas (M),25495190.000000,20155450.000000,29059412.000000,74710052.000000,1668285205.035100,3023318268.442400,5773926592.538799,10465530066.016299,60545,14805,68143,143493
2026-09-14,NYSE (N),1194427886.000000,72006513.000000,124753035.000000,1391187434.000000,76662603992.684792,4014558295.321601,6346745390.684399,87023907678.690792,6144995,433458,1106642,7685095
2026-09-14,NYSE Arca (P),276066482.000000,517074225.000000,751091460.000000,1544232167.000000,15339438502.165499,35110665367.279988,38727903163.927974,89178007033.373461,3436002,2916738,7131250,13483990
2026-09-14,NASDAQ (Q),435913089.000000,278157498.000000,1495629238.000000,2209699825.000000,25874789703.490898,20436353912.960496,129518561664.743611,175829705281.195005,6195773,1966939,11722420,19885132
2026-09-14,Members Exchange (U),48865066.000000,66480067.000000,134266163.000000,249611296.000000,2847748358.743701,3106402162.509298,6098611600.785498,12052762122.038497,610203,390690,954966,1955859
2026-09-14,Investors Exchange (V),284607580.000000,142429514.000000,284116234.000000,711153328.000000,15366371192.674002,7761740658.424099,17322102550.613899,40450214401.712000,3283879,626786,3023004,6933669
2026-09-14,NASDAQ PSX (X),6389184.000000,4214912.000000,7308139.000000,17912235.000000,449279120.244300,400878028.679500,663493033.405300,1513650182.329100,81305,29867,99170,210342
2026-09-14,BYX Equities (Y),36584692.000000,28619798.000000,44232405.000000,109436895.000000,1718909908.384400,1481362440.102300,2355418924.801000,5555691273.287700,483885,198432,565667,1247984
2026-09-14,BZX Equities (Z),202662016.000000,160352998.000000,230228154.000000,593243168.000000,12454279368.054095,9990245889.347999,18925871302.622803,41370396560.024897,2877128,1071529,2881166,6829823
2026-09-11,NYSE American (A),5776427.000000,24270284.000000,6272212.000000,36318923.000000,314905617.816500,342710464.945500,411180858.906100,1068796941.668100,63274,84246,70511,218031
2026-09-11,NASDAQ Texas (B),9955991.000000,10943038.000000,19774282.000000,40673311.000000,651158265.630000,530853409.951000,1027217394.608700,2209229070.189700,136312,68704,182306,387322
2026-09-11,NYSE National (C),19792965.000000,9890003.000000,18828165.000000,48511133.000000,744303110.369900,462029341.358800,739027021.819200,1945359473.547900,234589,68645,218041,521275
2026-09-11,FINRA / Nasdaq TRF Chicago (DB),14110387.461192,8308073.949116,28107176.724203,50525638.134511,1009917389.336490,513641982.397476,2740396829.611703,4263956201.345669,130862,44683,233889,409434
2026-09-11,FINRA / NYSE TRF (DN),101365423.707750,77448560.685592,214489146.267660,393303130.661002,5714164768.544840,4016653113.107960,9867314225.244652,19598132106.897452,769802,274516,1141718,2186036
2026-09-11,FINRA / Nasdaq TRF Carteret (DQ),2169981807.304154,1431320503.223492,3278236811.725361,6879539122.253007,117687214035.842524,82733869335.454849,178208714408.688635,378629797779.986008,20922957,5426230,25383555,51732742
2026-09-11,Texas Stock Exchange (F),5492452.000000,4716432.000000,10848781.000000,21057665.000000,177599438.561800,132233249.509900,270443504.913800,580276192.985500,50322,21041,82760,154123
2026-09-11,24X National Exchange (G),1086487.000000,2179449.000000,2669300.000000,5935236.000000,63236200.879700,78650775.971200,165243407.894400,307130384.745300,10675,11646,24545,46866
2026-09-11,MIAX Pearl (H),17552417.000000,28187477.000000,45687061.000000,91426955.000000,744893813.454700,1232909696.072500,1556259689.779000,3534063199.306200,181643,140460,298893,620996
2026-09-11,EDGA Equities (J),28290233.000000,20769623.000000,59687145.000000,108747001.000000,1219697556.313200,1049866124.207000,1626740678.372900,3896304358.893100,336666,124045,434965,895676
2026-09-11,EDGX Equities (K),128617189.000000,134189624.000000,270161831.000000,532968644.000000,6853423326.946404,7048731626.929304,15386226632.854295,29288381586.730003,1383787,873402,2282041,4539230
2026-09-11,LTSE (L),502401.000000,475541.000000,704705.000000,1682647.000000,26934420.260000,19340916.279100,27608046.251000,73883382.790100,7156,2432,22728,32316
2026-09-11,NYSE Texas (M),14246507.000000,15766071.000000,20258999.000000,50271577.000000,1935226085.781000,4193209168.156600,4087628310.696900,10216063564.634500,57176,15547,61393,134116
2026-09-11,NYSE (N),1123051941.000000,56697023.000000,119560417.000000,1299309381.000000,70332029044.392487,3409776679.459201,5406774791.892901,79148580515.744589,5449935,342402,973805,6766142
2026-09-11,NYSE Arca (P),260894432.000000,435450950.000000,677293439.000000,1373638821.000000,13529781107.853695,29703318518.200808,30664969132.007999,73898068758.062502,3050122,2254804,5947598,11252524
2026-09-11,NASDAQ (Q),399820125.000000,224881988.000000,1399661215.000000,2024363328.000000,21752149184.936292,17426474777.572203,107452125617.115216,146630749579.623711,5306077,1579812,9686607,16572496
2026-09-11,Members Exchange (U),44634337.000000,54480420.000000,117246983.000000,216361740.000000,2630296933.900600,2820525246.777700,5496082022.909999,10946904203.588299,550439,330069,848688,1729196
2026-09-11,Investors Exchange (V),259284398.000000,120685552.000000,249713377.000000,629683327.000000,12893150994.977295,6552590078.917499,13526769577.913703,32972510651.808497,2884229,530615,2632787,6047631
2026-09-11,NASDAQ PSX (X),8191157.000000,3749732.000000,6934236.000000,18875125.000000,386363886.651600,381316511.002300,536712684.245200,1304393081.899100,74939,24684,89904,189527
2026-09-11,BYX Equities (Y),35671154.000000,25444467.000000,44377938.000000,105493559.000000,1489652616.947000,1296102145.022800,1984328518.975298,4770083280.945098,469090,172219,540494,1181803
2026-09-11,BZX Equities (Z),184109583.000000,136476156.000000,204158442.000000,524744181.000000,10661706261.363104,8897414761.602699,16225891176.924115,35785012199.889918,2523054,899183,2459249,5881486
2026-09-10,NYSE American (A),6023234.000000,23628912.000000,7308749.000000,36960895.000000,352618354.354900,451007112.694200,469692666.785000,1273318133.834100,72055,95715,80683,248453
2026-09-10,NASDAQ Texas (B),11132391.000000,12251478.000000,21114206.000000,44498075.000000,767051809.783700,601892254.500000,1049271235.855500,2418215300.139200,150203,75048,187433,412684
2026-09-10,NYSE National (C),19651506.000000,10016740.000000,18287230.000000,47955476.000000,802086619.799600,512403620.664800,745115925.620000,2059606166.084400,250931,73617,212598,537146
2026-09-10,FINRA / Nasdaq TRF Chicago (DB),13311897.534892,9273070.335216,30201842.371284,52786810.241392,790346310.285010,546993924.054277,3098911367.141797,4436251601.481084,124373,55535,264086,443994
2026-09-10,FINRA / NYSE TRF (DN),114120677.345639,66246553.107758,244656291.810410,425023522.263807,6017259426.357552,2928755294.540729,9263541147.348540,18209555868.246821,791732,246901,1161441,2200074
2026-09-10,FINRA / Nasdaq TRF Carteret (DQ),2279020666.532754,1677077055.658018,3666192971.487886,7622290693.678658,118334671400.452356,104185083803.278115,198784106923.469291,421303862127.199762,21935842,6258756,26725833,54920431
2026-09-10,Texas Stock Exchange (F),6126272.000000,3553990.000000,11449036.000000,21129298.000000,181648996.531800,153233483.250600,318257939.058900,653140418.841300,54365,22145,87937,164447
2026-09-10,24X National Exchange (G),1121786.000000,2810435.000000,2546555.000000,6478776.000000,57158745.648800,107045310.427500,182144329.060300,346348385.136600,10778,13743,26724,51245
2026-09-10,MIAX Pearl (H),17075200.000000,32634666.000000,47474861.000000,97184727.000000,771994151.669500,1469935185.128700,1640741722.059500,3882671058.857700,183109,177551,308125,668785
2026-09-10,EDGA Equities (J),26961881.000000,26711367.000000,58791544.000000,112464792.000000,1178408265.253000,1304280438.849100,1633016747.594400,4115705451.696500,337902,147812,438086,923800
2026-09-10,EDGX Equities (K),134629151.000000,152528307.000000,286182679.000000,573340137.000000,6499337409.536802,7449437068.973096,16246899468.296897,30195673946.806795,1471072,1024982,2449880,4945934
2026-09-10,LTSE (L),527937.000000,296129.000000,673487.000000,1497553.000000,29123101.675000,18342153.492200,31963539.104900,79428794.272100,7287,3660,15938,26885
2026-09-10,NYSE Texas (M),18272832.000000,19919111.000000,29855784.000000,68047727.000000,1161838332.720000,3460907859.871997,4609278477.940200,9232024670.532197,70315,14745,70432,155492
2026-09-10,NYSE (N),1168574148.000000,65113111.000000,116463867.000000,1350151126.000000,73481091334.302189,3956810257.624400,5412340020.985398,82850241612.911987,5758895,388408,1002509,7149812
2026-09-10,NYSE Arca (P),264087047.000000,527187741.000000,801466038.000000,1592740826.000000,13693884359.065703,34423424247.012901,33601862811.473394,81719171417.551998,3282019,2789521,6437684,12509224
2026-09-10,NASDAQ (Q),416905614.000000,257987774.000000,1462354186.000000,2137247574.000000,22939796651.581301,19073431145.808608,119908941223.807328,161922169021.197237,5744004,1868879,10580231,18193114
2026-09-10,Members Exchange (U),45340693.000000,64847805.000000,156587104.000000,266775602.000000,2451025057.926399,3060655283.562500,5428705837.328198,10940386178.817097,569439,386833,923007,1879279
2026-09-10,Investors Exchange (V),275768561.000000,132574613.000000,270618190.000000,678961364.000000,13346957025.406994,7578224946.899802,15016826777.557597,35942008749.864393,3056052,582288,2843482,6481822
2026-09-10,NASDAQ PSX (X),5912578.000000,3843688.000000,7075544.000000,16831810.000000,337888059.763400,401495978.216900,538524345.070700,1277908383.051000,69499,28846,90289,188634
2026-09-10,BYX Equities (Y),36544150.000000,27438935.000000,45670710.000000,109653795.000000,1574115325.431200,1404594550.618700,2072402026.270201,5051111902.320101,474648,187113,545425,1207186
2026-09-10,BZX Equities (Z),198076171.000000,157611876.000000,214969074.000000,570657121.000000,11313877148.725896,10179656858.812599,16567329793.450498,38060863800.988993,2756784,1069536,2707440,6533760
2026-09-09,NYSE American (A),7869661.000000,20042108.000000,8599693.000000,36511462.000000,498650549.446900,352902228.643200,620707466.973900,1472260245.064000,90469,82336,95483,268288
2026-09-09,NASDAQ Texas (B),10117034.000000,10847334.000000,23563914.000000,44528282.000000,748102665.076800,513748317.565700,1174230826.928700,2436081809.571200,143284,64043,201778,409105
2026-09-09,NYSE National (C),18136421.000000,9540706.000000,20911202.000000,48588329.000000,725268652.285800,465616491.777400,792334479.286300,1983219623.349500,238196,70355,226839,535390
2026-09-09,FINRA / Nasdaq TRF Chicago (DB),13683729.413900,8466232.906105,31731428.746681,53881391.066686,780531307.149819,495506557.249697,3310525748.712997,4586563613.112513,124382,49355,293213,466950
2026-09-09,FINRA / NYSE TRF (DN),109562135.466812,64136540.757205,232765598.480199,406464274.704216,5510859414.704362,3069182161.726865,10137315290.640904,18717356867.072131,790169,228438,1185319,2203926
2026-09-09,FINRA / Nasdaq TRF Carteret (DQ),2261421095.081687,1347127650.013457,3792516064.871471,7401064809.966615,123452213239.984939,78403621785.419594,205916455718.628653,407772290744.033186,22593629,5746456,28348925,56689010
2026-09-09,Texas Stock Exchange (F),5071727.000000,2631216.000000,14321206.000000,22024149.000000,152850703.906800,105609942.653600,298592950.775300,557053597.335700,43421,14724,80468,138613
2026-09-09,24X National Exchange (G),1060324.000000,2074804.000000,3103725.000000,6238853.000000,51571487.526300,86985086.997400,203855239.244500,342411813.768200,11253,10528,30584,52365
2026-09-09,MIAX Pearl (H),16997375.000000,24904598.000000,54772964.000000,96674937.000000,678455569.026300,1101539593.802300,1654332992.277701,3434328155.106301,170514,135694,323156,629364
2026-09-09,EDGA Equities (J),26377389.000000,20000488.000000,76935295.000000,123313172.000000,1307038018.794300,1008567828.840000,1965107189.265901,4280713036.900201,363632,121476,530058,1015166
2026-09-09,EDGX Equities (K),135206657.000000,126383627.000000,302559043.000000,564149327.000000,6630120283.973102,6310888580.760994,17669037146.793888,30610046011.527984,1475480,818715,2604908,4899103
2026-09-09,LTSE (L),457165.000000,422776.000000,587202.000000,1467143.000000,23445659.410000,25467539.130000,26504529.349900,75417727.889900,5951,2996,14996,23943
2026-09-09,NYSE Texas (M),15032509.000000,7461139.000000,24094332.000000,46587980.000000,1372650335.735200,1060283024.805200,4959879741.756297,7392813102.296697,58623,18643,69051,146317
2026-09-09,NYSE (N),1167900280.000000,54534688.000000,121805581.000000,1344240549.000000,73258545471.121785,3093176703.411100,5889786123.351298,82241508297.884183,6001778,325487,1062316,7389581
2026-09-09,NYSE Arca (P),250715164.000000,402455060.000000,778545318.000000,1431715542.000000,12807061386.389202,27919735998.575797,34891933924.417994,75618731309.382993,3169331,2207459,6795827,12172617
2026-09-09,NASDAQ (Q),415556101.000000,211726361.000000,1465878628.000000,2093161090.000000,23237971716.382081,15684464298.065697,113684524115.452545,152606960129.900323,5721292,1538097,11157960,18417349
2026-09-09,Members Exchange (U),46501612.000000,47383988.000000,173638577.000000,267524177.000000,2533836745.073699,2374324456.619701,6255227082.004000,11163388283.697400,574655,289510,1041648,1905813
2026-09-09,Investors Exchange (V),279453322.000000,110904791.000000,287922030.000000,678280143.000000,14178675570.863000,6158647242.565898,16746170881.632303,37083493695.061201,3172567,515739,3050248,6738554
2026-09-09,NASDAQ PSX (X),5374762.000000,3276923.000000,7600899.000000,16252584.000000,332910998.025600,302166136.115600,577121215.375500,1212198349.516700,66117,21842,90983,178942
2026-09-09,BYX Equities (Y),34307492.000000,25385307.000000,50139029.000000,109831828.000000,1528757356.397200,1282430030.619200,2289941940.907199,5101129327.923599,454815,168529,567577,1190921
2026-09-09,BZX Equities (Z),191587124.000000,130883141.000000,218127809.000000,540598074.000000,11363741848.944900,8215987559.883896,17764210976.115998,37343940384.944794,2709520,863987,2809561,6383068
2026-09-08,NYSE American (A),7224612.000000,23160090.000000,8089643.000000,38474345.000000,409500307.165500,380530782.984600,583960704.139500,1373991794.289600,86747,101504,96561,284812
2026-09-08,NASDAQ Texas (B),11179107.000000,10900889.000000,21440551.000000,43520547.000000,830600946.883600,512387580.017800,1348037183.653501,2691025710.554901,154548,70806,213004,438358
2026-09-08,NYSE National (C),21437394.000000,8483883.000000,22284074.000000,52205351.000000,831010241.161100,415541036.231400,844486935.685200,2091038213.077700,267866,68722,245494,582082
2026-09-08,FINRA / Nasdaq TRF Chicago (DB),15421892.407419,14344108.906621,36786258.737028,66552260.051068,962495221.232416,573912820.108895,3516476354.212741,5052884395.554052,154918,68971,339473,563362
2026-09-08,FINRA / NYSE TRF (DN),117503251.971383,77727952.239612,273665054.280327,468896258.491322,6234850937.525356,3131534302.136986,12182568700.133036,21548953939.795378,883719,302236,1501926,2687881
2026-09-08,FINRA / Nasdaq TRF Carteret (DQ),2300310549.760326,1621854642.294564,3808945539.113414,7731110731.168304,136517880796.453445,87088360092.889391,226433960494.020827,450040201383.363663,23899388,6929552,31145190,61974130
2026-09-08,Texas Stock Exchange (F),4669498.000000,2999780.000000,9692832.000000,17362110.000000,161829063.764700,119585556.478900,327966522.144500,609381142.388100,42703,16722,74642,134067
2026-09-08,24X National Exchange (G),1070205.000000,2649540.000000,3907474.000000,7627219.000000,70230356.293100,94956105.334600,231981142.490800,397167604.118500,13969,12945,38262,65176
2026-09-08,MIAX Pearl (H),17915737.000000,32350147.000000,47112910.000000,97378794.000000,785187876.472100,1236160270.626000,1802840656.601600,3824188803.699700,189049,166840,319487,675376
2026-09-08,EDGA Equities (J),27989741.000000,30961487.000000,62077445.000000,121028673.000000,1268427411.436500,1057859301.465700,1825931672.995700,4152218385.897900,344859,165754,479288,989901
2026-09-08,EDGX Equities (K),141281311.000000,152549417.000000,342706410.000000,636537138.000000,7388832476.125697,7140105419.166798,19346715164.688487,33875653059.980982,1543027,956981,2823365,5323373
2026-09-08,LTSE (L),505739.000000,223996.000000,834678.000000,1564413.000000,27559164.173000,14447054.058900,30677874.735400,72684092.967300,6971,3868,21331,32170
2026-09-08,NYSE Texas (M),16558539.000000,18062120.000000,26674170.000000,61294829.000000,1782827959.364500,1717669923.294500,3272751474.004900,6773249356.663900,66887,17464,77283,161634
2026-09-08,NYSE (N),1221974432.000000,57653775.000000,130745397.000000,1410373604.000000,80158192081.141285,3389946504.736800,6440311461.504803,89988450047.382888,6263383,370665,1154761,7788809
2026-09-08,NYSE Arca (P),257834995.000000,510718611.000000,758825100.000000,1527378706.000000,14340066013.419106,31563313341.414687,38365241440.728083,84268620795.561876,3252161,2646557,7093237,12991955
2026-09-08,NASDAQ (Q),403609232.000000,238843538.000000,1654085898.000000,2296538668.000000,23837160164.929909,17849756139.654710,132429811221.760425,174116727526.345044,5676049,1720420,11973107,19369576
2026-09-08,Members Exchange (U),49846939.000000,76644832.000000,148563906.000000,275055677.000000,2787359039.326900,2813087464.443800,6493743423.510098,12094189927.280798,605048,379028,1059389,2043465
2026-09-08,Investors Exchange (V),277814134.000000,118319133.000000,293980753.000000,690114020.000000,14750042542.629700,6667190206.805100,17629980708.634198,39047213458.068998,3198572,548309,3125993,6872874
2026-09-08,NASDAQ PSX (X),5170461.000000,4250122.000000,8078205.000000,17498788.000000,346712077.916600,364310109.101200,556114975.141700,1267137162.159500,70806,27155,93734,191695
2026-09-08,BYX Equities (Y),38535978.000000,27412458.000000,51242606.000000,117191042.000000,1829405040.855200,1308233301.749800,2519873275.254899,5657511617.859899,509330,199125,615605,1324060
2026-09-08,BZX Equities (Z),184210063.000000,152646502.000000,234368735.000000,571225300.000000,11506976095.753203,9442332508.416501,18729010230.230601,39678318834.400305,2721420,1014834,2963194,6699448
2026-09-04,NYSE American (A),6861343.000000,19036083.000000,6887099.000000,32784525.000000,417997233.973700,337750585.786700,543223611.366400,1298971431.126800,79331,73457,84607,237395
2026-09-04,NASDAQ Texas (B),9480697.000000,11725952.000000,21639850.000000,42846499.000000,719080465.088600,510604728.440000,1296631388.330900,2526316581.859500,136650,68238,191727,396615
2026-09-04,NYSE National (C),17238616.000000,8403339.000000,18229179.000000,43871134.000000,803441478.668500,411652801.731000,840318483.559200,2055412763.958700,232275,62402,216260,510937
2026-09-04,FINRA / Nasdaq TRF Chicago (DB),12027924.629486,8843195.580173,30755953.823198,51627074.032857,787521427.254998,477905495.102505,3400237423.810531,4665664346.168034,114662,51771,284202,450635
2026-09-04,FINRA / NYSE TRF (DN),95291305.357873,67429227.146335,210661083.689740,373381616.193948,5705386598.245567,2660461331.135143,10621592268.279555,18987440197.660265,738274,235245,1197897,2171416
2026-09-04,FINRA / Nasdaq TRF Carteret (DQ),1908301052.562303,1237904501.578305,3309110281.796871,6455315835.937479,110259996055.232464,71999951779.701692,201911815074.884156,384171762909.818312,19867248,5600097,26325741,51793086
2026-09-04,Texas Stock Exchange (F),3839059.000000,3606264.000000,10443913.000000,17889236.000000,125628618.971300,105074867.064400,263303293.701000,494006779.736700,35674,17280,71301,124255
2026-09-04,24X National Exchange (G),899138.000000,2492467.000000,3143496.000000,6535101.000000,57456122.290300,78975024.303900,190521008.686000,326952155.280200,10132,11105,30230,51467
2026-09-04,MIAX Pearl (H),14319960.000000,26127120.000000,43344545.000000,83791625.000000,631613941.600500,1054890336.316500,1627336048.737101,3313840326.654101,154160,139343,290415,583918
2026-09-04,EDGA Equities (J),21050935.000000,22544021.000000,49089409.000000,92684365.000000,1087633438.039300,965611751.356400,1672575951.064699,3725821140.460399,298640,121097,413691,833428
2026-09-04,EDGX Equities (K),114175145.000000,140028205.000000,286228659.000000,540432009.000000,6023039177.629803,6440503964.972502,20430239757.223302,32893782899.825607,1259720,917356,2477763,4654839
2026-09-04,LTSE (L),389502.000000,238168.000000,539778.000000,1167448.000000,23314395.025000,10872200.368800,21820605.656700,56007201.050500,4907,1999,17985,24891
2026-09-04,NYSE Texas (M),11752742.000000,10913628.000000,18356446.000000,41022816.000000,986219508.698800,1233697390.521100,4092758001.096898,6312674900.316798,47777,13363,53901,115041
2026-09-04,NYSE (N),987833765.000000,52117888.000000,118592962.000000,1158544615.000000,65183276766.063183,3071049424.970200,5860198153.685198,74114524344.718581,5229062,322419,1016865,6568346
2026-09-04,NYSE Arca (P),210924842.000000,435888210.000000,641567934.000000,1288380986.000000,11949639469.113400,27300952965.564491,38130816078.817824,77381408513.495715,2785736,2327962,6283507,11397205
2026-09-04,NASDAQ (Q),357288783.000000,217040162.000000,1328679535.000000,1903008480.000000,21112613880.103184,15597115709.447608,123717887713.396859,160427617302.947651,5127519,1514257,10548075,17189851
2026-09-04,Members Exchange (U),40207897.000000,55162815.000000,125125482.000000,220496194.000000,2319976666.572399,2345296955.253100,6777431121.165703,11442704742.991202,485837,309830,922537,1718204
2026-09-04,Investors Exchange (V),228570075.000000,103780104.000000,236595683.000000,568945862.000000,12147281467.769101,5636809275.302200,15657389667.302598,33441480410.373899,2739259,490619,2642512,5872390
2026-09-04,NASDAQ PSX (X),5563958.000000,3385657.000000,6636681.000000,15586296.000000,360624868.356200,312853299.814300,639050356.781400,1312528524.951900,71586,23422,91380,186388
2026-09-04,BYX Equities (Y),30521589.000000,25632742.000000,45921579.000000,102075910.000000,1509226856.104900,1224713172.071300,2398432857.833300,5132372886.009500,428523,172288,536680,1137491
2026-09-04,BZX Equities (Z),157249715.000000,136883913.000000,198550648.000000,492684276.000000,9754960044.937199,8060245357.295098,18894830809.786995,36710036212.019292,2323183,879670,2549459,5752312
2026-09-03,NYSE American (A),8975202.000000,24603535.000000,8561295.000000,42140032.000000,470386819.357700,390729845.752400,561366046.496200,1422482711.606300,94903,88940,98781,282624
2026-09-03,NASDAQ Texas (B),11536687.000000,12291167.000000,26675607.000000,50503461.000000,880749991.518800,567528257.364900,1181533583.968800,2629811832.852500,152562,72436,205981,430979
2026-09-03,NYSE National (C),18213162.000000,10347295.000000,20955514.000000,49515971.000000,918027529.154400,461085043.118900,884534180.736500,2263646753.009800,236627,66424,232644,535695
2026-09-03,FINRA / Nasdaq TRF Chicago (DB),14827386.136304,10726316.619187,34802398.028147,60356100.783638,1018636650.403740,562879986.020340,3412281062.930807,4993797699.354887,140788,53867,299791,494446
2026-09-03,FINRA / NYSE TRF (DN),116368062.869314,72956152.491683,272921485.582986,462245700.943983,6528500830.026848,2777679597.325232,10868526751.175668,20174707178.527748,800331,245433,1248247,2294011
2026-09-03,FINRA / Nasdaq TRF Carteret (DQ),2254422291.459792,1538779613.197175,3851328056.216323,7644529960.873290,130856833329.875752,80633297523.188798,208181901434.597241,419672032287.661791,21453331,5858733,27097433,54409497
2026-09-03,Texas Stock Exchange (F),4918034.000000,3693571.000000,10757729.000000,19369334.000000,125882195.341500,128387966.478200,236735252.462900,491005414.282600,42621,21005,71013,134639
2026-09-03,24X National Exchange (G),1016792.000000,2181207.000000,3449556.000000,6647555.000000,60287325.940500,69472577.390200,193475796.443900,323235699.774600,11557,10511,31702,53770
2026-09-03,MIAX Pearl (H),17055779.000000,31253224.000000,57477439.000000,105786442.000000,747908104.347900,1251597553.581400,1758258337.512901,3757763995.442201,179644,151599,319098,650341
2026-09-03,EDGA Equities (J),23311974.000000,30103161.000000,78581468.000000,131996603.000000,1259270659.471200,1149365987.773300,1904001186.313000,4312637833.557500,322583,144682,483930,951195
2026-09-03,EDGX Equities (K),136993688.000000,147394646.000000,342824530.000000,627212864.000000,7315484151.592197,6978664999.218502,19668902075.808615,33963051226.619314,1450785,969341,2668390,5088516
2026-09-03,LTSE (L),557257.000000,221960.000000,685954.000000,1465171.000000,32725804.820000,15766764.397000,27741591.905600,76234161.122600,6732,2072,20347,29151
2026-09-03,NYSE Texas (M),22723159.000000,11945173.000000,21318734.000000,55987066.000000,1614636243.625200,2581600496.507600,4206804800.527601,8403041540.660401,54152,15330,67969,137451
2026-09-03,NYSE (N),1116040345.000000,58102106.000000,132864802.000000,1307007253.000000,71315617551.184884,3398038101.881599,6281199818.958499,80994855472.024982,5801541,363774,1078146,7243461
2026-09-03,NYSE Arca (P),246342974.000000,456775385.000000,758524520.000000,1461642879.000000,13675021553.172196,29287955309.442102,35919050055.443922,78882026918.058220,3161059,2448300,6432296,12041655
2026-09-03,NASDAQ (Q),397307950.000000,232935548.000000,1492410228.000000,2122653726.000000,23097084495.144995,17261294065.934602,119901203736.638920,160259582297.718517,5573127,1658831,10878697,18110655
2026-09-03,Members Exchange (U),48234892.000000,64980510.000000,156564808.000000,269780210.000000,2796662281.545700,2872769750.908300,6715919710.711397,12385351743.165397,548852,353872,975205,1877929
2026-09-03,Investors Exchange (V),256927725.000000,120227107.000000,284360541.000000,661515373.000000,13575799449.379600,6406860957.422598,16172278023.312399,36154938430.114597,2947477,552774,2785437,6285688
2026-09-03,NASDAQ PSX (X),5673651.000000,3574803.000000,7416735.000000,16665189.000000,354701774.436200,372861121.311400,556955582.218800,1284518477.966400,77374,26034,96268,199676
2026-09-03,BYX Equities (Y),34886446.000000,28928789.000000,49741691.000000,113556926.000000,1718955050.659000,1340028610.827400,2372835828.099100,5431819489.585500,453365,182146,564099,1199610
2026-09-03,BZX Equities (Z),181124900.000000,147028622.000000,234250156.000000,562403678.000000,11075351597.077500,8895077269.229899,18139660525.967596,38110089392.274995,2567183,964427,2739654,6271264
2026-09-02,NYSE American (A),5313341.000000,22413215.000000,5710259.000000,33436815.000000,361788480.554000,323334716.689600,412379678.218800,1097502875.462400,67137,78330,72916,218383
2026-09-02,NASDAQ Texas (B),10845646.000000,10321332.000000,23777679.000000,44944657.000000,917773155.631500,491055119.680400,1095520776.685000,2504349051.996900,161094,68347,212123,441564
2026-09-02,NYSE National (C),19078835.000000,8734931.000000,19848806.000000,47662572.000000,864342772.615800,423166224.848100,734202532.565900,2021711530.029800,247231,62381,228802,538414
2026-09-02,FINRA / Nasdaq TRF Chicago (DB),14292614.501938,8594105.860219,33910581.332764,56797301.694921,1000523749.304147,564889701.888840,2726154839.894000,4291568291.086987,129267,46212,252195,427674
2026-09-02,FINRA / NYSE TRF (DN),107683044.626832,119130017.828316,251823090.292074,478636152.747222,5837795954.545325,6350297969.178787,9540231528.390581,21728325452.114693,808147,236283,1204641,2249071
2026-09-02,FINRA / Nasdaq TRF Carteret (DQ),2174866673.410518,1360391575.463363,3868772395.089526,7404030643.963407,127736282634.960908,76678339869.690669,184742310696.546362,389156933201.197939,21595885,5639496,26556402,53791783
2026-09-02,Texas Stock Exchange (F),4490266.000000,3335755.000000,8659721.000000,16485742.000000,136483345.437500,104156141.558700,225180129.816700,465819616.812900,39482,19343,68945,127770
2026-09-02,24X National Exchange (G),1033598.000000,2135212.000000,2585549.000000,5754359.000000,63963194.530600,82797912.653200,148746370.955100,295507478.138900,10655,9470,25149,45274
2026-09-02,MIAX Pearl (H),15753631.000000,25655698.000000,57835312.000000,99244641.000000,732824945.514700,1179755476.795600,1401272803.553999,3313853225.864299,175061,132338,309147,616546
2026-09-02,EDGA Equities (J),25908872.000000,22090916.000000,118428680.000000,166428468.000000,1388628412.877600,1027499465.246300,1630322427.528700,4046450305.652600,351886,114586,499692,966164
2026-09-02,EDGX Equities (K),129856797.000000,121462002.000000,289608152.000000,540926951.000000,7339508729.763199,5902993549.453900,15649521353.174708,28892023632.391807,1402882,808282,2519067,4730231
2026-09-02,LTSE (L),468427.000000,227777.000000,1085136.000000,1781340.000000,25499549.575000,14747054.654300,29618737.844300,69865342.073600,5991,2518,32362,40871
2026-09-02,NYSE Texas (M),27661304.000000,10135672.000000,20284096.000000,58081072.000000,1789952196.460800,1710507170.868400,4366356036.284501,7866815403.613701,60660,12717,67321,140698
2026-09-02,NYSE (N),1179372476.000000,51990185.000000,123167399.000000,1354530060.000000,76879980156.077711,3015357231.351100,5478340854.041199,85373678241.470010,5944199,311420,1077550,7333169
2026-09-02,NYSE Arca (P),232379558.000000,401469500.000000,737874481.000000,1371723539.000000,13099003196.008409,26258921139.666012,29742801362.446090,69100725698.120511,2966718,2192231,6248128,11407077
2026-09-02,NASDAQ (Q),395787953.000000,225876365.000000,1463234996.000000,2084899314.000000,23857599932.394887,16514196865.585495,106242533533.357777,146614330331.338159,5839381,1644313,10631620,18115314
2026-09-02,Members Exchange (U),46514300.000000,46607349.000000,185473993.000000,278595642.000000,2673436704.426600,2306711919.849301,5521225646.467898,10501374270.743799,527126,289358,943755,1760239
2026-09-02,Investors Exchange (V),260950753.000000,113075537.000000,270900851.000000,644927141.000000,13582735944.383800,6227354068.444700,14244779320.614499,34054869333.442999,2944757,513242,2726677,6184676
2026-09-02,NASDAQ PSX (X),5632665.000000,3020566.000000,7019283.000000,15672514.000000,311754250.883300,293031134.613300,484017985.173500,1088803370.670100,67632,22038,89489,179159
2026-09-02,BYX Equities (Y),34897534.000000,23860529.000000,50842250.000000,109600313.000000,1721961448.572200,1217927932.539800,2181765766.471201,5121655147.583201,459508,163403,560313,1183224
2026-09-02,BZX Equities (Z),181420054.000000,124872520.000000,208393116.000000,514685690.000000,11061013103.021498,8016699729.489598,15348560615.592993,34426273448.104089,2584247,830185,2604815,6019247
2026-09-01,NYSE American (A),5964387.000000,23464859.000000,6127588.000000,35556834.000000,397468364.484500,425495317.338400,405022447.100300,1227986128.923200,70300,85818,68901,225019
2026-09-01,NASDAQ Texas (B),11553175.000000,10821988.000000,23042338.000000,45417501.000000,887408953.396300,536567780.552800,1093950522.790100,2517927256.739200,166306,72294,207332,445932
2026-09-01,NYSE National (C),22341434.000000,9956211.000000,19236497.000000,51534142.000000,1085149824.594500,473111445.425700,727558256.141300,2285819526.161500,285594,71763,234376,591733
2026-09-01,FINRA / Nasdaq TRF Chicago (DB),15562280.671194,9335544.635935,34643777.042744,59541602.349873,911265840.916372,593184535.815530,3008939050.751002,4513389427.482904,134249,57734,276421,468404
2026-09-01,FINRA / NYSE TRF (DN),108069147.152430,75929609.915978,198934806.107097,382933563.175505,5819896558.290042,3603857334.857923,9247593567.776914,18671347460.924879,787187,259841,1221910,2268938
2026-09-01,FINRA / Nasdaq TRF Carteret (DQ),2323267560.859356,1477438627.363945,3453944539.980723,7254650728.204024,131697169135.923642,87446836689.550521,196097752931.321642,415241758756.795805,22189530,6574801,27210612,55974943
2026-09-01,Texas Stock Exchange (F),5258390.000000,3340691.000000,9147428.000000,17746509.000000,172974210.484600,120134041.130200,275099750.084600,568208001.699400,49037,18055,79284,146376
2026-09-01,24X National Exchange (G),998310.000000,1808391.000000,2626208.000000,5432909.000000,56109293.756200,80242751.820000,164310746.665300,300662792.241500,11013,9506,27911,48430
2026-09-01,MIAX Pearl (H),16852668.000000,26884909.000000,45919258.000000,89656835.000000,687112365.395800,1230034511.029800,1373740369.124801,3290887245.550401,174195,141440,289818,605453
2026-09-01,EDGA Equities (J),26348150.000000,20931229.000000,45320121.000000,92599500.000000,1246778269.892800,1188030389.124300,1583316290.187800,4018124949.204900,349270,129499,407791,886560
2026-09-01,EDGX Equities (K),130475095.000000,138894776.000000,287992841.000000,557362712.000000,6788185324.009602,7321228313.429003,15652138631.113600,29761552268.552205,1426171,990456,2506887,4923514
2026-09-01,LTSE (L),475892.000000,149315.000000,865653.000000,1490860.000000,24548341.985000,11920187.617800,32098086.757200,68566616.360000,6335,2064,37884,46283
2026-09-01,NYSE Texas (M),24300872.000000,10035570.000000,25303259.000000,59639701.000000,1686344292.822200,1507683491.747700,5808845181.679600,9002872966.249500,80554,16036,75985,172575
2026-09-01,NYSE (N),1179127925.000000,57424689.000000,122472885.000000,1359025499.000000,74221967115.190533,3437156722.847100,5136348529.229002,82795472367.266635,5929069,349329,1013373,7291771
2026-09-01,NYSE Arca (P),236650274.000000,435686622.000000,634625459.000000,1306962355.000000,13038472480.798900,31494310679.886292,30435753882.128206,74968537042.813398,3079761,2557455,6189907,11827123
2026-09-01,NASDAQ (Q),404943145.000000,242839045.000000,1433476801.000000,2081258991.000000,24268284364.664199,18989558999.690596,115377188976.872142,158635032341.226937,5907183,1839580,10482588,18229351
2026-09-01,Members Exchange (U),47590189.000000,49852861.000000,134328834.000000,231771884.000000,2627428452.810700,2747605017.377099,5630809457.411703,11005842927.599502,559563,342713,933577,1835853
2026-09-01,Investors Exchange (V),264020222.000000,130173369.000000,256292908.000000,650486499.000000,14031304243.251804,7374972841.566000,14327069106.155702,35733346190.973506,3067589,587435,2699700,6354724
2026-09-01,NASDAQ PSX (X),6908792.000000,3853980.000000,8380913.000000,19143685.000000,364840534.987200,380593880.003800,507588413.901400,1253022828.892400,78504,26433,90210,195147
2026-09-01,BYX Equities (Y),36646880.000000,25602308.000000,51677582.000000,113926770.000000,1831176540.510200,1389869059.945800,2252831104.108800,5473876704.564800,480556,173217,542242,1196015
2026-09-01,BZX Equities (Z),180068779.000000,132811658.000000,200348829.000000,513229266.000000,10562333562.996803,8821903674.520901,15130557644.637995,34514794882.155699,2566481,905030,2500564,5972075
2026-08-31,NYSE American (A),7682429.000000,27774277.000000,7379604.000000,42836310.000000,407849306.888800,454496388.641800,413619626.434200,1275965321.964800,81428,99866,83428,264722
2026-08-31,NASDAQ Texas (B),9819633.000000,9482973.000000,22545156.000000,41847762.000000,818921549.290300,488093559.283400,1155549360.286500,2462564468.860200,149078,67509,207992,424579
2026-08-31,NYSE National (C),20157025.000000,8817481.000000,18466075.000000,47440581.000000,896209096.022000,440654135.384700,812063964.218100,2148927195.624800,261201,66463,226513,554177
2026-08-31,FINRA / Nasdaq TRF Chicago (DB),12369954.223101,7926539.900510,29174270.839871,49470764.963482,698648129.942808,443694131.743323,2611214446.972990,3753556708.659121,118899,46622,241769,407290
2026-08-31,FINRA / NYSE TRF (DN),96394036.247158,76096595.439103,224314648.935237,396805280.621498,5198300212.868580,3681027085.944138,8949053460.748479,17828380759.561197,776772,291669,1198807,2267248
2026-08-31,FINRA / Nasdaq TRF Carteret (DQ),2375444924.831153,1320508355.004096,3813678018.011720,7509631297.846969,142269772692.534603,73862127991.547936,204509629179.390596,420641529863.473135,19241688,5740338,24841344,49823370
2026-08-31,Texas Stock Exchange (F),4113898.000000,3556421.000000,9567404.000000,17237723.000000,96036545.052700,104279972.406800,192356153.770000,392672671.229500,32191,14717,64287,111195
2026-08-31,24X National Exchange (G),1017373.000000,2013400.000000,2974466.000000,6005239.000000,53025232.721500,74862883.924200,121982236.188900,249870352.834600,11010,9063,26406,46479
2026-08-31,MIAX Pearl (H),15474756.000000,23919454.000000,62435966.000000,101830176.000000,648879637.391400,1119636738.253600,1393012557.539000,3161528933.184000,162912,121561,324603,609076
2026-08-31,EDGA Equities (J),24260914.000000,22620770.000000,72870507.000000,119752191.000000,1297763784.570200,1071807788.401300,1794313469.615001,4163885042.586501,334113,121811,490780,946704
2026-08-31,EDGX Equities (K),117898355.000000,119057615.000000,283358826.000000,520314796.000000,6005115585.417797,5853090851.165505,14674997889.062399,26533204325.645701,1341128,751255,2407572,4499955
2026-08-31,LTSE (L),316158.000000,249171.000000,765048.000000,1330377.000000,15234946.220000,12553445.735200,19839910.228900,47628302.184100,4756,2169,14759,21684
2026-08-31,NYSE Texas (M),21085229.000000,13090383.000000,29620192.000000,63795804.000000,1350768388.990600,1426095670.753800,8880113108.671596,11656977168.415996,55578,11226,60442,127246
2026-08-31,NYSE (N),1736348362.000000,53231775.000000,120073697.000000,1909653834.000000,123529110878.660846,3136159813.781200,5016747646.629902,131682018339.071948,5760126,319746,987647,7067519
2026-08-31,NYSE Arca (P),229976426.000000,423770740.000000,801949495.000000,1455696661.000000,12128086620.774700,27991440904.437504,27734975005.660299,67854502530.872503,2928180,2181892,6365843,11475915
2026-08-31,NASDAQ (Q),392906729.000000,218044000.000000,1859345219.000000,2470295948.000000,22444330062.696703,16278075027.438012,161888486405.850802,200610891495.985517,5694057,1587335,10122073,17403465
2026-08-31,Members Exchange (U),45635023.000000,54893355.000000,169238566.000000,269766944.000000,2289552257.328499,2385635309.137099,5242791575.956699,9917979142.422297,526790,286929,957814,1771533
2026-08-31,Investors Exchange (V),255368667.000000,111414179.000000,249135905.000000,615918751.000000,12964437994.203697,6096599638.174501,13623420195.804302,32684457828.182500,2959893,495528,2622210,6077631
2026-08-31,NASDAQ PSX (X),5770192.000000,3256589.000000,6963064.000000,15989845.000000,371793545.625900,364267987.835500,573957567.105600,1310019100.567000,70844,23437,88855,183136
2026-08-31,BYX Equities (Y),32710645.000000,22713245.000000,45059856.000000,100483746.000000,1649987034.520800,1225944242.204400,2128386114.652799,5004317391.377999,438605,156974,526606,1122185
2026-08-31,BZX Equities (Z),170596084.000000,121279043.000000,196980634.000000,488855761.000000,10130534540.296902,8333744108.959696,14577520168.178093,33041798817.434691,2558682,782004,2467609,5808295
2026-08-28,NYSE American (A),7683856.000000,21995279.000000,7130082.000000,36809217.000000,424535607.998500,403417541.129200,505262677.651800,1333215826.779500,77595,99078,86501,263174
2026-08-28,NASDAQ Texas (B),9810321.000000,10432351.000000,17742136.000000,37984808.000000,674385843.675800,559614223.291200,1089540937.756700,2323541004.723700,139484,71555,200300,411339
2026-08-28,NYSE National (C),16598522.000000,10844497.000000,17851452.000000,45294471.000000,662254827.893300,495067335.303200,770818726.848400,1928140890.044900,220710,75721,221012,517443
2026-08-28,FINRA / Nasdaq TRF Chicago (DB),13240298.248837,11124485.093477,36887973.869314,61252757.211628,800642298.988022,609616440.823514,3240000875.569536,4650259615.381072,118183,55263,277209,450655
2026-08-28,FINRA / NYSE TRF (DN),98985494.136019,83938418.758209,367426716.552666,550350629.446894,5152296732.792711,2946129939.966662,10737134849.340190,18835561522.099563,740690,285498,1433399,2459587
2026-08-28,FINRA / Nasdaq TRF Carteret (DQ),1944167239.703445,1465301891.018563,4488985466.657558,7898454597.379566,108079545929.228917,78396452644.488092,198104988217.072790,384580986790.789799,17863660,6109864,25994795,49968319
2026-08-28,Texas Stock Exchange (F),3494795.000000,2539800.000000,6067271.000000,12101866.000000,93285239.763300,85600711.143600,203223742.753200,382109693.660100,24827,10205,39271,74303
2026-08-28,24X National Exchange (G),1093003.000000,2070135.000000,2765533.000000,5928671.000000,53866590.636200,90523348.649700,160692151.994700,305082091.280600,10015,10506,29612,50133
2026-08-28,MIAX Pearl (H),15089944.000000,31413974.000000,57492665.000000,103996583.000000,622838774.292300,1418993560.501500,1639882095.626999,3681714430.420799,157521,164839,335286,657646
2026-08-28,EDGA Equities (J),23974103.000000,23437382.000000,93113336.000000,140524821.000000,1126859460.953900,1227019653.283100,1791553482.472401,4145432596.709401,302896,145816,501015,949727
2026-08-28,EDGX Equities (K),120433355.000000,144816273.000000,346945736.000000,612195364.000000,6062587096.387597,7261702693.308797,18124859103.207595,31449148892.903989,1349708,1050442,2715124,5115274
2026-08-28,LTSE (L),531863.000000,226230.000000,842951.000000,1601044.000000,31332699.945000,13605060.191000,28913383.532700,73851143.668700,13448,2325,17399,33172
2026-08-28,NYSE Texas (M),16509499.000000,11783360.000000,28772350.000000,57065209.000000,2202838675.779700,1355187229.882600,7103325792.538201,10661351698.200501,27174,9844,34729,71747
2026-08-28,NYSE (N),1018356184.000000,61545685.000000,114887776.000000,1194789645.000000,66023160574.118820,3717614017.739000,5480811317.539204,75221585909.397024,5549430,391375,1043560,6984365
2026-08-28,NYSE Arca (P),219400553.000000,459954983.000000,964013477.000000,1643369013.000000,11627060812.226499,30576441327.631907,33477839760.522889,75681341900.381295,2848965,2699321,7000908,12549194
2026-08-28,NASDAQ (Q),376596852.000000,266635604.000000,1447527245.000000,2090759701.000000,21902598866.371597,20320445949.971899,119674085508.998135,161897130325.341631,5618414,2075425,10740811,18434650
2026-08-28,Members Exchange (U),43864837.000000,64748352.000000,240751799.000000,349364988.000000,2319291915.604800,3042725523.310301,6832588487.282399,12194605926.197500,503556,370217,1133353,2007126
2026-08-28,Investors Exchange (V),243824593.000000,124100798.000000,259459589.000000,627384980.000000,12810638605.924699,6424429363.746398,15776255589.983599,35011323559.654696,2839369,568559,2788017,6195945
2026-08-28,NASDAQ PSX (X),5579397.000000,4299479.000000,7745507.000000,17624383.000000,357567266.216400,424333714.877200,630275746.345600,1412176727.439200,79695,32412,106212,218319
2026-08-28,BYX Equities (Y),29861132.000000,26566452.000000,45071346.000000,101498930.000000,1303190896.184800,1460248406.582100,2129533088.879100,4892972391.646000,384934,195241,514314,1094489
2026-08-28,BZX Equities (Z),170794294.000000,146246766.000000,216673018.000000,533714078.000000,9854375870.290804,9579799556.938595,17641772484.570193,37075947911.799592,2506084,1037062,2719805,6262951
2026-08-27,NYSE American (A),5301687.000000,24577390.000000,6208975.000000,36088052.000000,330549485.329300,336244248.415500,490865929.153100,1157659662.897900,64480,98939,74408,237827
2026-08-27,NASDAQ Texas (B),10235123.000000,9694547.000000,19379410.000000,39309080.000000,809960606.522600,450706136.023100,1262703777.372300,2523370519.918000,156561,68228,219864,444653
2026-08-27,NYSE National (C),17215897.000000,8653468.000000,19789647.000000,45659012.000000,785040686.189900,386640845.551700,815156951.019400,1986838482.761000,242870,66575,234797,544242
2026-08-27,FINRA / Nasdaq TRF Chicago (DB),12987890.457364,9390450.574810,36684100.233914,59062441.266088,858572149.485097,501118970.616367,3296033689.564929,4655724809.666393,124332,48574,293066,465972
2026-08-27,FINRA / NYSE TRF (DN),102923956.361775,95316896.480967,242014336.431136,440255189.273878,5748218246.913883,2681833834.644782,11084910344.283088,19514962425.841753,751546,339185,1414714,2505445
2026-08-27,FINRA / Nasdaq TRF Carteret (DQ),2036576197.930573,1606296010.162738,3812236339.012703,7455108547.106014,125136292343.305237,71654539524.696065,220377104543.068301,417167936411.069603,18800250,5941161,26583274,51324685
2026-08-27,Texas Stock Exchange (F),3025432.000000,3380325.000000,6579477.000000,12985234.000000,83229434.475000,69803206.083000,212074494.952500,365107135.510500,23017,7912,37388,68317
2026-08-27,24X National Exchange (G),1070754.000000,2655041.000000,3217710.000000,6943505.000000,58143815.230800,87189399.022000,184978629.736500,330311843.989300,11366,11997,32756,56119
2026-08-27,MIAX Pearl (H),14986275.000000,35344087.000000,54713806.000000,105044168.000000,677816867.144800,1108480618.334300,1631787038.212100,3418084523.691200,164223,164232,356579,685034
2026-08-27,EDGA Equities (J),24141579.000000,30312074.000000,53226420.000000,107680073.000000,1201598670.574400,1027057337.855300,1896730737.595000,4125386746.024700,309545,161544,461779,932868
2026-08-27,EDGX Equities (K),120201360.000000,154980284.000000,357227453.000000,632409097.000000,6583791819.439202,5986240563.614402,20225273340.591111,32795305723.644715,1350290,1004304,2969362,5323956
2026-08-27,LTSE (L),404473.000000,203139.000000,679671.000000,1287283.000000,22312431.350000,11939707.858300,28870172.386500,63122311.594800,6913,2748,19904,29565
2026-08-27,NYSE Texas (M),17389337.000000,16919299.000000,25790633.000000,60099269.000000,1260554175.948900,1938434038.422400,5268928753.778500,8467916968.149800,39034,12062,47875,98971
2026-08-27,NYSE (N),1037888448.000000,50484266.000000,132127869.000000,1220500583.000000,72167359443.264112,2921267684.315801,6060223478.385898,81148850605.965811,5541662,339773,1093338,6974773
2026-08-27,NYSE Arca (P),223446285.000000,499879971.000000,803085713.000000,1526411969.000000,13293634100.999003,25623355078.429605,38297013011.099809,77214002190.528417,2991935,2609366,7274808,12876109
2026-08-27,NASDAQ (Q),370671478.000000,236096088.000000,1470394712.000000,2077162278.000000,23238592660.747912,15253375167.670494,131726921811.713526,170218889640.131932,5485743,1760433,11432019,18678195
2026-08-27,Members Exchange (U),42745321.000000,76792259.000000,166814231.000000,286351811.000000,2545083664.923800,2517384165.854301,7258053453.141597,12320521283.919698,514840,384514,1096984,1996338
2026-08-27,Investors Exchange (V),249612013.000000,106351674.000000,267526035.000000,623489722.000000,13685068299.126703,5675945216.873601,16212958032.721000,35573971548.721304,2939364,524400,2888185,6351949
2026-08-27,NASDAQ PSX (X),4558737.000000,2676513.000000,6825403.000000,14060653.000000,288025018.382000,276529158.999400,573266772.728100,1137820950.109500,62025,22132,96732,180889
2026-08-27,BYX Equities (Y),32277021.000000,24496491.000000,44626973.000000,101400485.000000,1553621190.595500,1105974286.629800,2366530700.703999,5026126177.929299,432170,169617,547640,1149427
2026-08-27,BZX Equities (Z),167849839.000000,135516058.000000,236323037.000000,539688934.000000,10837520455.632504,7710620229.443997,18606924665.863010,37155065350.939511,2478162,934111,2902205,6314478
2026-08-26,NYSE American (A),4711873.000000,24051698.000000,5161178.000000,33924749.000000,318426018.546800,306461223.991200,387765752.499600,1012652995.037600,59617,87360,63237,210214
2026-08-26,NASDAQ Texas (B),10109402.000000,8778301.000000,17906494.000000,36794197.000000,766775323.822200,415077110.507800,1040154946.703400,2222007381.033400,148883,62309,199452,410644
2026-08-26,NYSE National (C),15779452.000000,7511302.000000,16745735.000000,40036489.000000,772810302.141800,336711610.204500,698387582.337900,1807909494.684200,220529,57393,205221,483143
2026-08-26,FINRA / Nasdaq TRF Chicago (DB),12397457.545653,8040816.358632,27558035.858838,47996309.763123,769323225.694088,375026254.344675,2394102256.542259,3538451736.581022,105832,38085,217292,361209
2026-08-26,FINRA / NYSE TRF (DN),92125356.749097,96711703.145743,218063812.837144,406900872.731984,5198594226.929375,2556796980.000457,9321150560.510068,17076541767.439900,708250,258142,1245982,2212374
2026-08-26,FINRA / Nasdaq TRF Carteret (DQ),1923798171.439830,1792407232.359799,3717590718.297924,7433796122.097553,114749039504.292640,65500216422.475078,179758836308.694315,360008092235.462033,19380948,5344027,25221810,49946785
2026-08-26,Texas Stock Exchange (F),3622658.000000,1787440.000000,5884819.000000,11294917.000000,104077104.492400,38844525.005000,140105992.117900,283027621.615300,26786,5712,32352,64850
2026-08-26,24X National Exchange (G),882657.000000,1451287.000000,2599212.000000,4933156.000000,50605778.041800,55412958.769800,150324981.076800,256343717.888400,9418,7644,26061,43123
2026-08-26,MIAX Pearl (H),14337084.000000,27705208.000000,51194574.000000,93236866.000000,636602565.121400,891414132.677500,1326056316.689400,2854073014.488300,161024,121876,316576,599476
2026-08-26,EDGA Equities (J),23899677.000000,41474815.000000,73951426.000000,139325918.000000,1198414470.414300,893821007.491800,1614743832.337000,3706979310.243100,307222,140319,431471,879012
2026-08-26,EDGX Equities (K),107660725.000000,133191551.000000,325209561.000000,566061837.000000,5786806944.506899,5146254889.989499,15567332616.628601,26500394451.124999,1237331,807960,2569233,4614524
2026-08-26,LTSE (L),392188.000000,344781.000000,587257.000000,1324226.000000,23894126.180000,12439870.594300,25252224.264100,61586221.038400,5702,2152,19609,27463
2026-08-26,NYSE Texas (M),21807914.000000,14653356.000000,28807902.000000,65269172.000000,2363935748.478400,1491424969.805600,4177404897.255299,8032765615.539299,24826,8850,32192,65868
2026-08-26,NYSE (N),974501576.000000,42915067.000000,99042871.000000,1116459514.000000,65562143604.527504,2441187808.090500,4464823362.523102,72468154775.141106,5150236,277452,917830,6345518
2026-08-26,NYSE Arca (P),201708351.000000,433931616.000000,916131895.000000,1551771862.000000,11764739414.449697,23565679615.952887,32198550609.855120,67528969640.257704,2765183,2199101,6658173,11622457
2026-08-26,NASDAQ (Q),344104555.000000,203031289.000000,1279146839.000000,1826282683.000000,21643103639.518297,13164517971.241704,101251352183.985044,136058973794.745045,5220125,1505117,9733664,16458906
2026-08-26,Members Exchange (U),39596724.000000,89622382.000000,159182914.000000,288402020.000000,2231737698.908301,1999500463.372100,5576560617.800102,9807798780.080503,476563,314878,914956,1706397
2026-08-26,Investors Exchange (V),229659756.000000,91861648.000000,237811088.000000,559332492.000000,12599653058.218102,4679827353.580300,13579651255.827499,30859131667.625901,2759399,440403,2539415,5739217
2026-08-26,NASDAQ PSX (X),4497561.000000,2808973.000000,6085733.000000,13392267.000000,287957534.251300,245532109.409400,464563992.280800,998053635.941500,59075,20055,75860,154990
2026-08-26,BYX Equities (Y),30679848.000000,21515791.000000,41014402.000000,93210041.000000,1572325415.597800,954814250.347300,2100152787.908400,4627292453.853500,413638,149465,511564,1074667
2026-08-26,BZX Equities (Z),156095736.000000,113693194.000000,203373743.000000,473162673.000000,9628368696.347905,6595446397.182500,12954423798.080495,29178238891.610900,2306412,790755,2322864,5420031
2026-08-25,NYSE American (A),4541627.000000,22710642.000000,5521757.000000,32774026.000000,274118204.344500,354303640.086200,370401302.517000,998823146.947700,55459,96499,65389,217347
2026-08-25,NASDAQ Texas (B),9416037.000000,8469636.000000,18657254.000000,36542927.000000,665211329.456700,456339533.745400,970825857.095900,2092376720.298000,133047,64222,193590,390859
2026-08-25,NYSE National (C),15299479.000000,8376917.000000,17863591.000000,41539987.000000,666116184.652000,412360999.326900,692188773.953600,1770665957.932500,192733,61289,190832,444854
2026-08-25,FINRA / Nasdaq TRF Chicago (DB),12204287.696156,7883019.584009,31284209.233222,51371516.513387,732032283.975837,432773355.766849,2441595238.237424,3606400877.980110,108189,43714,233498,385401
2026-08-25,FINRA / NYSE TRF (DN),103722780.509726,66137648.396192,249657309.463746,419517738.369664,5610039015.014325,2560390183.935867,9453262297.561729,17623691496.511921,736757,315703,1354419,2406879
2026-08-25,FINRA / Nasdaq TRF Carteret (DQ),1992351130.236040,1310006002.587590,3894872766.252091,7197229899.075721,112486780993.460069,67870973620.261098,180310289060.077945,360668043673.799112,19525656,5577706,25970645,51074007
2026-08-25,Texas Stock Exchange (F),2831663.000000,1793000.000000,4845579.000000,9470242.000000,75339033.290000,51028343.690000,125457617.064300,251824994.044300,19439,7032,26199,52670
2026-08-25,24X National Exchange (G),814263.000000,1635506.000000,2605701.000000,5055470.000000,47764097.940600,67956756.238500,162222431.695100,277943285.874200,10900,8916,27537,47353
2026-08-25,MIAX Pearl (H),14133019.000000,25458342.000000,72972361.000000,112563722.000000,636700833.026100,1146500808.489500,1435225416.386000,3218427057.901600,152160,135147,448693,736000
2026-08-25,EDGA Equities (J),22443154.000000,18520425.000000,74860983.000000,115824562.000000,1101921454.153400,1012637118.973400,1437988158.536800,3552546731.663600,300320,114679,461273,876272
2026-08-25,EDGX Equities (K),111708442.000000,120232955.000000,324244294.000000,556185691.000000,5892740827.471501,5861610168.802300,14638162545.791309,26392513542.065110,1246151,868767,2577577,4692495
2026-08-25,LTSE (L),466079.000000,381313.000000,680101.000000,1527493.000000,28215328.435000,20290964.282500,23194588.940100,71700881.657600,5937,4651,19034,29622
2026-08-25,NYSE Texas (M),22886419.000000,12561864.000000,31662980.000000,67111263.000000,2187650247.817900,1659813194.457400,4510033821.499699,8357497263.774999,40737,9229,45814,95780
2026-08-25,NYSE (N),1002527679.000000,51148838.000000,115470682.000000,1169147199.000000,65111979917.109384,3064076446.269300,4675414032.000800,72851470395.379484,5090903,326675,955937,6373515
2026-08-25,NYSE Arca (P),206153253.000000,384528349.000000,865709085.000000,1456390687.000000,11724530562.910499,24811558736.975699,28341733375.128505,64877822675.014703,2770480,2213423,6977916,11961819
2026-08-25,NASDAQ (Q),353362774.000000,214079928.000000,1372694860.000000,1940137562.000000,21677443384.646802,15559589651.284990,99776555764.527027,137013588800.458819,5246465,1629251,9863378,16739094
2026-08-25,Members Exchange (U),40988825.000000,41532748.000000,172402342.000000,254923915.000000,2218314906.565901,2301381409.268801,5155755098.996796,9675451414.831498,472558,306852,995518,1774928
2026-08-25,Investors Exchange (V),231774246.000000,104636915.000000,252506010.000000,588917171.000000,12625958488.604106,5581495283.946401,13241735484.075300,31449189256.625807,2750203,494185,2573289,5817677
2026-08-25,NASDAQ PSX (X),4760335.000000,2649384.000000,6115793.000000,13525512.000000,352833680.552700,272534650.356000,464446950.244600,1089815281.153300,71805,21610,85678,179093
2026-08-25,BYX Equities (Y),29617763.000000,22980008.000000,43800827.000000,96398598.000000,1347339918.167100,1168011587.969500,1951420338.650000,4466771844.786600,375346,160196,491789,1027331
2026-08-25,BZX Equities (Z),159360770.000000,118658465.000000,203764528.000000,481783763.000000,9794003506.309699,7413581128.856697,13201487400.866398,30409072036.032794,2323437,837051,2379320,5539808
2026-08-24,NYSE American (A),6296265.000000,24288084.000000,7110807.000000,37695156.000000,387552675.062900,390838118.077200,473580768.870000,1251971562.010100,83903,95131,85666,264700
2026-08-24,NASDAQ Texas (B),9477472.000000,9589170.000000,17762030.000000,36828672.000000,697373277.064700,517201915.346800,1052654002.296900,2267229194.708400,142694,70353,209085,422132
2026-08-24,NYSE National (C),16945603.000000,9331188.000000,19651390.000000,45928181.000000,845251441.261900,451175374.163900,902278461.644600,2198705277.070400,224973,72505,227654,525132
2026-08-24,FINRA / Nasdaq TRF Chicago (DB),15189319.033453,10819467.190962,35459280.750871,61468066.975286,832289261.317261,526084228.977475,3014996785.820722,4373370276.115458,133046,57833,289384,480263
2026-08-24,FINRA / NYSE TRF (DN),107860730.646527,72544192.133116,251305078.601975,431710001.381618,5559936182.387117,3682759316.858335,10050036076.483610,19292731575.729062,751736,354137,1416538,2522411
2026-08-24,FINRA / Nasdaq TRF Carteret (DQ),2081776490.163058,1276888274.664879,3773741943.156820,7132406707.984757,118182470621.565884,72298349427.728587,201340993723.848056,391821813773.142527,20896679,6525357,29670414,57092450
2026-08-24,Texas Stock Exchange (F),2427261.000000,4184790.000000,5453234.000000,12065285.000000,56975002.920000,58947277.420000,125286423.061700,241208703.401700,13968,5965,24745,44678
2026-08-24,24X National Exchange (G),862097.000000,1856156.000000,2716100.000000,5434353.000000,44994657.259300,79178139.868700,158485815.099800,282658612.227800,9524,10866,28979,49369
2026-08-24,MIAX Pearl (H),14066467.000000,27749285.000000,49109488.000000,90925240.000000,591726901.339200,1169656627.489000,1532215754.893400,3293599283.721600,156216,156499,333400,646115
2026-08-24,EDGA Equities (J),23033538.000000,18255661.000000,64641977.000000,105931176.000000,1134317341.324500,1062802824.071100,1620928435.631200,3818048601.026800,314243,133023,457264,904530
2026-08-24,EDGX Equities (K),115347586.000000,139933125.000000,317718646.000000,572999357.000000,5741897046.661102,6476022347.431802,17347574429.273404,29565493823.366308,1273270,1061540,2750254,5085064
2026-08-24,LTSE (L),504707.000000,178749.000000,707563.000000,1391019.000000,28862701.485000,13182621.610000,28114314.244800,70159637.339800,6189,3358,18458,28005
2026-08-24,NYSE Texas (M),19387716.000000,14006984.000000,35365388.000000,68760088.000000,2208484778.531600,3161042614.308001,6664037359.364001,12033564752.203602,31665,10659,36540,78864
2026-08-24,NYSE (N),1052053709.000000,57265863.000000,111968261.000000,1221287833.000000,68103649348.785700,3263378746.071199,5496663510.672602,76863691605.529501,5330046,370279,992466,6692791
2026-08-24,NYSE Arca (P),216278124.000000,444183332.000000,772155484.000000,1432616940.000000,11703308778.401097,27953777302.431714,32704249923.567608,72361336004.400419,2827461,2663265,6954787,12445513
2026-08-24,NASDAQ (Q),363530489.000000,249661222.000000,1460052566.000000,2073244277.000000,21987359343.787000,16373312313.693210,114996490578.318555,153357162235.798765,5487320,1943988,10880182,18311490
2026-08-24,Members Exchange (U),42850141.000000,47836557.000000,162171084.000000,252857782.000000,2252877927.933800,2560173715.710400,5720960033.082997,10534011676.727197,494329,354175,1016739,1865243
2026-08-24,Investors Exchange (V),239684827.000000,112270244.000000,254207567.000000,606162638.000000,13011395642.231302,5846437721.586998,14522952773.218202,33380786137.036502,2848424,555966,2750343,6154733
2026-08-24,NASDAQ PSX (X),4295961.000000,3148202.000000,6065411.000000,13509574.000000,257063507.087400,321913665.815300,503309722.128900,1082286895.031600,57300,25368,82785,165453
2026-08-24,BYX Equities (Y),30445841.000000,25746005.000000,45101815.000000,101293661.000000,1451570329.439700,1193405573.413500,2164092589.905000,4809068492.758200,407774,178057,535158,1120989
2026-08-24,BZX Equities (Z),172317137.000000,138930284.000000,222748472.000000,533995893.000000,10360639080.900904,8291967727.484305,16751962412.525090,35404569220.910299,2504086,985763,2664804,6154653
2026-08-21,NYSE American (A),5353369.000000,39066429.000000,6353159.000000,50772957.000000,325932034.714300,424854057.187600,365928234.813200,1116714326.715100,64530,87732,75148,227410
2026-08-21,NASDAQ Texas (B),9528517.000000,10917102.000000,19231701.000000,39677320.000000,759163933.264400,503604063.792500,1091324432.655300,2354092429.712200,142279,69610,209095,420984
2026-08-21,NYSE National (C),16994219.000000,10089769.000000,19631976.000000,46715964.000000,818961384.509500,446043957.826600,823817768.768200,2088823111.104300,222165,67340,220235,509740
2026-08-21,FINRA / Nasdaq TRF Chicago (DB),12740368.962203,11426012.298299,35902252.057439,60068633.317941,716950355.909263,512851587.338174,2836447659.471263,4066249602.718700,113190,50429,268896,432515
2026-08-21,FINRA / NYSE TRF (DN),117443458.715173,81393467.322409,246611707.397846,445448633.435428,6216447410.213467,3596121517.363895,11446501812.300518,21259070739.877880,744361,332420,1288821,2365602
2026-08-21,FINRA / Nasdaq TRF Carteret (DQ),1975660753.483427,1464217899.785083,3608021056.579163,7047899709.847673,115817711524.192997,82281651863.156337,198080162163.079900,396179525550.429234,19851054,5984891,26469072,52305017
2026-08-21,Texas Stock Exchange (F),3343207.000000,2117432.000000,6685425.000000,12146064.000000,88163298.162800,46090266.025000,127251488.050800,261505052.238600,21735,5120,33217,60072
2026-08-21,24X National Exchange (G),841905.000000,2186286.000000,3596135.000000,6624326.000000,49295018.872300,86767664.886500,167344847.260300,303407531.019100,9312,11393,32513,53218
2026-08-21,MIAX Pearl (H),15681917.000000,28388617.000000,51253284.000000,95323818.000000,654936924.634500,1191895446.554300,1699860790.706100,3546693161.894900,168089,146938,342617,657644
2026-08-21,EDGA Equities (J),21167210.000000,19729527.000000,53925232.000000,94821969.000000,1070411529.580000,950806066.338200,1569488311.069800,3590705906.988000,288893,121696,408808,819397
2026-08-21,EDGX Equities (K),119927906.000000,154995549.000000,338809956.000000,613733411.000000,6255481515.528301,6641079811.826097,17745031529.777490,30641592857.131888,1332414,1003082,2833268,5168764
2026-08-21,LTSE (L),440943.000000,181884.000000,1226800.000000,1849627.000000,23702179.070000,11293890.449700,45527847.445000,80523916.964700,5934,3058,17922,26914
2026-08-21,NYSE Texas (M),38209710.000000,32804012.000000,77966622.000000,148980344.000000,4247909804.066901,4847299877.229198,15510170167.551404,24605379848.847503,51373,14929,61287,127589
2026-08-21,NYSE (N),1169194290.000000,59850850.000000,123522994.000000,1352568134.000000,81152973801.539217,3257965070.216201,5287105975.078201,89698044846.833619,5273832,336428,1021455,6631715
2026-08-21,NYSE Arca (P),214696428.000000,474823839.000000,698694517.000000,1388214784.000000,11615295224.762603,27886557199.035418,31641619829.420101,71143472253.218122,2792015,2491174,6639711,11922900
2026-08-21,NASDAQ (Q),379254034.000000,257664665.000000,1601143878.000000,2238062577.000000,23308848684.960985,17026620998.199201,120681785526.089089,161017255209.249275,5606793,1861193,10926646,18394632
2026-08-21,Members Exchange (U),41769037.000000,61457289.000000,143950849.000000,247177175.000000,2395102553.261800,2684344042.207100,6206481453.753197,11285928049.222097,504947,361667,1023339,1889953
2026-08-21,Investors Exchange (V),248304455.000000,131789428.000000,279195729.000000,659289612.000000,13635685860.154697,6378137015.003900,15323444155.809601,35337267030.968198,2915414,581681,2832138,6329233
2026-08-21,NASDAQ PSX (X),4502450.000000,3262515.000000,6770118.000000,14535083.000000,307315529.419700,315109710.022900,532293205.476600,1154718444.919200,62655,24183,90490,177328
2026-08-21,BYX Equities (Y),29620048.000000,25413373.000000,44660405.000000,99693826.000000,1475035115.379000,1164667512.349300,2064140381.552200,4703843009.280500,396528,175006,531398,1102932
2026-08-21,BZX Equities (Z),169006139.000000,146714945.000000,242456714.000000,558177798.000000,10449316165.675598,8275131005.039297,17497890672.721814,36222337843.436709,2482130,935828,2808111,6226069
2026-08-20,NYSE American (A),6431136.000000,26851812.000000,7085953.000000,40368901.000000,427866576.974500,377303096.730800,579128605.847600,1384298279.552900,82058,100307,91475,273840
2026-08-20,NASDAQ Texas (B),10863600.000000,12653255.000000,20863000.000000,44379855.000000,772025250.456100,508873669.098400,1105035315.785600,2385934235.340100,150631,70825,217851,439307
2026-08-20,NYSE National (C),17211819.000000,11247374.000000,21945427.000000,50404620.000000,710371904.724900,467262248.990100,856030433.697600,2033664587.412600,211700,72334,218169,502203
2026-08-20,FINRA / Nasdaq TRF Chicago (DB),13788334.441259,12578834.455733,39056437.629201,65423606.526193,733299169.038639,535346837.532536,2906013602.648130,4174659609.219305,118636,51122,282530,452288
2026-08-20,FINRA / NYSE TRF (DN),108542286.266237,86560082.750679,255244136.238426,450346505.255342,5982991686.907836,3341511575.526692,10437828132.162656,19762331394.597184,778054,345238,1341751,2465043
2026-08-20,FINRA / Nasdaq TRF Carteret (DQ),2260183955.725947,1650206018.926666,4074152498.498016,7984542473.150629,131537079279.229412,80939758695.414917,207913954262.736187,420390792237.380516,20926975,6495924,27961941,55384840
2026-08-20,Texas Stock Exchange (F),3989999.000000,1640308.000000,6627866.000000,12258173.000000,87986397.798400,42827452.025000,155940192.124200,286754041.947600,22351,5741,32967,61059
2026-08-20,24X National Exchange (G),1092844.000000,2615877.000000,3982877.000000,7691598.000000,64998692.308300,92092187.747500,204550141.358500,361641021.414300,10774,12212,35473,58459
2026-08-20,MIAX Pearl (H),16626453.000000,36738277.000000,67453933.000000,120818663.000000,750291598.514400,1353734777.374100,1771915813.861300,3875942189.749800,180053,170462,394295,744810
2026-08-20,EDGA Equities (J),25060052.000000,34031625.000000,72303433.000000,131395110.000000,1194735343.287200,1078726260.414400,1681463791.351702,3954925395.053302,332401,170816,469252,972469
2026-08-20,EDGX Equities (K),125718981.000000,168536272.000000,437435100.000000,731690353.000000,6384580339.920700,7771767895.128900,17786464383.780607,31942812618.830207,1383898,1111787,3050139,5545824
2026-08-20,LTSE (L),463949.000000,330924.000000,899580.000000,1694453.000000,27060273.140000,13607097.191800,32923138.332000,73590508.663800,6612,3085,20123,29820
2026-08-20,NYSE Texas (M),29063369.000000,13004694.000000,30538982.000000,72607045.000000,2862357278.505201,1483028694.074900,5788490744.832897,10133876717.412998,44018,12921,51695,108634
2026-08-20,NYSE (N),1062158860.000000,67282356.000000,134306476.000000,1263747692.000000,70495187148.441693,3857223967.877900,5727685655.928799,80080096772.248392,5712381,397228,1135645,7245254
2026-08-20,NYSE Arca (P),243700827.000000,510679964.000000,968556347.000000,1722937138.000000,12815545358.592107,30248328799.098599,35254677693.870123,78318551851.560829,3121494,2763728,7656036,13541258
2026-08-20,NASDAQ (Q),419654202.000000,290784224.000000,1600386823.000000,2310825249.000000,25425993488.524212,19794443773.772190,116719088052.872771,161939525315.169173,6245537,2046488,11948956,20240981
2026-08-20,Members Exchange (U),49300934.000000,74533669.000000,193080995.000000,316915598.000000,2741024854.054501,3053897000.661701,6380724214.308301,12175646069.024503,579352,422083,1164099,2165534
2026-08-20,Investors Exchange (V),277720357.000000,147286305.000000,292700708.000000,717707370.000000,14367352000.521701,7145574120.956002,16112631101.221900,37625557222.699603,3072025,629645,2977571,6679241
2026-08-20,NASDAQ PSX (X),5540003.000000,3856578.000000,6876764.000000,16273345.000000,343989787.687700,363842438.005600,569699513.064700,1277531738.758000,69664,25473,96401,191538
2026-08-20,BYX Equities (Y),35171317.000000,31138259.000000,50081743.000000,116391319.000000,1539365797.003600,1327930919.163000,2292407549.395101,5159704265.561701,410810,191304,554704,1156818
2026-08-20,BZX Equities (Z),194363782.000000,165688669.000000,254818285.000000,614870736.000000,11684555863.244102,9746695647.960801,16714192410.649187,38145443921.854090,2745759,1067753,2875230,6688742
2026-08-19,NYSE American (A),7238690.000000,23807267.000000,8336830.000000,39382787.000000,463811884.708900,453309697.062600,656571749.774700,1573693331.546200,81228,91689,98677,271594
2026-08-19,NASDAQ Texas (B),12226036.000000,13805927.000000,23967792.000000,49999755.000000,989998651.863900,650077093.312300,1545625305.279300,3185701050.455500,171306,82180,259059,512545
2026-08-19,NYSE National (C),20718715.000000,14214758.000000,24814275.000000,59747748.000000,966463918.793100,580731196.240200,1140997865.788800,2688192980.822100,255906,82407,256370,594683
2026-08-19,FINRA / Nasdaq TRF Chicago (DB),15792712.386114,13666944.491332,39456812.242634,68916469.120080,904647280.172783,607565235.281768,3545171569.207473,5057384084.662024,136926,62017,341480,540423
2026-08-19,FINRA / NYSE TRF (DN),118629454.863298,99603857.324136,275300133.448685,493533445.636119,6852812427.518994,4390653944.974077,14261113199.112321,25504579571.605392,847795,462159,1708683,3018637
2026-08-19,FINRA / Nasdaq TRF Carteret (DQ),2454584275.078905,1745680196.284380,4126646434.284133,8326910905.647418,141535728312.021987,91832462844.546304,237810800175.077144,471178991331.645435,22298213,6718234,31368179,60384626
2026-08-19,Texas Stock Exchange (F),4049519.000000,2874116.000000,7719206.000000,14642841.000000,109314799.135000,69635917.580000,204200237.489700,383150954.204700,25549,7543,41533,74625
2026-08-19,24X National Exchange (G),1000908.000000,3085286.000000,3883059.000000,7969253.000000,50531324.850000,117342380.970800,258895610.945500,426769316.766300,10061,15109,37099,62269
2026-08-19,MIAX Pearl (H),19126214.000000,36370072.000000,58045727.000000,113542013.000000,813621588.954100,1536359369.351800,2045456820.287698,4395437778.593598,200788,188911,443874,833573
2026-08-19,EDGA Equities (J),26980952.000000,21908726.000000,54470433.000000,103360111.000000,1460852170.242600,1202269646.516400,2212210730.835600,4875332547.594600,354278,138799,496571,989648
2026-08-19,EDGX Equities (K),142185747.000000,204097651.000000,371741231.000000,718024629.000000,7606142544.539103,8907773706.575099,22327614167.124400,38841530418.238602,1502579,1347271,3627587,6477437
2026-08-19,LTSE (L),507718.000000,241697.000000,779936.000000,1529351.000000,30343669.725000,15440482.735800,34571368.609000,80355521.069800,7220,3163,23682,34065
2026-08-19,NYSE Texas (M),24788827.000000,17766971.000000,23856089.000000,66411887.000000,4044165714.238600,3295617406.688200,5439130059.513399,12778913180.440199,38106,14087,46451,98644
2026-08-19,NYSE (N),1199375898.000000,71746584.000000,140516339.000000,1411638821.000000,80124497727.246995,3858073347.552500,6838825932.032599,90821397006.832094,6104669,424324,1264230,7793223
2026-08-19,NYSE Arca (P),264807045.000000,573803707.000000,868392524.000000,1707003276.000000,14617023047.456898,34383975020.659493,46347303167.085307,95348301235.201698,3362613,3163479,9454120,15980212
2026-08-19,NASDAQ (Q),452983337.000000,320522498.000000,1739499671.000000,2513005506.000000,27880972704.416102,20445288275.203699,139420158606.291743,187746419585.911544,6504040,2330500,13767997,22602537
2026-08-19,Members Exchange (U),53964682.000000,61052408.000000,155362629.000000,270379719.000000,2984263543.973299,3154683920.176599,7914950965.886002,14053898430.035900,623250,440104,1309325,2372679
2026-08-19,Investors Exchange (V),294724662.000000,160125219.000000,323793161.000000,778643042.000000,16431609888.983405,7629269238.393701,19302136868.305910,43363015995.683016,3357807,675747,3316553,7350107
2026-08-19,NASDAQ PSX (X),5420777.000000,3800933.000000,7810770.000000,17032480.000000,320530432.037300,378391013.225000,660980830.966900,1359902276.229200,66423,30000,107804,204227
2026-08-19,BYX Equities (Y),36865690.000000,34578214.000000,53538741.000000,124982645.000000,1604912630.476400,1524291430.634400,2719450207.025399,5848654268.136199,420613,223996,619836,1264445
2026-08-19,BZX Equities (Z),210576535.000000,185051349.000000,271723199.000000,667351083.000000,12758957723.157600,10031404067.079799,20501605083.916303,43291966874.153702,2891227,1176716,3254388,7322331
2026-08-18,NYSE American (A),5905133.000000,20651129.000000,6561464.000000,33117726.000000,385722445.898200,467265326.349600,463806796.021400,1316794568.269200,68753,86207,75486,230446
2026-08-18,NASDAQ Texas (B),10412514.000000,12340653.000000,20680672.000000,43433839.000000,819709917.954000,663302104.512100,1350532568.484900,2833544590.951000,161012,75569,217950,454531
2026-08-18,NYSE National (C),18927327.000000,10124241.000000,22379307.000000,51430875.000000,830110042.398500,508396825.478400,913215370.459200,2251722238.336100,240424,70104,239999,550527
2026-08-18,FINRA / Nasdaq TRF Chicago (DB),13578003.488822,11313922.046746,32891927.466789,57783853.002357,814565421.758796,589106159.989046,3246969684.584621,4650641266.332463,125652,62848,304588,493088
2026-08-18,FINRA / NYSE TRF (DN),109092412.834606,69874060.454000,244460827.017733,423427300.306339,6035301378.147591,3432958589.651594,12655991690.402755,22124251658.201940,789184,366351,1473936,2629471
2026-08-18,FINRA / Nasdaq TRF Carteret (DQ),2119853395.483757,1370397859.225595,3657216594.138298,7147467848.847650,121259697790.256655,79631320818.170949,223130887948.978588,424021906557.406192,20893229,6469415,29438186,56800830
2026-08-18,Texas Stock Exchange (F),3201210.000000,1797451.000000,6272806.000000,11271467.000000,83443620.390000,69774517.905000,155005349.474500,308223487.769500,21642,6265,33811,61718
2026-08-18,24X National Exchange (G),970226.000000,2246988.000000,3042768.000000,6259982.000000,54612760.195600,103108437.234100,180534890.406700,338256087.836400,10562,12778,34092,57432
2026-08-18,MIAX Pearl (H),15030932.000000,27054725.000000,48652101.000000,90737758.000000,692284263.899700,1321152895.603700,1578148848.605300,3591586008.108700,165729,151390,383862,700981
2026-08-18,EDGA Equities (J),25921047.000000,17130088.000000,57823921.000000,100875056.000000,1298057365.854000,1075068190.170100,1866189823.407400,4239315379.431500,322636,116581,444478,883695
2026-08-18,EDGX Equities (K),116948615.000000,153320627.000000,309725228.000000,579994470.000000,6906630757.818201,8075905588.967599,19255052304.966507,34237588651.752307,1370863,1160022,3107950,5638835
2026-08-18,LTSE (L),318978.000000,149334.000000,688674.000000,1156986.000000,18357762.350000,9948974.040000,23225197.215000,51531933.605000,4946,2246,15917,23109
2026-08-18,NYSE Texas (M),15825637.000000,14794402.000000,29347915.000000,59967954.000000,1625991145.998400,1485467872.547200,6590866709.087502,9702325727.633102,50567,11967,53162,115696
2026-08-18,NYSE (N),1100258400.000000,59434467.000000,115386391.000000,1275079258.000000,73920108452.022232,3681508920.011200,6271718032.044701,83873335404.078133,5859587,364725,1130139,7354451
2026-08-18,NYSE Arca (P),226133117.000000,469169184.000000,726476594.000000,1421778895.000000,13061653446.927504,33014102644.191399,40944943605.739291,87020699696.858194,2956473,2813185,7802099,13571757
2026-08-18,NASDAQ (Q),384113990.000000,249859383.000000,1579833076.000000,2213806449.000000,24514316861.710684,18430882569.837101,140475898787.703037,183421098219.250822,6046891,1975170,12669562,20691623
2026-08-18,Members Exchange (U),46300023.000000,53342265.000000,148712757.000000,248355045.000000,2898561281.176799,3038209520.818300,7242466737.654598,13179237539.649697,582639,420060,1270940,2273639
2026-08-18,Investors Exchange (V),260787896.000000,127406131.000000,294301308.000000,682495335.000000,14392983137.256008,7009984768.877300,19139906732.565609,40542874638.698917,3086856,616225,3136435,6839516
2026-08-18,NASDAQ PSX (X),5086675.000000,3642241.000000,6900063.000000,15628979.000000,306202011.553700,341120160.869600,562992799.659500,1210314972.082800,69387,27693,99176,196256
2026-08-18,BYX Equities (Y),31184074.000000,27622391.000000,47995404.000000,106801869.000000,1475428403.719800,1328056673.321800,2255018612.176200,5058503689.217800,408468,194874,549155,1152497
2026-08-18,BZX Equities (Z),172657788.000000,150439520.000000,215043895.000000,538141203.000000,11557351618.405596,9139177973.258002,18499437446.364593,39195967038.028191,2564668,1004638,2859570,6428876
2026-08-17,NYSE American (A),7873847.000000,21850938.000000,7622987.000000,37347772.000000,505107448.103900,455746958.294100,587386656.119300,1548241062.517300,89119,87023,93668,269810
2026-08-17,NASDAQ Texas (B),10527561.000000,11090371.000000,17694920.000000,39312852.000000,853448575.095300,519869938.620500,1297056192.132600,2670374705.848400,158467,65072,223576,447115
2026-08-17,NYSE National (C),17796777.000000,8782125.000000,18509532.000000,45088434.000000,782033877.918000,399516367.714600,828204383.609900,2009754629.242500,221481,56792,207917,486190
2026-08-17,FINRA / Nasdaq TRF Chicago (DB),14147389.343347,10975985.110011,35647336.066797,60770710.520155,834734673.962572,536032484.896448,3502311334.194543,4873078493.053563,133070,58618,319700,511388
2026-08-17,FINRA / NYSE TRF (DN),106020668.909268,77985313.746784,271064496.552079,455070479.208131,5534668460.990585,3751980921.137104,12110724502.002257,21397373884.129946,777886,314087,1513801,2605774
2026-08-17,FINRA / Nasdaq TRF Carteret (DQ),2078159763.305380,1307164446.145416,3916788680.233041,7302112889.683837,126759058512.094249,70512905896.972239,218418890610.406950,415690855019.473438,20974938,6427911,29719451,57122300
2026-08-17,Texas Stock Exchange (F),2329515.000000,1514201.000000,5185556.000000,9029272.000000,63575198.887400,46642789.020000,136018489.788200,246236477.695600,15485,5151,26108,46744
2026-08-17,24X National Exchange (G),775860.000000,2254199.000000,3064613.000000,6094672.000000,40082072.157400,82937876.726600,198987933.545200,322007882.429200,9499,10832,34327,54658
2026-08-17,MIAX Pearl (H),15503573.000000,28257523.000000,56322584.000000,100083680.000000,678603154.929000,1259899003.980800,1661080234.319501,3599582393.229301,168044,137424,420771,726239
2026-08-17,EDGA Equities (J),20691854.000000,15012852.000000,63654707.000000,99359413.000000,1146056294.789100,909488446.793500,1791494377.874000,3847039119.456600,290842,107696,455020,853558
2026-08-17,EDGX Equities (K),115264863.000000,149857912.000000,331668481.000000,596791256.000000,6147504727.882195,7127142376.999504,18391059880.963804,31665706985.845503,1286856,954593,2915478,5156927
2026-08-17,LTSE (L),289780.000000,191647.000000,724515.000000,1205942.000000,15154341.261000,11751437.732500,17130492.456300,44036271.449800,4171,2990,12989,20150
2026-08-17,NYSE Texas (M),19307457.000000,10239544.000000,17929295.000000,47476296.000000,1690702408.553201,1336454737.524600,3592516949.868600,6619674095.946401,37645,10678,43356,91679
2026-08-17,NYSE (N),1120566172.000000,50448194.000000,115827855.000000,1286842221.000000,75450279594.662887,3188140212.085000,5623415096.342699,84261834903.090586,5416848,319016,1080705,6816569
2026-08-17,NYSE Arca (P),209138860.000000,402422017.000000,788359358.000000,1399920235.000000,11101493653.714198,25868276358.010605,35304342345.271882,72274112356.996685,2666184,2312180,7312432,12290796
2026-08-17,NASDAQ (Q),368814563.000000,218984311.000000,1523361392.000000,2111160266.000000,22109349657.497694,15268911432.148600,122214508951.851349,159592770041.497643,5549199,1676569,11685457,18911225
2026-08-17,Members Exchange (U),43319931.000000,46840324.000000,175022522.000000,265182777.000000,2506048119.209100,2697273868.301200,7347037248.416203,12550359235.926503,525233,345365,1260445,2131043
2026-08-17,Investors Exchange (V),248243660.000000,109772907.000000,273482134.000000,631498701.000000,13424493462.030198,6120363911.030999,16919628617.524600,36464485990.585797,2940059,550570,2911593,6402222
2026-08-17,NASDAQ PSX (X),5217764.000000,2648732.000000,7286644.000000,15153140.000000,335741358.906800,281978860.562000,658122855.292300,1275843074.761100,66936,21805,97871,186612
2026-08-17,BYX Equities (Y),33812435.000000,25899508.000000,45479065.000000,105191008.000000,1442647032.150900,1161860954.016000,2341018030.512400,4945526016.679300,388482,172816,539426,1100724
2026-08-17,BZX Equities (Z),154660040.000000,137381634.000000,210275004.000000,502316678.000000,9514623771.189907,7939974431.106701,16409837471.361102,33864435673.657710,2320401,882523,2623551,5826475
2026-08-14,NYSE American (A),6456530.000000,21250986.000000,6209217.000000,33916733.000000,406004390.549400,356876654.808700,475225533.351300,1238106578.709400,77578,122022,85085,284685
2026-08-14,NASDAQ Texas (B),10468994.000000,11683650.000000,19058894.000000,41211538.000000,737107310.223800,454612045.539800,1114940468.684400,2306659824.448000,236222,201683,366578,804483
2026-08-14,NYSE National (C),16442710.000000,8414835.000000,18319638.000000,43177183.000000,659624674.574200,360458520.636500,698122214.696900,1718205409.907600,376805,145390,414986,937181
2026-08-14,FINRA / Nasdaq TRF Chicago (DB),14045685.278716,9578342.545375,34580076.504138,58204104.328229,742605708.349602,467857965.024747,3289518050.221596,4499981723.595945,121625,52160,294921,468706
2026-08-14,FINRA / NYSE TRF (DN),97498684.669892,71482948.520979,270348163.246509,439329796.437380,4969299034.520641,2642305978.253928,10458912567.108165,18070517579.882734,707088,262737,1379518,2349343
2026-08-14,FINRA / Nasdaq TRF Carteret (DQ),1863235861.450444,1179489189.723501,3584682639.864910,6627407691.038855,101460267262.514980,59119915630.643088,189772662887.718093,350352845780.876161,18921337,5550309,27048977,51520623
2026-08-14,Texas Stock Exchange (F),4693343.000000,2558944.000000,8517089.000000,15769376.000000,98280692.790000,55367348.630000,176481462.361000,330129503.781000,33184,8834,53476,95494
2026-08-14,24X National Exchange (G),739152.000000,3157980.000000,3493212.000000,7390344.000000,32895462.316600,72269432.018100,183073927.409300,288238821.744000,7416,11230,36895,55541
2026-08-14,MIAX Pearl (H),16346018.000000,26041164.000000,54392963.000000,96780145.000000,636139102.382500,992701609.607500,1535283043.212900,3164123755.202900,171364,143130,388365,702859
2026-08-14,EDGA Equities (J),21638722.000000,17135950.000000,71368312.000000,110142984.000000,1033041143.222300,819213240.493900,1467276169.192500,3319530552.908700,278720,112691,486796,878207
2026-08-14,EDGX Equities (K),115028035.000000,129494711.000000,316181691.000000,560704437.000000,5687938808.822303,5471999507.340998,17999261225.177905,29159199541.341206,1232803,896008,2961647,5090458
2026-08-14,LTSE (L),295821.000000,344188.000000,883567.000000,1523576.000000,15746059.705000,15155752.120600,19110615.106200,50012426.931800,4202,2377,14186,20765
2026-08-14,NYSE Texas (M),13163039.000000,12509962.000000,35441689.000000,61114690.000000,1482654478.167800,1599689737.003000,6705723253.470900,9788067468.641700,25139,9995,35165,70299
2026-08-14,NYSE (N),1007823890.000000,43870400.000000,103033840.000000,1154728130.000000,65085051741.521005,2539238924.891800,5033696132.225999,72657986798.638804,5286014,312471,1057798,6656283
2026-08-14,NYSE Arca (P),204022874.000000,401734618.000000,728714321.000000,1334471813.000000,10697908987.982499,22990703836.476204,32291395251.662302,65980008076.121005,2622562,2321108,7089286,12032956
2026-08-14,NASDAQ (Q),362491925.000000,221840484.000000,1428730902.000000,2013063311.000000,20607516859.451511,13525439673.075405,111578856032.088643,145711812564.615559,6370237,2589521,13476338,22436096
2026-08-14,Members Exchange (U),43073182.000000,45996274.000000,191689291.000000,280758747.000000,2356167125.656099,2252346905.724101,7301228427.800501,11909742459.180701,503900,350661,1313311,2167872
2026-08-14,Investors Exchange (V),242393373.000000,108062995.000000,267109170.000000,617565538.000000,12147104014.053696,5745155378.261801,15491516775.568398,33383776167.883895,2761660,540808,2831168,6133636
2026-08-14,NASDAQ PSX (X),5148149.000000,2670096.000000,7322840.000000,15141085.000000,294332648.620700,245980031.165400,563148602.477600,1103461282.263700,69395,22393,103045,194833
2026-08-14,BYX Equities (Y),31113786.000000,25751040.000000,46694174.000000,103559000.000000,1280966379.959400,1031684777.674500,2125151921.170300,4437803078.804200,554408,453454,851176,1859038
2026-08-14,BZX Equities (Z),161234919.000000,136469003.000000,207800528.000000,505504450.000000,9291889324.167395,6830875971.592698,15582347506.706594,31705112802.466687,2259965,895185,2629856,5785006
2026-08-13,NYSE American (A),9869785.000000,22973095.000000,9630272.000000,42473152.000000,506464175.565200,417947715.500700,623396831.988800,1547808723.054700,101909,101748,112788,316445
2026-08-13,NASDAQ Texas (B),11562956.000000,12075523.000000,22400205.000000,46038684.000000,859792160.481000,545418242.441800,1260863063.324400,2666073466.247200,170698,93748,254841,519287
2026-08-13,NYSE National (C),18775964.000000,9377106.000000,20204794.000000,48357864.000000,822583109.226300,427886829.585400,886991101.037100,2137461039.848800,245349,74053,246069,565471
2026-08-13,FINRA / Nasdaq TRF Chicago (DB),14483831.018568,12020165.231532,39270345.636882,65774341.886982,821756241.099365,634819823.004208,3816769366.163416,5273345430.266989,128598,60259,340577,529434
2026-08-13,FINRA / NYSE TRF (DN),119796383.282846,90219014.736343,330754936.559443,540770334.578632,5731931118.553971,3309083154.797578,12139947098.542253,21180961371.893802,778120,334165,1496533,2608818
2026-08-13,FINRA / Nasdaq TRF Carteret (DQ),2166439065.965453,1429851342.198310,4214347936.194997,7810638344.358760,116286013694.571921,68014431337.510304,220023754081.858173,404324199113.940398,20621710,5952629,29156150,55730489
2026-08-13,Texas Stock Exchange (F),7956627.000000,2155064.000000,12673180.000000,22784871.000000,156258331.140000,61133841.480000,244884249.537900,462276422.157900,47598,11987,74954,134539
2026-08-13,24X National Exchange (G),853579.000000,2311172.000000,3916814.000000,7081565.000000,42859561.034800,112910686.801400,216013624.681200,371783872.517400,9236,12952,41031,63219
2026-08-13,MIAX Pearl (H),18764789.000000,30892579.000000,74345074.000000,124002442.000000,715707814.706700,1234123841.235300,1793320150.458399,3743151806.400399,183449,161326,421339,766114
2026-08-13,EDGA Equities (J),27813082.000000,21448252.000000,77657212.000000,126918546.000000,1243329339.922100,1034942022.887300,1810094522.096400,4088365884.905800,326554,131612,483591,941757
2026-08-13,EDGX Equities (K),136986458.000000,170302974.000000,379566316.000000,686855748.000000,6898734695.005398,7004332550.826598,20514828273.769303,34417895519.601299,1407125,1005091,3163767,5575983
2026-08-13,LTSE (L),463208.000000,145440.000000,886895.000000,1495543.000000,23370544.280000,9868411.775900,24837433.248900,58076389.304800,5747,2268,16075,24090
2026-08-13,NYSE Texas (M),26348169.000000,14223987.000000,30270296.000000,70842452.000000,2360984752.847300,3877288815.477000,5076615507.022199,11314889075.346499,26095,12068,37816,75979
2026-08-13,NYSE (N),1134858449.000000,64025974.000000,121887933.000000,1320772356.000000,71119805431.265803,3733417211.689000,6256896127.365200,81110118770.320003,5623013,381528,1152278,7156819
2026-08-13,NYSE Arca (P),250000899.000000,486309372.000000,845256706.000000,1581566977.000000,12951641160.984002,27399677446.944993,38241212754.543610,78592531362.472605,3013191,2638771,7811253,13463215
2026-08-13,NASDAQ (Q),421187105.000000,258140724.000000,1668513281.000000,2347841110.000000,24711953422.590607,16290948919.523904,133084941752.742950,174087844094.857461,6153401,2113050,13038392,21304843
2026-08-13,Members Exchange (U),52897262.000000,62461163.000000,207592110.000000,322950535.000000,2840388500.007497,2892699680.003102,8159684372.870799,13892772552.881398,597030,403541,1329643,2330214
2026-08-13,Investors Exchange (V),283234848.000000,131370737.000000,314314462.000000,728920047.000000,14295146920.152703,6538067598.436700,18291383509.290095,39124598027.879498,3142380,616762,3268470,7027612
2026-08-13,NASDAQ PSX (X),5869945.000000,3528969.000000,6874321.000000,16273235.000000,324787855.317200,323904338.099200,597562089.257100,1246254282.673500,67981,27061,103455,198497
2026-08-13,BYX Equities (Y),40936717.000000,29914252.000000,52341084.000000,123192053.000000,1651772939.516000,1297879214.961300,2558527193.970900,5508179348.448200,458983,224036,629165,1312184
2026-08-13,BZX Equities (Z),180780928.000000,163520455.000000,238305030.000000,582606413.000000,10554191912.393703,8574407219.105399,17780257427.496103,36908856558.995205,2532007,1004576,2926699,6463282
2026-08-12,NYSE American (A),6542418.000000,28221408.000000,7928132.000000,42691958.000000,420794757.657300,369751571.549100,595023019.323100,1385569348.529500,75867,127293,93034,296194
2026-08-12,NASDAQ Texas (B),11714940.000000,13751534.000000,22697892.000000,48164366.000000,910280060.308800,542222392.734200,1269000031.725100,2721502484.768100,290998,219442,419716,930156
2026-08-12,NYSE National (C),19339311.000000,10011724.000000,22107927.000000,51458962.000000,844468374.682700,423646230.435400,858517620.334300,2126632225.452400,447219,157036,465310,1069565
2026-08-12,FINRA / Nasdaq TRF Chicago (DB),14325233.466085,9974631.825974,33911559.649076,58211424.941135,781802374.843921,480401604.021077,3351626735.324468,4613830714.189466,123240,50125,307989,481354
2026-08-12,FINRA / NYSE TRF (DN),111876312.181240,86332735.214139,271620004.500681,469829051.896060,5877087324.595820,3067509883.460483,10544403687.444191,19489000895.500494,778223,334180,1438548,2550951
2026-08-12,FINRA / Nasdaq TRF Carteret (DQ),2134834272.136149,1563141155.409451,3874058076.274849,7572033503.820449,122437541262.707122,68496536636.855980,225532530726.225975,416466608625.789077,20733228,6147511,29054129,55934868
2026-08-12,Texas Stock Exchange (F),6879691.000000,1765102.000000,11555099.000000,20199892.000000,141434390.845000,44750324.425000,204046065.416200,390230780.686200,47068,11823,69603,128494
2026-08-12,24X National Exchange (G),815404.000000,2286792.000000,3461497.000000,6563693.000000,56116467.820000,106700300.339800,201201156.269200,364017924.429000,10432,15125,40505,66062
2026-08-12,MIAX Pearl (H),18529251.000000,37215705.000000,55101915.000000,110846871.000000,769307910.011900,1145007566.368100,1727314759.993800,3641630236.373800,195255,191082,408042,794379
2026-08-12,EDGA Equities (J),23314196.000000,30406133.000000,60400940.000000,114121269.000000,1251039330.707200,986043527.959900,2041641698.134400,4278724556.801500,318449,177601,526137,1022187
2026-08-12,EDGX Equities (K),124855840.000000,163662199.000000,383258193.000000,671776232.000000,6485007664.236000,6505723422.689399,20071673632.727203,33062404719.652602,1396575,1121143,3248876,5766594
2026-08-12,LTSE (L),349028.000000,607973.000000,633980.000000,1590981.000000,20302826.160000,22068386.834600,23439304.574000,65810517.568600,5265,4530,16427,26222
2026-08-12,NYSE Texas (M),12486896.000000,11257240.000000,24434467.000000,48178603.000000,1254721993.233400,1555243365.569900,5813389155.235100,8623354514.038400,41000,12625,51249,104874
2026-08-12,NYSE (N),1087025727.000000,54706825.000000,124989968.000000,1266722520.000000,68774227249.011703,3169743761.263700,6041998968.287000,77985969978.562403,5622186,388259,1165207,7175652
2026-08-12,NYSE Arca (P),235351310.000000,514487847.000000,855563563.000000,1605402720.000000,12620205370.532999,26992107231.715703,39167810711.782685,78780123314.031387,3029669,2999911,7790844,13820424
2026-08-12,NASDAQ (Q),408992163.000000,257675236.000000,1705360048.000000,2372027447.000000,24008510805.055820,15947908335.041089,134100481671.253560,174056900811.350469,7268651,3090826,15167181,25526658
2026-08-12,Members Exchange (U),50441935.000000,77232355.000000,198025115.000000,325699405.000000,2986431168.801801,2629428412.976700,8048494545.276102,13664354127.054603,609909,458615,1399097,2467621
2026-08-12,Investors Exchange (V),270594755.000000,119272227.000000,306891366.000000,696758348.000000,14235956140.751105,6107185143.377002,17945411745.820905,38288553029.949012,3175458,599815,3262851,7038124
2026-08-12,NASDAQ PSX (X),4512781.000000,3093166.000000,7696001.000000,15301948.000000,331264018.635900,346873703.083100,655947746.587100,1334085468.306100,70988,29641,113243,213872
2026-08-12,BYX Equities (Y),34334395.000000,29518882.000000,53085726.000000,116939003.000000,1586828498.327700,1198756087.343100,2477620006.562000,5263204592.232800,657649,507187,947327,2112163
2026-08-12,BZX Equities (Z),176919054.000000,154544520.000000,248188724.000000,579652298.000000,10570434880.799198,7948387242.716401,18070601547.735495,36589423671.251094,2556580,1070419,3023349,6650348
2026-08-11,NYSE American (A),7000497.000000,35799727.000000,7886544.000000,50686768.000000,442384726.708000,383319890.974400,627109800.289700,1452814417.972100,86042,134579,99033,319654
2026-08-11,NASDAQ Texas (B),11260274.000000,11059065.000000,21219024.000000,43538363.000000,758955101.659600,452720801.274700,1073157624.843100,2284833527.777400,274834,201256,385409,861499
2026-08-11,NYSE National (C),21370057.000000,9960361.000000,23672815.000000,55003233.000000,814746509.297800,364025458.548300,776086450.470200,1954858418.316300,460544,151966,448178,1060688
2026-08-11,FINRA / Nasdaq TRF Chicago (DB),14277033.972947,8152889.114539,31040718.718105,53470641.805591,719598799.467582,472701908.071856,2523296662.624390,3715597370.163828,118190,42407,250468,411065
2026-08-11,FINRA / NYSE TRF (DN),106648430.798370,66877513.238305,248419990.420297,421945934.456972,5250861782.230684,2809718690.213708,10013213898.717387,18073794371.161779,745346,291956,1233875,2271177
2026-08-11,FINRA / Nasdaq TRF Carteret (DQ),2178152254.649606,1351599401.401719,3871388690.052362,7401140346.103687,113053260767.548653,64744276579.313791,190733813800.205516,368531351147.067960,20929787,5676338,27114872,53720997
2026-08-11,Texas Stock Exchange (F),2383838.000000,1006339.000000,4383581.000000,7773758.000000,49451679.425000,26554278.535000,96089792.688600,172095750.648600,10896,4676,20128,35700
2026-08-11,24X National Exchange (G),763264.000000,1648308.000000,2981249.000000,5392821.000000,42308077.786500,70061172.593200,134177577.956100,246546828.335800,9396,10214,31792,51402
2026-08-11,MIAX Pearl (H),19152196.000000,26426657.000000,61967810.000000,107546663.000000,693973073.872000,990421501.877300,1506715936.729600,3191110512.478900,195912,146780,401248,743940
2026-08-11,EDGA Equities (J),23356970.000000,20445175.000000,90140988.000000,133943133.000000,1053610290.437200,899533439.733100,1623215972.113900,3576359702.284200,305732,133012,525660,964404
2026-08-11,EDGX Equities (K),128655367.000000,125492723.000000,361708421.000000,615856511.000000,6059901665.751995,5345716011.470201,15773643847.024103,27179261524.246299,1364005,861916,2901304,5127225
2026-08-11,LTSE (L),416493.000000,212678.000000,1336581.000000,1965752.000000,20341052.755000,7805259.027500,22621406.352800,50767718.135300,5677,2146,27407,35230
2026-08-11,NYSE Texas (M),21223520.000000,15128025.000000,27661608.000000,64013153.000000,1813588559.626800,4925869857.215800,5176173872.388102,11915632289.230702,38677,10920,41732,91329
2026-08-11,NYSE (N),1129814263.000000,54451713.000000,113814500.000000,1298080476.000000,69085693264.124681,2740248052.724200,5069908525.721998,76895849842.570879,5728134,346575,1092161,7166870
2026-08-11,NYSE Arca (P),232243963.000000,424309885.000000,779840000.000000,1436393848.000000,11297074876.803101,23456365593.621607,32987233781.436393,67740674251.861101,2918076,2418408,7260225,12596709
2026-08-11,NASDAQ (Q),412333104.000000,228112289.000000,1589562236.000000,2230007629.000000,21903707566.455193,14049569082.852705,115186195979.325744,151139472628.633642,7146878,2639817,14124565,23911260
2026-08-11,Members Exchange (U),50179990.000000,55479143.000000,190415912.000000,296075045.000000,2515032388.908899,2386424058.679200,6100621266.504702,11002077714.092801,566795,362159,1235004,2163958
2026-08-11,Investors Exchange (V),276633308.000000,119542204.000000,299933027.000000,696108539.000000,13319584587.356404,5473289046.182699,16215146233.071898,35008019866.611001,3122981,548011,3072782,6743774
2026-08-11,NASDAQ PSX (X),5342433.000000,3034790.000000,6559591.000000,14936814.000000,275137803.026800,312942891.033900,514018564.054100,1102099258.114800,70326,24512,98312,193150
2026-08-11,BYX Equities (Y),37475767.000000,26324986.000000,50103329.000000,113904082.000000,1481774177.680900,984946433.554100,2043606474.822800,4510327086.057800,650199,413546,848665,1912410
2026-08-11,BZX Equities (Z),178165427.000000,119309669.000000,229673170.000000,527148266.000000,9598831595.832995,6579640655.870502,14964851451.727196,31143323703.430693,2481368,827504,2779062,6087934
2026-08-10,NYSE American (A),7705991.000000,28516405.000000,7815514.000000,44037910.000000,457718434.503900,391806439.202900,501912190.904700,1351437064.611500,91320,130999,92068,314387
2026-08-10,NASDAQ Texas (B),12901835.000000,12646368.000000,23352964.000000,48901167.000000,946293401.600800,536404971.265100,1286584608.832700,2769282981.698600,277180,204008,438210,919398
2026-08-10,NYSE National (C),19859747.000000,11081445.000000,23993423.000000,54934615.000000,772353368.261700,476686706.091200,868925491.189000,2117965565.541900,467811,174874,471487,1114172
2026-08-10,FINRA / Nasdaq TRF Chicago (DB),15902450.743729,9730760.728212,35379809.822297,61013021.294238,853233946.495676,504689401.518673,2840745421.697507,4198668769.711856,138539,53638,302331,494508
2026-08-10,FINRA / NYSE TRF (DN),118166016.833062,98682552.619608,262565957.282918,479414526.735588,5774812533.714003,3202693712.356291,10489380681.691299,19466886927.761593,789414,323230,1468606,2581250
2026-08-10,FINRA / Nasdaq TRF Carteret (DQ),2197547251.985404,1484410488.873571,3682395538.323033,7364353279.182008,119922370093.237038,74243021663.712918,201437132076.978357,395602523833.928313,22317724,6220505,30086672,58624901
2026-08-10,Texas Stock Exchange (F),2119973.000000,1688402.000000,3830784.000000,7639159.000000,48578092.340000,42056960.205000,147366710.521500,238001763.066500,10566,8013,20496,39075
2026-08-10,24X National Exchange (G),969540.000000,2490168.000000,3307888.000000,6767596.000000,44615371.276100,102776581.461900,196519304.191300,343911256.929300,10204,15141,37809,63154
2026-08-10,MIAX Pearl (H),21568943.000000,31690349.000000,57278765.000000,110538057.000000,762863662.961400,1154397570.003900,1703444929.121401,3620706162.086701,220908,160837,446936,828681
2026-08-10,EDGA Equities (J),23652403.000000,28493656.000000,51973586.000000,104119645.000000,1161041998.583800,958387879.701800,1736444120.819499,3855873999.105099,292996,146938,454813,894747
2026-08-10,EDGX Equities (K),149954577.000000,157954761.000000,375606904.000000,683516242.000000,6543798260.043801,6490817682.587499,17792492932.462897,30827108875.094197,1424327,1031301,3243329,5698957
2026-08-10,LTSE (L),473832.000000,155179.000000,1129879.000000,1758890.000000,20904635.250000,11285320.396700,24271643.866300,56461599.513000,6703,2671,19173,28547
2026-08-10,NYSE Texas (M),20003247.000000,9020579.000000,25074979.000000,54098805.000000,1601574568.019700,2302756885.235000,5539978374.858001,9444309828.112701,62742,13035,65266,141043
2026-08-10,NYSE (N),1206140227.000000,50860698.000000,123282423.000000,1380283348.000000,78729521564.851179,3018844928.098900,5732749183.304400,87481115676.254479,6040186,360019,1171844,7572049
2026-08-10,NYSE Arca (P),236460770.000000,465991928.000000,804816469.000000,1507269167.000000,12079679062.509995,26989237217.100604,36210109858.231152,75279026137.841751,3064068,2770874,8137760,13972702
2026-08-10,NASDAQ (Q),432885853.000000,256148013.000000,1699770807.000000,2388804673.000000,24517236700.874393,15987914479.878909,126829460946.328484,167334612127.081786,7670964,2981232,15033505,25685701
2026-08-10,Members Exchange (U),61304199.000000,72145920.000000,178180256.000000,311630375.000000,2789546871.042400,2832904906.936203,7309018045.773801,12931469823.752404,633639,437409,1396825,2467873
2026-08-10,Investors Exchange (V),275889192.000000,124771514.000000,302759270.000000,703419976.000000,13933376442.867000,6057263340.760300,16979289275.821005,36969929059.448305,3229764,586320,3222771,7038855
2026-08-10,NASDAQ PSX (X),4809594.000000,3604648.000000,7263826.000000,15678068.000000,303166103.240600,341476197.218500,591696163.171700,1236338463.630800,69861,30563,109504,209928
2026-08-10,BYX Equities (Y),36539317.000000,28402244.000000,52290103.000000,117231664.000000,1550907807.451700,1179553419.587300,2254945949.610201,4985407176.649201,669781,463161,911256,2044198
2026-08-10,BZX Equities (Z),189479290.000000,142713329.000000,252571987.000000,584764606.000000,10979111771.801301,7876281321.485996,17320111825.850811,36175504919.138108,2705586,1005548,3055306,6766440
2026-08-07,NYSE American (A),8315590.000000,32460429.000000,8430801.000000,49206820.000000,473901008.550000,367184614.089700,607693123.447600,1448778746.087300,88977,130400,98584,317961
2026-08-07,NASDAQ Texas (B),13249703.000000,15625397.000000,23942843.000000,52817943.000000,959651148.274300,584320216.451300,1361873260.564700,2905844625.290300,277459,226838,404497,908794
2026-08-07,NYSE National (C),22099253.000000,10935961.000000,24808792.000000,57844006.000000,926491360.163100,410568874.482600,1021489615.750100,2358549850.395800,473202,155451,491605,1120258
2026-08-07,FINRA / Nasdaq TRF Chicago (DB),15789370.036511,11955020.760111,38005365.198709,65749755.995331,907091858.237805,548947029.321891,3383644210.544455,4839683098.104151,135784,56812,315475,508071
2026-08-07,FINRA / NYSE TRF (DN),119451837.197089,119531984.752379,270959315.662202,509943137.611670,6070095439.340217,3395890712.198431,11193097006.252604,20659083157.791252,818845,341648,1438986,2599479
2026-08-07,FINRA / Nasdaq TRF Carteret (DQ),2256167285.432887,1979244948.125193,4050769794.837615,8286182028.395695,129911424466.722252,73322582772.490050,231011451873.687037,434245459112.899339,22089146,6557349,29753761,58400256
2026-08-07,Texas Stock Exchange (F),2922730.000000,14395662.000000,4991049.000000,22309441.000000,57411803.310300,262898183.195000,197746962.873700,518056949.379000,12025,36976,23313,72314
2026-08-07,24X National Exchange (G),769804.000000,2767602.000000,3158188.000000,6695594.000000,35390089.561400,92464931.686800,230635103.656000,358490124.904200,5867,14231,25112,45210
2026-08-07,MIAX Pearl (H),19652939.000000,36907107.000000,56014792.000000,112574838.000000,786551877.836500,1145799417.165099,1833887638.842500,3766238933.844099,212881,184815,415982,813678
2026-08-07,EDGA Equities (J),29764666.000000,49712740.000000,63267871.000000,142745277.000000,1375090114.253000,1049274518.195600,2054289731.176000,4478654363.624600,367236,214772,542324,1124332
2026-08-07,EDGX Equities (K),146198782.000000,194535502.000000,401561477.000000,742295761.000000,6960734506.346303,7476648482.495900,19603469872.239197,34040852861.081400,1573777,1228065,3349183,6151025
2026-08-07,LTSE (L),608640.000000,390306.000000,1277515.000000,2276461.000000,30973331.198900,11391694.720300,34385291.377200,76750317.296400,8346,3032,19242,30620
2026-08-07,NYSE Texas (M),17914368.000000,12014002.000000,25680252.000000,55608622.000000,2106025836.330000,2864369315.013801,5493375518.641098,10463770669.984899,68011,16375,75465,159851
2026-08-07,NYSE (N),1167857779.000000,55105755.000000,132812942.000000,1355776476.000000,72440143854.276804,3266012376.859501,6321502326.469600,82027658557.605905,6183818,398146,1236758,7818722
2026-08-07,NYSE Arca (P),272899804.000000,597413331.000000,823904185.000000,1694217320.000000,13514426567.773806,30734599073.743604,38091817838.033216,82340843479.550626,3425342,3282218,8110134,14817694
2026-08-07,NASDAQ (Q),468752388.000000,300914886.000000,1734305255.000000,2503972529.000000,25995925732.530003,18284560799.575505,129925638935.714356,174206125467.819864,7785438,3326542,15566151,26678131
2026-08-07,Members Exchange (U),57019147.000000,114392989.000000,194985425.000000,366397561.000000,3051500863.038999,3210452155.886097,8246706119.247103,14508659138.172199,674723,530092,1470766,2675581
2026-08-07,Investors Exchange (V),302762885.000000,152186719.000000,339286147.000000,794235751.000000,15393722177.220397,6768398411.568799,20106910879.984205,42269031468.773401,3422732,662866,3473039,7558637
2026-08-07,NASDAQ PSX (X),6555019.000000,4216771.000000,8753029.000000,19524819.000000,430940642.239800,424242269.653600,743410971.381000,1598593883.274400,90316,34848,129949,255113
2026-08-07,BYX Equities (Y),39349190.000000,32444727.000000,53487125.000000,125281042.000000,1771035268.379300,1181418591.090300,2678583247.083898,5631037106.553498,663147,452065,928425,2043637
2026-08-07,BZX Equities (Z),216976244.000000,174484150.000000,274962380.000000,666422774.000000,11324677745.045106,8692027836.705296,19000625571.667496,39017331153.417898,2798833,1182283,3148233,7129349
2026-08-06,NYSE American (A),8250515.000000,21160257.000000,7882577.000000,37293349.000000,485866823.983700,372187834.990100,602733924.291500,1460788583.265300,95454,107362,100072,302888
2026-08-06,NASDAQ Texas (B),14183909.000000,15103936.000000,26034621.000000,55322466.000000,1025798140.224000,641385908.484800,1562750194.500000,3229934243.208800,297906,212139,444789,954834
2026-08-06,NYSE National (C),23255382.000000,10584581.000000,23981480.000000,57821443.000000,983813727.853300,440715096.207700,1052417889.769500,2476946713.830500,486688,164923,476742,1128353
2026-08-06,FINRA / Nasdaq TRF Chicago (DB),15157850.970511,9288318.072890,35069669.302856,59515838.346257,847551415.340106,516761832.596901,3282037983.304242,4646351231.241249,125855,51806,295873,473534
2026-08-06,FINRA / NYSE TRF (DN),123700717.249603,65141047.686954,324095703.261055,512937468.197612,6223589594.273519,3387818559.864729,11740780541.316931,21352188695.455179,800281,289955,1439315,2529551
2026-08-06,FINRA / Nasdaq TRF Carteret (DQ),2391371932.767181,1391815818.409292,4461221456.874193,8244409208.050666,132739960546.884125,74610351846.034825,222861199190.914719,430211511583.833669,22905647,5880348,30215600,59001595
2026-08-06,Texas Stock Exchange (F),3338847.000000,12623741.000000,3714110.000000,19676698.000000,56956176.505000,232950969.495000,135779737.535700,425686883.535700,12396,31354,21985,65735
2026-08-06,24X National Exchange (G),699467.000000,2139729.000000,3033113.000000,5872309.000000,38059030.202700,78295463.359600,162825381.126300,279179874.688600,6239,12112,25013,43364
2026-08-06,MIAX Pearl (H),19814238.000000,29776321.000000,68271986.000000,117862545.000000,794941595.871700,1317781864.248200,1927866285.565800,4040589745.685700,218954,170405,452514,841873
2026-08-06,EDGA Equities (J),28334536.000000,19229041.000000,82220646.000000,129784223.000000,1356217703.086300,1065296350.092901,2154052146.630999,4575566199.810200,381613,149230,587501,1118344
2026-08-06,EDGX Equities (K),148581165.000000,158062780.000000,405978496.000000,712622441.000000,7169221377.559696,7201397208.561899,19828514218.219204,34199132804.340799,1670932,1177936,3595159,6444027
2026-08-06,LTSE (L),828709.000000,172865.000000,1444512.000000,2446086.000000,40725207.311300,11439746.105700,40264425.544300,92429378.961300,12862,3580,22040,38482
2026-08-06,NYSE Texas (M),19112157.000000,11834839.000000,28008092.000000,58955088.000000,1738181383.167400,1836393175.038301,5692374650.025898,9266949208.231599,81472,17332,83542,182346
2026-08-06,NYSE (N),1265527621.000000,54418305.000000,138777081.000000,1458723007.000000,78658908278.564617,3222539016.977799,6856538130.403199,88737985425.945615,6603590,376518,1292081,8272189
2026-08-06,NYSE Arca (P),275042176.000000,461209088.000000,977185295.000000,1713436559.000000,14061824216.157093,28806668681.562888,42077146237.570793,84945639135.290774,3513084,3079276,8978705,15571065
2026-08-06,NASDAQ (Q),505801828.000000,269334677.000000,1830500644.000000,2605637149.000000,29013547153.597398,18414437338.105701,138962990158.701727,186390974650.404826,8691726,3239650,16579275,28510651
2026-08-06,Members Exchange (U),58200330.000000,62198993.000000,230113309.000000,350512632.000000,3094318392.842901,3240057551.513000,7736685650.120599,14071061594.476500,700219,457697,1540241,2698157
2026-08-06,Investors Exchange (V),313072782.000000,125182688.000000,320997074.000000,759252544.000000,16225765229.232801,6124221514.785000,19496865722.639400,41846852466.657201,3587814,600162,3470999,7658975
2026-08-06,NASDAQ PSX (X),5941855.000000,3925713.000000,8118582.000000,17986150.000000,411457664.978600,420992294.314700,741294704.584000,1573744663.877300,88451,34947,131574,254972
2026-08-06,BYX Equities (Y),41142347.000000,26993453.000000,54962193.000000,123097993.000000,1922575740.564700,1231016703.175900,2947201589.573998,6100794033.314598,699411,417225,970488,2087124
2026-08-06,BZX Equities (Z),222162959.000000,157008302.000000,276911336.000000,656082597.000000,12598971035.488595,8596108933.020400,19077559892.417609,40272639860.926604,3106136,1144900,3368660,7619696
2026-08-05,NYSE American (A),9507630.000000,24853749.000000,8445588.000000,42806967.000000,500488467.037400,403098115.067900,630773086.330300,1534359668.435600,108715,132878,105081,346674
2026-08-05,NASDAQ Texas (B),14513298.000000,15128247.000000,25045584.000000,54687129.000000,1122181980.193400,726614658.632100,1739127147.947700,3587923786.773200,315701,238081,468482,1022264
2026-08-05,NYSE National (C),24074125.000000,11952162.000000,23811510.000000,59837797.000000,1115617280.246700,524562973.308200,1159358313.892400,2799538567.447300,509805,174154,487799,1171758
2026-08-05,FINRA / Nasdaq TRF Chicago (DB),14123646.963286,10199988.136010,33752984.055131,58076619.154427,880936700.477175,608394337.175643,3392613038.107701,4881944075.760519,135136,59352,309327,503815
2026-08-05,FINRA / NYSE TRF (DN),121888320.275198,75122606.977723,324035914.810334,521046842.063255,6675729462.025106,4230941997.824669,12646698844.705143,23553370304.554918,862308,399480,1535892,2797680
2026-08-05,FINRA / Nasdaq TRF Carteret (DQ),2542689920.498208,1490879203.988590,4417056614.866339,8450625739.353137,144917739655.021133,79586158007.904017,235446484182.767436,459950381845.692586,23718062,6618095,30896484,61232641
2026-08-05,Texas Stock Exchange (F),3268952.000000,7200696.000000,3776296.000000,14245944.000000,58625865.825000,151163915.135000,157811267.821500,367601048.781500,13150,23302,21115,57567
2026-08-05,24X National Exchange (G),876065.000000,2380926.000000,3284950.000000,6541941.000000,47238580.126100,80750738.261200,155875753.684600,283865072.071900,6636,11944,23498,42078
2026-08-05,MIAX Pearl (H),20953857.000000,30290169.000000,96133613.000000,147377639.000000,830830710.635200,1371287448.755500,1880522125.939900,4082640285.330600,223290,168499,443805,835594
2026-08-05,EDGA Equities (J),30132558.000000,21549448.000000,135929554.000000,187611560.000000,1578805666.498800,1210335434.387400,2384284036.943199,5173425137.829399,409368,160338,679314,1249020
2026-08-05,EDGX Equities (K),149696803.000000,167874031.000000,471194781.000000,788765615.000000,7688067316.954103,8071228790.906003,21578351155.700221,37337647263.560327,1747908,1292717,3607223,6647848
2026-08-05,LTSE (L),783815.000000,322860.000000,1546203.000000,2652878.000000,42869913.015000,17451772.920400,41420363.471300,101742049.406700,10378,3592,20141,34111
2026-08-05,NYSE Texas (M),23959754.000000,18341517.000000,31183634.000000,73484905.000000,1897277352.842900,4097909919.910000,6194099112.455100,12189286385.208000,84058,18067,88233,190358
2026-08-05,NYSE (N),1312450225.000000,61829981.000000,133809765.000000,1508089971.000000,83644183295.090186,3700756844.517201,7424424167.818800,94769364307.426187,6870069,414201,1339405,8623675
2026-08-05,NYSE Arca (P),288992399.000000,547755845.000000,1028778280.000000,1865526524.000000,15686085148.667001,34692478466.851205,47097501773.559821,97476065389.078027,3802537,3495088,8902440,16200065
2026-08-05,NASDAQ (Q),554694989.000000,309832798.000000,1860094041.000000,2724621828.000000,32277145054.876295,21489412447.041796,151622081074.321385,205388638576.239476,9324025,3549684,17176045,30049754
2026-08-05,Members Exchange (U),62737600.000000,62352628.000000,275143902.000000,400234130.000000,3557127974.453901,3457831121.215800,8669566504.487799,15684525600.157500,779569,486997,1625556,2892122
2026-08-05,Investors Exchange (V),320961230.000000,132246950.000000,314245660.000000,767453840.000000,17474413366.652195,7156854351.712900,20294667015.030096,44925934733.395191,3740851,671162,3505392,7917405
2026-08-05,NASDAQ PSX (X),6709901.000000,4567934.000000,8844870.000000,20122705.000000,422845946.455100,485206779.744200,796971720.956700,1705024447.156000,101053,42103,141235,284391
2026-08-05,BYX Equities (Y),42675868.000000,29263786.000000,55470006.000000,127409660.000000,2005595672.492600,1388893317.997700,3192524327.458002,6587013317.948302,725181,402209,981054,2108444
2026-08-05,BZX Equities (Z),243555303.000000,175040836.000000,279238941.000000,697835080.000000,13530984904.832805,9956926217.427996,20555105771.033905,44043016893.294706,3252739,1271229,3440147,7964115
2026-08-04,NYSE American (A),9121770.000000,25530436.000000,9730787.000000,44382993.000000,739124835.868900,443098762.782800,954639641.249700,2136863239.901400,117314,115990,120840,354144
2026-08-04,NASDAQ Texas (B),16324573.000000,15500718.000000,27120793.000000,58946084.000000,1267729005.056900,793720768.699100,2309581220.710001,4371030994.466001,334998,224684,487475,1047157
2026-08-04,NYSE National (C),25566172.000000,11980321.000000,26657970.000000,64204463.000000,1160795551.567700,535358653.460200,1201751249.296100,2897905454.324000,529210,167977,545598,1242785
2026-08-04,FINRA / Nasdaq TRF Chicago (DB),17455393.101013,10823512.158804,36922582.383004,65201487.642821,1025319339.575861,704532131.971568,3644700074.059435,5374551545.606864,154132,65028,346088,565248
2026-08-04,FINRA / NYSE TRF (DN),134279045.177279,90273073.369441,340681602.956346,565233721.503066,7916775804.312472,5242777316.183845,17006963559.930731,30166516680.427048,957329,383090,1619200,2959619
2026-08-04,FINRA / Nasdaq TRF Carteret (DQ),2633473772.389994,1562815934.840010,4763700479.880370,8959990187.110374,165108748172.746739,96132558650.473000,276544174324.134269,537785481147.354008,25728174,6979895,33690681,66398750
2026-08-04,Texas Stock Exchange (F),2682761.000000,10047958.000000,3224503.000000,15955222.000000,59565157.095000,196060549.995000,175688267.927400,431313975.017400,12314,46193,23042,81549
2026-08-04,24X National Exchange (G),1119097.000000,2263542.000000,3155683.000000,6538322.000000,80489837.571000,76988264.661900,168299064.741500,325777166.974400,7304,11792,23219,42315
2026-08-04,MIAX Pearl (H),23427319.000000,30292781.000000,93354422.000000,147074522.000000,1027336199.710900,1510679777.075300,2100939641.556799,4638955618.342999,243743,166458,512684,922885
2026-08-04,EDGA Equities (J),30968620.000000,23345653.000000,120949937.000000,175264210.000000,1763027461.228900,1284825710.930800,2785337535.153803,5833190707.313503,407158,154677,702381,1264216
2026-08-04,EDGX Equities (K),165534574.000000,182863418.000000,451978551.000000,800376543.000000,8671761593.294000,9655589766.004610,24815663511.176291,43143014870.474901,1749072,1343411,3711868,6804351
2026-08-04,LTSE (L),917379.000000,252057.000000,1644378.000000,2813814.000000,62177840.115000,13203293.078500,38881557.864000,114262691.057500,9181,3506,20362,33049
2026-08-04,NYSE Texas (M),23078391.000000,12176992.000000,26104243.000000,61359626.000000,2588055518.334600,2668496899.814100,6260595756.472202,11517148174.620902,73297,15809,76994,166100
2026-08-04,NYSE (N),1438076515.000000,64452421.000000,136836975.000000,1639365911.000000,97817359012.794815,4697820033.838299,8122097550.135003,110637276596.768117,7090745,432070,1390364,8913179
2026-08-04,NYSE Arca (P),299982505.000000,548821340.000000,1056735763.000000,1905539608.000000,16752351542.330703,39905708112.253515,53906922523.044767,110564982177.628985,3832182,3519947,9464292,16816421
2026-08-04,NASDAQ (Q),564104262.000000,321946257.000000,2138787971.000000,3024838490.000000,34427526726.290815,25741972134.310095,197507208189.685961,257676707050.286871,9323532,3497088,17689675,30510295
2026-08-04,Members Exchange (U),65082134.000000,66876244.000000,282895352.000000,414853730.000000,3721961443.398098,4081738943.394801,9829706457.264298,17633406844.057197,744457,513056,1741201,2998714
2026-08-04,Investors Exchange (V),339196027.000000,130717513.000000,333996060.000000,803909600.000000,19639335046.426197,8147059497.222601,23214593957.112988,51000988500.761786,3936859,701116,3679347,8317322
2026-08-04,NASDAQ PSX (X),8540697.000000,4976189.000000,11411493.000000,24928379.000000,640753776.098600,608496879.314200,1176784530.866300,2426035186.279100,129276,42714,180494,352484
2026-08-04,BYX Equities (Y),44517308.000000,35668129.000000,57240756.000000,137426193.000000,2003788117.817400,1699307279.201500,3150795092.725600,6853890489.744500,727025,519834,992724,2239583
2026-08-04,BZX Equities (Z),245105664.000000,182461859.000000,285731832.000000,713299355.000000,14684412269.689206,12123717806.570505,22902108105.773092,49710238182.032803,3331472,1291133,3570923,8193528
2026-08-03,NYSE American (A),8527719.000000,22199756.000000,8611403.000000,39338878.000000,613565853.585500,402612635.340900,797901395.913800,1814079884.840200,110024,99416,110632,320072
2026-08-03,NASDAQ Texas (B),14161139.000000,14302849.000000,26198255.000000,54662243.000000,1077781505.470500,707324676.859300,1926352169.058800,3711458351.388600,276586,208344,442770,927700
2026-08-03,NYSE National (C),22659808.000000,10270522.000000,24696696.000000,57627026.000000,1083967823.225200,488114973.195500,1205465124.296200,2777547920.716900,471317,135688,454712,1061717
2026-08-03,FINRA / Nasdaq TRF Chicago (DB),15538648.092767,9409740.553671,41402956.483370,66351345.129808,967460010.301922,613657743.100374,3560805005.517240,5141922758.919536,149843,62668,342090,554601
2026-08-03,FINRA / NYSE TRF (DN),133129752.722117,68361767.934955,395271113.265073,596762633.922145,7699079961.171113,4938115752.897346,15551803524.905554,28188999238.974013,904160,344417,1584599,2833176
2026-08-03,FINRA / Nasdaq TRF Carteret (DQ),2285677281.792228,1493168450.352218,5686074587.645981,9464920319.790427,134011894185.180226,89117375527.510422,242536922166.045101,465666191878.735749,24337973,6882394,33095201,64315568
2026-08-03,Texas Stock Exchange (F),3471035.000000,25058213.000000,5674751.000000,34203999.000000,73624746.295000,328470379.735000,175770344.050800,577865470.080800,13600,64278,28737,106615
2026-08-03,24X National Exchange (G),797199.000000,2174275.000000,5641902.000000,8613376.000000,51396802.049100,78061376.512800,188080979.507300,317539158.069200,6489,11072,31961,49522
2026-08-03,MIAX Pearl (H),20856472.000000,28083979.000000,103057242.000000,151997693.000000,885303125.168600,1407177501.554400,1983938986.996699,4276419613.719699,225089,160949,467525,853563
2026-08-03,EDGA Equities (J),26563981.000000,20452720.000000,236045753.000000,283062454.000000,1397511554.358200,1227185175.926200,2619667633.210801,5244364363.495201,361716,142092,816077,1319885
2026-08-03,EDGX Equities (K),142395797.000000,154418573.000000,577988580.000000,874802950.000000,7619427325.760901,8291716927.043094,20854286553.931110,36765430806.735105,1592857,1219300,3630987,6443144
2026-08-03,LTSE (L),799535.000000,370198.000000,1994367.000000,3164100.000000,49803375.890800,26463815.172100,35208296.826900,111475487.889800,9542,4018,24562,38122
2026-08-03,NYSE Texas (M),35889589.000000,7906369.000000,42237631.000000,86033589.000000,3729951232.233100,1989106428.069201,7444724230.953003,13163781891.255304,65356,14904,71676,151936
2026-08-03,NYSE (N),1280908687.000000,59703417.000000,139363873.000000,1479975977.000000,82848899913.535491,4451646104.078600,7670842475.054302,94971388492.668393,6474315,409908,1296422,8180645
2026-08-03,NYSE Arca (P),250755915.000000,480375635.000000,1352924896.000000,2084056446.000000,13589377386.979500,34860039964.495830,44160900780.433594,92610318131.908924,3240956,3078120,8756656,15075732
2026-08-03,NASDAQ (Q),482603623.000000,267169860.000000,1908812836.000000,2658586319.000000,28771610837.981684,21118837230.421100,155227331978.167178,205117780046.569962,8023761,3056062,16157507,27237330
2026-08-03,Members Exchange (U),60236453.000000,61518279.000000,412447585.000000,534202317.000000,3332573363.834299,3658256886.891301,10430594925.958909,17421425176.684509,707303,491223,1886502,3085028
2026-08-03,Investors Exchange (V),303204692.000000,115810246.000000,333407364.000000,752422302.000000,16942452252.657691,7365076262.819098,21578983178.730395,45886511694.207184,3510491,633162,3479786,7623439
2026-08-03,NASDAQ PSX (X),5206515.000000,4101942.000000,7985112.000000,17293569.000000,331142805.516300,493342319.336700,730444399.225800,1554929524.078800,80281,37097,123443,240821
2026-08-03,BYX Equities (Y),40435916.000000,28173498.000000,67073654.000000,135683068.000000,1997505945.699401,1391483093.011000,3094554520.369201,6483543559.079602,658924,436284,966769,2061977
2026-08-03,BZX Equities (Z),211092622.000000,155579025.000000,305201846.000000,671873493.000000,12654350766.722795,10175688107.040101,21658306821.642395,44488345695.405291,2854873,1128622,3307871,7291366
2026-07-31,NYSE American (A),5741608.000000,26776413.000000,6745220.000000,39263241.000000,372134623.983000,477503745.749900,690688750.720900,1540327120.453800,65461,108644,76966,251071
2026-07-31,NASDAQ Texas (B),15036860.000000,15132776.000000,28283587.000000,58453223.000000,1076950732.620500,749052622.406500,1873452157.051801,3699455512.078801,269317,189877,418553,877747
2026-07-31,NYSE National (C),24009143.000000,13812593.000000,23904917.000000,61726653.000000,983383183.787000,592785560.045700,1293299649.671900,2869468393.504600,415436,164613,411619,991668
2026-07-31,FINRA / Nasdaq TRF Chicago (DB),12267319.240433,12674448.685554,38054324.613295,62996092.539282,763165759.407399,690900231.691158,3651592392.976946,5105658384.075503,122313,61939,319257,503509
2026-07-31,FINRA / NYSE TRF (DN),118342248.060054,94781658.105279,442253568.601827,655377474.767160,7124487417.512167,4280202127.286998,19594852065.756888,30999541610.556053,870594,498272,1851990,3220856
2026-07-31,FINRA / Nasdaq TRF Carteret (DQ),2270620436.813461,1591084244.408549,5641103131.190475,9502807812.412485,129595991935.572704,91539084038.237468,255799071159.350895,476934147133.161067,22675463,6733324,31815009,61223796
2026-07-31,Texas Stock Exchange (F),3668254.000000,21248803.000000,5957298.000000,30874355.000000,99210081.988300,420295974.160100,198037000.819000,717543056.967400,17552,76154,36930,130636
2026-07-31,24X National Exchange (G),847691.000000,2811882.000000,5283459.000000,8943032.000000,34558746.221100,88703199.807300,211833155.179400,335095101.207800,5261,12517,29588,47366
2026-07-31,MIAX Pearl (H),18984729.000000,33890434.000000,83774847.000000,136650010.000000,789502731.047700,1623275685.742600,2174557527.903099,4587335944.693399,216121,180536,438234,834891
2026-07-31,EDGA Equities (J),28022014.000000,26103577.000000,155053703.000000,209179294.000000,1380287194.444300,1464648401.454500,2688690309.111400,5533625905.010200,368446,175895,710275,1254616
2026-07-31,EDGX Equities (K),137083034.000000,193845688.000000,599862627.000000,930791349.000000,6992520833.155700,9678592836.795902,22913126901.020798,39584240570.972400,1552303,1388536,3570615,6511454
2026-07-31,LTSE (L),585362.000000,569355.000000,1719479.000000,2874196.000000,31019116.235000,31853827.593500,37153905.229400,100026849.057900,7808,6429,21196,35433
2026-07-31,NYSE Texas (M),17187513.000000,19116772.000000,25549277.000000,61853562.000000,1554742223.040400,1948058671.318700,5483450348.400601,8986251242.759701,48073,14888,59001,121962
2026-07-31,NYSE (N),1453236627.000000,72610379.000000,160940633.000000,1686787639.000000,92401354117.349308,4615179699.158901,9209428114.450701,106225961930.958910,6352422,489503,1395450,8237375
2026-07-31,NYSE Arca (P),271919557.000000,612698340.000000,1799408052.000000,2684025949.000000,14194836565.459600,42695434126.866211,52733217056.306516,109623487748.632327,3413654,3652376,9413590,16479620
2026-07-31,NASDAQ (Q),496768932.000000,338302514.000000,2074193629.000000,2909265075.000000,29391641894.486988,24649429693.701691,179254315498.016279,233295387086.204958,7947309,3438706,16487734,27873749
2026-07-31,Members Exchange (U),56685718.000000,85399558.000000,393625891.000000,535711167.000000,3193291392.488800,4535897468.605800,11026943747.249602,18756132608.344202,721698,625650,1830408,3177756
2026-07-31,Investors Exchange (V),296716309.000000,140853025.000000,330634500.000000,768203834.000000,16882228295.960702,8304514928.180301,24857766799.986204,50044510024.127207,3521454,716378,3605330,7843162
2026-07-31,NASDAQ PSX (X),5568478.000000,4378657.000000,8280995.000000,18228130.000000,397818675.398900,488294929.468500,959396395.876200,1845510000.743600,75918,38861,132103,246882
2026-07-31,BYX Equities (Y),45021001.000000,36222134.000000,75383901.000000,156627036.000000,1885479876.994100,1704708731.364500,3292046084.067898,6882234692.426498,592527,455279,897571,1945377
2026-07-31,BZX Equities (Z),227277154.000000,192126486.000000,332939460.000000,752343100.000000,13108076073.106902,11325781580.274792,25688688148.223008,50122545801.604702,3018094,1347076,3561782,7926952
2026-07-30,NYSE American (A),5995139.000000,24183084.000000,6477829.000000,36656052.000000,309162364.317900,445972293.440700,484162298.634600,1239296956.393200,61248,82843,73587,217678
2026-07-30,NASDAQ Texas (B),15687490.000000,14866884.000000,24907793.000000,55462167.000000,1182251955.601800,778590981.790400,2369759856.708500,4330602794.100700,223235,105072,321802,650109
2026-07-30,NYSE National (C),24444491.000000,12917114.000000,24729224.000000,62090829.000000,1210215815.777800,597055378.882300,1604309923.263700,3411581117.923800,292465,96453,299109,688027
2026-07-30,FINRA / Nasdaq TRF Chicago (DB),14075541.392162,9765656.483826,33726028.859711,57567226.735699,859535300.779619,559920531.351601,3598626151.602442,5018081983.733662,127265,60363,320253,507881
2026-07-30,FINRA / NYSE TRF (DN),129371216.354786,83800227.835962,343664809.885704,556836254.076452,7644504471.001003,4108831506.732327,19182597244.305847,30935933222.039177,928863,413541,1699309,3041713
2026-07-30,FINRA / Nasdaq TRF Carteret (DQ),2497023020.787546,1541936716.733198,4439033836.788195,8477993574.308939,150171174509.650253,91057769005.013023,276518293531.361198,517747237046.024474,24372081,6918276,32299319,63589676
2026-07-30,Texas Stock Exchange (F),1808346.000000,1185525.000000,2465865.000000,5459736.000000,82067019.270000,44155133.830000,196684934.335000,322907087.435000,12028,9837,22235,44100
2026-07-30,24X National Exchange (G),911292.000000,3278965.000000,3549481.000000,7739738.000000,43245327.455000,102682562.515200,186508201.309200,332436091.279400,6321,15344,23564,45229
2026-07-30,MIAX Pearl (H),21037309.000000,35540168.000000,66415583.000000,122993060.000000,885106311.366700,1640940874.213900,2230259539.882499,4756306725.463099,244326,186489,431806,862621
2026-07-30,EDGA Equities (J),30601780.000000,27098829.000000,94334656.000000,152035265.000000,1556972550.198600,1425431936.354601,2561876817.843799,5544281304.397000,404964,171272,617398,1193634
2026-07-30,EDGX Equities (K),151159278.000000,192145431.000000,405102228.000000,748406937.000000,8126497151.275600,9818154508.321400,25454519995.292288,43399171654.889288,1705346,1441337,3634077,6780760
2026-07-30,LTSE (L),879455.000000,289372.000000,1427619.000000,2596446.000000,46850799.510000,20275975.665300,51245589.330700,118372364.506000,11106,3781,17686,32573
2026-07-30,NYSE Texas (M),19475685.000000,10609242.000000,26500864.000000,56585791.000000,1395821214.003900,1450793769.791500,5773280005.414300,8619894989.209700,37211,14676,48420,100307
2026-07-30,NYSE (N),1292264254.000000,75751545.000000,151513192.000000,1519528991.000000,82283614738.191982,5035083993.041802,9626906914.064297,96945605645.298081,6964006,478174,1465900,8908080
2026-07-30,NYSE Arca (P),296248326.000000,652472957.000000,1009804018.000000,1958525301.000000,16194310952.007306,41878011665.108017,60691201337.678964,118763523954.794287,3718927,3705291,9273391,16697609
2026-07-30,NASDAQ (Q),542325607.000000,330994247.000000,1935834618.000000,2809154472.000000,34230884903.580589,24977284204.681798,195381717320.634393,254589886428.896780,7805585,2601698,16156801,26564084
2026-07-30,Members Exchange (U),62148744.000000,97079870.000000,230337315.000000,389565929.000000,3859918797.389303,4702407924.912001,11230125793.934796,19792452516.236100,797708,666259,1692834,3156801
2026-07-30,Investors Exchange (V),332142977.000000,148035152.000000,336408726.000000,816586855.000000,19281543441.634203,8502209931.468802,26886097857.641286,54669851230.744291,3806415,729436,3774059,8309910
2026-07-30,NASDAQ PSX (X),5242493.000000,4504350.000000,8317896.000000,18064739.000000,359082942.657800,583175688.832500,867373406.635400,1809632038.125700,81345,39122,136338,256805
2026-07-30,BYX Equities (Y),44078201.000000,38770227.000000,60900052.000000,143748480.000000,2077992275.385200,1702070190.945200,3800221228.854499,7580283695.184899,528206,282392,763564,1574162
2026-07-30,BZX Equities (Z),248052998.000000,209779744.000000,307210900.000000,765043642.000000,14893176393.643002,12602720001.247903,27089935872.160989,54585832267.051894,3280029,1357848,3761325,8399202
2026-07-29,NYSE American (A),7096865.000000,26584945.000000,6979802.000000,40661612.000000,355015793.300500,482755480.735800,567094116.905200,1404865390.941500,69594,106194,78035,253823
2026-07-29,NASDAQ Texas (B),16615518.000000,18700902.000000,24293673.000000,59610093.000000,1322434206.830000,884195052.494600,1942084296.869400,4148713556.194000,246554,110503,325553,682610
2026-07-29,NYSE National (C),24995785.000000,16167368.000000,28086585.000000,69249738.000000,1382097047.048100,836067673.573300,1553179976.501500,3771344697.122900,327225,104506,320255,751986
2026-07-29,FINRA / Nasdaq TRF Chicago (DB),15368650.900782,11513075.107600,33324450.286158,60206176.294540,1021475585.096907,619715086.064357,3487938799.327092,5129129470.488356,140591,71254,316771,528616
2026-07-29,FINRA / NYSE TRF (DN),141395087.214383,114330824.332186,284626803.828601,540352715.375170,8667822958.124974,6595683624.732831,19410026550.264138,34673533133.121943,1003392,645743,1818619,3467754
2026-07-29,FINRA / Nasdaq TRF Carteret (DQ),2491893060.186216,1615037657.334395,3887162961.290882,7994093678.811493,153878063570.084610,90894328331.245811,247312570720.022293,492084962621.352714,25045949,7243234,31655556,63944739
2026-07-29,Texas Stock Exchange (F),2224996.000000,832410.000000,2644154.000000,5701560.000000,75883636.095000,51162722.135000,171201698.757600,298248056.987600,14182,8122,22833,45137
2026-07-29,24X National Exchange (G),820733.000000,3764121.000000,2875684.000000,7460538.000000,48394212.800100,119084076.172900,171018201.929700,338496490.902700,6453,17034,22101,45588
2026-07-29,MIAX Pearl (H),22785589.000000,39631259.000000,59495544.000000,121912392.000000,980049867.349700,1881390655.829200,2213252791.135101,5074693314.314001,257846,226257,438848,922951
2026-07-29,EDGA Equities (J),33208568.000000,26639135.000000,69697086.000000,129544789.000000,1832699055.455400,1520310408.899500,2522227039.961401,5875236504.316301,436339,196128,570778,1203245
2026-07-29,EDGX Equities (K),165746481.000000,217284015.000000,359146893.000000,742177389.000000,9096792479.420305,12695863510.808993,24022156750.635594,45814812740.864892,1882687,1720632,3777891,7381210
2026-07-29,LTSE (L),1133006.000000,427680.000000,1446958.000000,3007644.000000,63392045.090000,33030131.102900,60199562.522500,156621738.715400,14786,6175,24923,45884
2026-07-29,NYSE Texas (M),32853203.000000,20639681.000000,36122522.000000,89615406.000000,3167097865.122300,3615876597.192100,6573667139.989803,13356641602.304203,77387,22543,81660,181590
2026-07-29,NYSE (N),1318577600.000000,83635424.000000,158690777.000000,1560903801.000000,84396929127.039983,5539747937.622300,8886884346.878201,98823561411.540484,7413737,556641,1518419,9488797
2026-07-29,NYSE Arca (P),318790842.000000,691891654.000000,845748910.000000,1856431406.000000,17626725211.373393,46732200066.830699,53752023368.949791,118110948647.153883,4072288,4336541,9410655,17819484
2026-07-29,NASDAQ (Q),604293649.000000,385006602.000000,1894042760.000000,2883343011.000000,38251354950.881714,29493501364.587508,166839026388.885403,234583882704.354625,8654161,3103223,16821041,28578425
2026-07-29,Members Exchange (U),68070587.000000,95805429.000000,180692329.000000,344568345.000000,4116087839.379101,5260337595.347501,9948782916.203606,19325208350.930208,878137,736340,1693358,3307835
2026-07-29,Investors Exchange (V),364953139.000000,169947791.000000,370773405.000000,905674335.000000,21192306120.755998,9318593099.624803,24885489515.784095,55396388736.164896,4044565,752418,3898114,8695097
2026-07-29,NASDAQ PSX (X),7371523.000000,5225016.000000,9222418.000000,21818957.000000,512465141.348200,678940109.521100,945204461.467100,2136609712.336400,106908,50082,152883,309873
2026-07-29,BYX Equities (Y),44142260.000000,41561437.000000,58467871.000000,144171568.000000,2285421443.199600,2132672827.647800,3551833323.676800,7969927594.524200,555446,304140,749858,1609444
2026-07-29,BZX Equities (Z),266991410.000000,210914444.000000,308103359.000000,786009213.000000,16764683280.858605,13755480865.916507,25007241370.296908,55527405517.072020,3680080,1602975,3883568,9166623
2026-07-28,NYSE American (A),7962808.000000,22684334.000000,7881335.000000,38528477.000000,639609008.036500,387525424.598800,636139345.626000,1663273778.261300,95953,92876,96157,284986
2026-07-28,NASDAQ Texas (B),15329248.000000,14901423.000000,21602651.000000,51833322.000000,1264336363.383500,697979386.420200,1647277675.523400,3609593425.327100,228906,92268,288902,610076
2026-07-28,NYSE National (C),24213057.000000,11389419.000000,22821316.000000,58423792.000000,1123042454.328000,566109726.618500,1178008342.750000,2867160523.696500,288098,82454,288201,658753
2026-07-28,FINRA / Nasdaq TRF Chicago (DB),14001233.009569,10793727.206008,33347972.906079,58142933.121656,955653629.181541,607902808.101078,3325574933.765150,4889131371.047769,136679,60319,310033,507031
2026-07-28,FINRA / NYSE TRF (DN),132818189.704447,83670929.557716,295825767.582641,512314886.844804,8487420041.737952,4986488101.454571,15091432721.205321,28565340864.397844,940775,429245,1470051,2840071
2026-07-28,FINRA / Nasdaq TRF Carteret (DQ),2486048447.646333,1539574282.849794,4230458753.073916,8256081483.570043,155712615862.915894,79576813853.610658,245846311556.231194,481135741272.757746,23638579,6476431,29844055,59959065
2026-07-28,Texas Stock Exchange (F),2144118.000000,582357.000000,2844748.000000,5571223.000000,82621693.775000,33359167.110000,161634768.628000,277615629.513000,17570,5665,27165,50400
2026-07-28,24X National Exchange (G),746040.000000,2967647.000000,2821605.000000,6535292.000000,40280805.352400,90981729.659600,134728980.704900,265991515.716900,5505,13367,20489,39361
2026-07-28,MIAX Pearl (H),22632455.000000,30632022.000000,69083765.000000,122348242.000000,1022669644.769000,1322611872.612100,2081393500.222901,4426675017.604001,262730,170774,423239,856743
2026-07-28,EDGA Equities (J),28313455.000000,19603532.000000,85981851.000000,133898838.000000,1643408136.363700,1142498949.092600,2298294543.629700,5084201629.086000,389591,150486,529633,1069710
2026-07-28,EDGX Equities (K),155058664.000000,168837705.000000,365264039.000000,689160408.000000,8811696325.838497,8901916015.866702,20713762328.964298,38427374670.669497,1801556,1351905,3381504,6534965
2026-07-28,LTSE (L),753185.000000,257073.000000,951992.000000,1962250.000000,40249205.780000,16852092.121100,34981857.782600,92083155.683700,9094,3933,15865,28892
2026-07-28,NYSE Texas (M),23450557.000000,12156353.000000,40804664.000000,76411574.000000,2703176176.130600,2949890307.069400,8277407823.843702,13930474307.043702,66272,16618,73580,156470
2026-07-28,NYSE (N),1260680606.000000,64801794.000000,145961431.000000,1471443831.000000,84192340607.301000,3806386594.556399,7983891648.960700,95982618850.818099,6926554,424700,1423326,8774580
2026-07-28,NYSE Arca (P),291116671.000000,540176019.000000,858898758.000000,1690191448.000000,16888224633.905401,34808537737.966009,47313299937.549567,99010062309.420977,3843451,3474997,8321749,15640197
2026-07-28,NASDAQ (Q),553142965.000000,273622735.000000,1785862736.000000,2612628436.000000,36776374796.373611,20378836256.413600,154911494024.838172,212066705077.625383,8127110,2285204,15683139,26095453
2026-07-28,Members Exchange (U),68465363.000000,74963392.000000,209716370.000000,353145125.000000,4161855827.267404,3897265370.082601,9296567223.304501,17355688420.654506,850472,567518,1615481,3033471
2026-07-28,Investors Exchange (V),339054871.000000,141113638.000000,345147385.000000,825315894.000000,20577689136.299104,7153556480.167300,23149139711.578997,50880385328.045401,3712740,606109,3580292,7899141
2026-07-28,NASDAQ PSX (X),6388321.000000,3639169.000000,7676891.000000,17704381.000000,451807708.441100,407012173.392100,695288721.463700,1554108603.296900,95226,33246,126802,255274
2026-07-28,BYX Equities (Y),39616346.000000,30415160.000000,49540703.000000,119572209.000000,2096136707.770000,1381127942.176300,3156438853.136899,6633703503.083199,508812,232297,706678,1447787
2026-07-28,BZX Equities (Z),249848341.000000,163099470.000000,292180253.000000,705128064.000000,16620556296.228094,10087310991.142199,23292421143.082398,50000288430.452691,3462117,1221180,3698980,8382277
2026-07-27,NYSE American (A),6052544.000000,22642917.000000,6493887.000000,35189348.000000,388121865.940700,367820693.992200,537060104.005000,1293002663.937900,72158,81373,79401,232932
2026-07-27,NASDAQ Texas (B),13231529.000000,15130682.000000,17484954.000000,45847165.000000,972016885.455800,606889791.932200,1303210372.143400,2882117049.531400,185944,94390,242751,523085
2026-07-27,NYSE National (C),19249122.000000,18395300.000000,20286164.000000,57930586.000000,868361777.477800,499315633.055200,918030520.058100,2285707930.591100,251772,93454,234733,579959
2026-07-27,FINRA / Nasdaq TRF Chicago (DB),11596323.077972,9721131.342360,31037453.239259,52354907.659591,751090829.087332,562575269.818933,3267204138.120223,4580870237.026488,120594,56669,293518,470781
2026-07-27,FINRA / NYSE TRF (DN),114650726.533843,76696718.440339,278530647.276108,469878092.250290,6195526946.764979,3905137298.727793,17039331652.781277,27139995898.274049,835374,328186,1372443,2536003
2026-07-27,FINRA / Nasdaq TRF Carteret (DQ),2251171439.042591,1491191555.066681,3850063659.277290,7592426653.386562,126321726308.459507,72442224124.926855,227250518404.396344,426014468837.782706,22223868,6521642,29507544,58253054
2026-07-27,Texas Stock Exchange (F),1021484.000000,72503.000000,965129.000000,2059116.000000,39835150.450000,7211549.155000,58543969.620000,105590669.225000,4758,491,6670,11919
2026-07-27,24X National Exchange (G),665799.000000,2903623.000000,2642630.000000,6212052.000000,32525164.274400,72551629.476200,108961054.495500,214037848.246100,5227,10981,19498,35706
2026-07-27,MIAX Pearl (H),19315867.000000,30623339.000000,52911420.000000,102850626.000000,806379042.120700,1206211302.437300,1813220948.186000,3825811292.744000,216265,154198,406373,776836
2026-07-27,EDGA Equities (J),23408287.000000,20462614.000000,56701280.000000,100572181.000000,1162702333.755400,945438620.078700,1812893597.275400,3921034551.109500,318324,134823,469961,923108
2026-07-27,EDGX Equities (K),129665087.000000,154294647.000000,326295501.000000,610255235.000000,6570744289.238197,7259093846.780597,19097029342.226795,32926867478.245589,1398456,1114758,3137288,5650502
2026-07-27,LTSE (L),638715.000000,1162200.000000,995071.000000,2795986.000000,40697545.420000,23410579.209300,26701786.863500,90809911.492800,8344,6772,16798,31914
2026-07-27,NYSE Texas (M),21464242.000000,12466520.000000,30518900.000000,64449662.000000,2348664946.041600,1394327220.152100,7851305975.003897,11594298141.197597,57980,17667,67125,142772
2026-07-27,NYSE (N),1209295335.000000,60699283.000000,136310296.000000,1406304914.000000,77318667814.963388,3518763076.977800,7225569866.072799,88063000758.013987,5902597,397526,1241484,7541607
2026-07-27,NYSE Arca (P),250001897.000000,539982066.000000,784327959.000000,1574311922.000000,12801743070.224294,31495143763.459888,40824509419.997325,85121396253.681507,3053188,3097416,7767480,13918084
2026-07-27,NASDAQ (Q),445989372.000000,247769566.000000,1669754195.000000,2363513133.000000,26798611835.278596,18409745218.529214,139966029060.306860,185174386114.114670,6519408,2088276,13460644,22068328
2026-07-27,Members Exchange (U),59209856.000000,79098804.000000,192144040.000000,330452700.000000,3263324611.829600,3528043141.211401,8759882414.493602,15551250167.534603,707504,535004,1539027,2781535
2026-07-27,Investors Exchange (V),298627220.000000,135413598.000000,311543387.000000,745584205.000000,16757267239.711799,6510615751.984000,20077341859.927196,43345224851.622995,3368342,558960,3288392,7215694
2026-07-27,NASDAQ PSX (X),4626797.000000,2914530.000000,6814080.000000,14355407.000000,318096529.856900,325163377.289700,650922237.237400,1294182144.384000,68187,25662,103882,197731
2026-07-27,BYX Equities (Y),35084021.000000,28883619.000000,46335610.000000,110303250.000000,1666309397.759200,1362632720.387899,2555006527.367499,5583948645.514598,454878,212478,608562,1275918
2026-07-27,BZX Equities (Z),204645467.000000,149083743.000000,260962273.000000,614691483.000000,11835909789.536101,8791067892.893098,19695669267.594504,40322646950.023703,2780859,1069496,3155683,7006038
2026-07-24,NYSE American (A),5440635.000000,17387745.000000,6130592.000000,28958972.000000,317555762.846800,284291251.148600,458704796.581000,1060551810.576400,62082,73230,68203,203515
2026-07-24,NASDAQ Texas (B),11829029.000000,13480184.000000,16272390.000000,41581603.000000,782179426.652500,580196626.016700,1175809262.158300,2538185314.827500,163787,91806,225600,481193
2026-07-24,NYSE National (C),18561491.000000,13351323.000000,20230410.000000,52143224.000000,822286994.153300,462455676.450300,914814479.964000,2199557150.567600,253835,80541,245703,580079
2026-07-24,FINRA / Nasdaq TRF Chicago (DB),11353741.312422,8646004.578394,27693948.691275,47693694.582091,668870296.183886,554022378.585128,3231593806.426898,4454486481.195912,110328,50398,263478,424204
2026-07-24,FINRA / NYSE TRF (DN),123873715.656600,75877924.022575,246873852.804074,446625492.483249,6703575325.772751,3557103183.500185,13956524904.486694,24217203413.759630,780366,332537,1324348,2437251
2026-07-24,FINRA / Nasdaq TRF Carteret (DQ),2232137133.490165,1434118043.984556,3550368285.464463,7216623462.939184,113386626445.570952,75152649554.551212,202937267286.922331,391476543287.044495,20669080,5699939,27144271,53513290
2026-07-24,Texas Stock Exchange (F),1749959.000000,1170864.000000,2299003.000000,5219826.000000,60565168.640000,45134990.425000,123611417.290000,229311576.355000,8474,8817,15098,32389
2026-07-24,24X National Exchange (G),844105.000000,1334117.000000,2249256.000000,4427478.000000,30726013.744200,47769066.234200,103546368.152200,182041448.130600,6159,7280,14967,28406
2026-07-24,MIAX Pearl (H),19031022.000000,27225364.000000,54786306.000000,101042692.000000,715583050.060300,1169078758.984500,1745915367.358500,3630577176.403300,203134,148255,354812,706201
2026-07-24,EDGA Equities (J),22109766.000000,18507085.000000,52546490.000000,93163341.000000,1028960868.148800,976619983.917700,1645355290.935100,3650936143.001600,301551,125902,422816,850269
2026-07-24,EDGX Equities (K),128988938.000000,140053116.000000,310645433.000000,579687487.000000,6454426873.970303,7518421933.153401,18741252319.018002,32714101126.141706,1413630,1043931,2945493,5403054
2026-07-24,LTSE (L),738185.000000,4844452.000000,1156035.000000,6738672.000000,41918802.905000,57419771.432400,39512274.886700,138850849.224100,10276,12380,17739,40395
2026-07-24,NYSE Texas (M),29487636.000000,12173018.000000,39567910.000000,81228564.000000,2957803435.487301,1967399859.305402,7637413909.258900,12562617204.051603,69553,19998,75742,165293
2026-07-24,NYSE (N),1102378678.000000,61017769.000000,144277856.000000,1307674303.000000,67615621264.501183,3598902256.894401,6551384089.279500,77765907610.675084,5667962,388255,1135576,7191793
2026-07-24,NYSE Arca (P),246271160.000000,445529302.000000,762596811.000000,1454397273.000000,12021681051.283201,30625371574.008394,37014993637.800000,79662046263.091595,2960262,2751369,7037424,12749055
2026-07-24,NASDAQ (Q),440499914.000000,236810424.000000,1565736676.000000,2243047014.000000,26547378125.600804,18320258366.615707,132234151074.483253,177101787566.699764,6366806,2062002,12814682,21243490
2026-07-24,Members Exchange (U),58319847.000000,66322139.000000,173907083.000000,298549069.000000,3115332672.292200,3511126783.842501,7964499192.528901,14590958648.663602,681797,499603,1392916,2574316
2026-07-24,Investors Exchange (V),279213891.000000,137930263.000000,281666174.000000,698810328.000000,15370102116.150896,6928411431.021402,18573239394.440703,40871752941.613001,3094432,571734,2985716,6651882
2026-07-24,NASDAQ PSX (X),5440068.000000,3022032.000000,7206021.000000,15668121.000000,343434096.095900,345355706.190700,699713962.086300,1388503764.372900,75362,26972,110966,213300
2026-07-24,BYX Equities (Y),33103453.000000,24195820.000000,44764467.000000,102063740.000000,1499258668.477500,1235594761.930100,2327647657.294100,5062501087.701700,441186,200514,595684,1237384
2026-07-24,BZX Equities (Z),197026924.000000,137532796.000000,243901349.000000,578461069.000000,11434655810.097602,8905521510.374905,18032185645.341702,38372362965.814209,2700571,1048086,2948707,6697364
2026-07-23,NYSE American (A),10794154.000000,23000811.000000,9908897.000000,43703862.000000,602571445.363800,402855702.963600,673018118.165200,1678445266.492600,117632,93181,112832,323645
2026-07-23,NASDAQ Texas (B),12620107.000000,11022800.000000,19390248.000000,43033155.000000,896426974.200600,588157034.705200,1367442763.865900,2852026772.771700,178705,95900,250836,525441
2026-07-23,NYSE National (C),19452599.000000,9880485.000000,20823124.000000,50156208.000000,845474859.675300,433802457.193300,873593073.742100,2152870390.610700,235676,120932,238432,595040
2026-07-23,FINRA / Nasdaq TRF Chicago (DB),12777791.864436,8421881.362509,31413344.501665,52613017.728610,754454419.865013,542605476.004489,3760972861.293605,5058032757.163107,112166,54825,304620,471611
2026-07-23,FINRA / NYSE TRF (DN),129386404.879569,78434244.583180,229609980.199033,437430629.661782,6834217810.326987,3709761037.843337,14611109116.793383,25155087964.963707,803099,361577,1385209,2549885
2026-07-23,FINRA / Nasdaq TRF Carteret (DQ),2574816197.781624,1502743363.489426,3727878013.843245,7805437575.114295,135737424184.255594,85790890754.730336,232323685261.681574,453852000200.667504,21649290,6242608,29356920,57248818
2026-07-23,Texas Stock Exchange (F),1816199.000000,848297.000000,2239023.000000,4903519.000000,62723525.590000,31872021.585000,129055922.620000,223651469.795000,9055,7683,14811,31549
2026-07-23,24X National Exchange (G),733652.000000,1899911.000000,2594128.000000,5227691.000000,39400140.476600,59984917.374900,98473899.529500,197858957.381000,5222,9972,19465,34659
2026-07-23,MIAX Pearl (H),19061725.000000,29222188.000000,51887686.000000,100171599.000000,693883664.426800,1311489969.830000,1750384245.590000,3755757879.846800,212385,158551,385110,756046
2026-07-23,EDGA Equities (J),24145997.000000,18501668.000000,46987217.000000,89634882.000000,1152005053.526700,1153443273.464100,1812463196.659399,4117911523.650199,323856,139982,443905,907743
2026-07-23,EDGX Equities (K),139682750.000000,154653147.000000,359558572.000000,653894469.000000,7106763522.230503,8152615376.756102,21445427016.051493,36704805915.038098,1545743,1141511,3358616,6045870
2026-07-23,LTSE (L),1119979.000000,2063694.000000,1124034.000000,4307707.000000,61931654.385000,27714455.233700,32434618.190600,122080727.809300,9974,8522,18087,36583
2026-07-23,NYSE Texas (M),19809859.000000,18864833.000000,28752850.000000,67427542.000000,1798818478.587600,3373406415.639300,5811157718.823499,10983382613.050399,80847,17637,91074,189558
2026-07-23,NYSE (N),1248678227.000000,64495839.000000,136349021.000000,1449523087.000000,78251363180.659422,3993135477.046500,7123710790.401499,89368209448.107421,6042432,415748,1232069,7690249
2026-07-23,NYSE Arca (P),266344056.000000,481866507.000000,785277288.000000,1533487851.000000,13671835280.754699,33634643232.991815,41707167380.917088,89013645894.663602,3251303,3050294,7800726,14102323
2026-07-23,NASDAQ (Q),489774876.000000,256311446.000000,1646086438.000000,2392172760.000000,28994561222.624911,20399130324.563714,146109655587.499634,195503347134.688259,6899828,2224236,13554396,22678460
2026-07-23,Members Exchange (U),61897979.000000,69154122.000000,182522853.000000,313574954.000000,3307696337.593600,3823265715.183101,9684264597.384395,16815226650.161096,752304,523325,1641252,2916881
2026-07-23,Investors Exchange (V),305612751.000000,140030425.000000,294688535.000000,740331711.000000,17306697596.956201,7077588177.367900,19978272324.928201,44362558099.252302,3415746,566429,3126408,7108583
2026-07-23,NASDAQ PSX (X),5892761.000000,3394123.000000,7332262.000000,16619146.000000,359868096.246700,435001642.662500,671851527.448000,1466721266.357200,78722,28758,114930,222410
2026-07-23,BYX Equities (Y),35064773.000000,25567202.000000,51142716.000000,111774691.000000,1748696827.469201,1372020163.363600,2650563291.417900,5771280282.250701,484355,221234,653982,1359571
2026-07-23,BZX Equities (Z),214278566.000000,147278321.000000,251219405.000000,612776292.000000,12349011331.367399,9571458880.549706,19263177020.695607,41183647232.612712,2851054,1130763,3100575,7082392
2026-07-22,NYSE American (A),8149721.000000,21443886.000000,7825957.000000,37419564.000000,457474976.127800,335864692.983800,474585470.132800,1267925139.244400,89479,80736,90164,260379
2026-07-22,NASDAQ Texas (B),12430886.000000,8440420.000000,16146513.000000,37017819.000000,896037704.687300,447087903.390000,1115745084.945300,2458870693.022600,163669,63662,222453,449784
2026-07-22,NYSE National (C),18982135.000000,8267383.000000,17753738.000000,45003256.000000,777611103.017000,363073504.248300,687647588.585200,1828332195.850500,228735,60616,214112,503463
2026-07-22,FINRA / Nasdaq TRF Chicago (DB),11665468.223612,8213521.347715,27463497.433144,47342487.004471,682835213.723102,477913059.411914,2728568165.596615,3889316438.731631,105457,48037,255630,409124
2026-07-22,FINRA / NYSE TRF (DN),124231884.110926,73412824.177690,230151657.588084,427796365.876700,6184476252.282596,3046125145.172270,11193942939.106171,20424544336.561037,761168,413937,1429741,2604846
2026-07-22,FINRA / Nasdaq TRF Carteret (DQ),2264343004.691193,1453349530.297866,3837822355.736394,7555514890.725453,119349963110.712582,64073332318.620777,194166895387.277101,377590190816.610460,20636941,5447559,27216204,53300704
2026-07-22,Texas Stock Exchange (F),765444.000000,501994.000000,878279.000000,2145717.000000,30631396.695000,17225685.730000,30887431.495000,78744513.920000,3945,4802,5042,13789
2026-07-22,24X National Exchange (G),632097.000000,1574353.000000,2899580.000000,5106030.000000,28125117.689800,44164301.148700,80484530.692300,152773949.530800,4270,7099,20057,31426
2026-07-22,MIAX Pearl (H),16736190.000000,23083677.000000,54699503.000000,94519370.000000,641812700.499700,934999161.882400,1328411099.414100,2905222961.796200,187052,122550,350741,660343
2026-07-22,EDGA Equities (J),21664736.000000,16188907.000000,62199977.000000,100053620.000000,1064729399.145500,890343110.741800,1430259376.218600,3385331886.105900,296841,107060,417862,821763
2026-07-22,EDGX Equities (K),123572617.000000,144478384.000000,329778711.000000,597829712.000000,6432469224.905098,6405859370.406899,17320069136.266811,30158397731.578808,1386736,909951,3085097,5381784
2026-07-22,LTSE (L),617430.000000,237279.000000,1296468.000000,2151177.000000,28707177.853000,11697090.532500,38293841.291400,78698109.676900,6348,3317,20840,30505
2026-07-22,NYSE Texas (M),24379011.000000,15108021.000000,36606113.000000,76093145.000000,2274581764.411501,2034099267.344499,5448610972.512100,9757292004.268100,65685,13375,67505,146565
2026-07-22,NYSE (N),1103578682.000000,54056616.000000,122293341.000000,1279928639.000000,69979490627.366210,2677489090.331700,5474189876.922699,78131169594.620609,5494465,306028,1065935,6866428
2026-07-22,NYSE Arca (P),235249763.000000,428335019.000000,787490035.000000,1451074817.000000,12643163790.446395,26912102075.380605,34476034415.617403,74031300281.444403,2905523,2473409,7266709,12645641
2026-07-22,NASDAQ (Q),428965752.000000,200935057.000000,1476260782.000000,2106161591.000000,25701206129.344790,14460764093.974505,120454202674.542725,160616172897.862020,6117239,1666817,11790712,19574768
2026-07-22,Members Exchange (U),56027333.000000,61394014.000000,210800133.000000,328221480.000000,3115496784.281500,2718138279.073101,7288260118.318198,13121895181.672799,669696,396138,1493179,2559013
2026-07-22,Investors Exchange (V),270512648.000000,150387471.000000,265189044.000000,686089163.000000,15068440070.448503,5666932766.392999,16026319154.182199,36761691991.023701,3050836,479203,2786845,6316884
2026-07-22,NASDAQ PSX (X),5553414.000000,2647614.000000,5846341.000000,14047369.000000,344158093.120700,307215281.442600,500770790.064100,1152144164.627400,67367,20996,90175,178538
2026-07-22,BYX Equities (Y),32696048.000000,22200975.000000,40448697.000000,95345720.000000,1463414879.626100,1070351830.586000,2040802102.003602,4574568812.215702,405532,164463,527710,1097705
2026-07-22,BZX Equities (Z),187625779.000000,127311700.000000,223966095.000000,538903574.000000,10896940368.917097,7334520344.408400,15051036814.205105,33282497527.530602,2577106,864534,2751746,6193386
2026-07-21,NYSE American (A),9602158.000000,23705585.000000,9381523.000000,42689266.000000,578961038.522300,362989554.727500,863807176.044100,1805757769.293900,100828,100907,105480,307215
2026-07-21,NASDAQ Texas (B),12158801.000000,9681531.000000,16642272.000000,38482604.000000,848647469.930000,515498728.203700,1252166756.376700,2616312954.510400,165728,78033,216815,460576
2026-07-21,NYSE National (C),20017829.000000,8963880.000000,19352401.000000,48334110.000000,846151930.308200,387395775.943500,915769903.489500,2149317609.741200,252267,70016,236412,558695
2026-07-21,FINRA / Nasdaq TRF Chicago (DB),11731253.638189,8439880.999185,29641555.804321,49812690.441695,695806877.571943,489051552.799428,3010180964.196304,4195039394.567675,102773,51504,263083,417360
2026-07-21,FINRA / NYSE TRF (DN),124964979.879959,71904127.085622,263443114.371940,460312221.337521,6158705019.427599,3294999012.963288,10765008343.181560,20218712375.572447,779017,382133,1391434,2552584
2026-07-21,FINRA / Nasdaq TRF Carteret (DQ),2536954597.283242,1602307766.759555,4129249609.869692,8268511973.912489,134994834358.316090,69548523846.749779,214419859888.876329,418963218093.942198,21067820,6056687,27777285,54901792
2026-07-21,Texas Stock Exchange (F),514874.000000,388981.000000,529064.000000,1432919.000000,19226562.840000,16077059.995000,23392996.486900,58696619.321900,2481,3528,3444,9453
2026-07-21,24X National Exchange (G),974196.000000,2469803.000000,2809626.000000,6253625.000000,44416262.858100,46878076.673100,88820552.655900,180114892.187100,4708,7166,17886,29760
2026-07-21,MIAX Pearl (H),18877369.000000,25384706.000000,62093617.000000,106355692.000000,792380221.261100,977927154.035700,1723142074.829399,3493449450.126199,208294,139969,395851,744114
2026-07-21,EDGA Equities (J),24630241.000000,18025175.000000,78585478.000000,121240894.000000,1096621548.659300,808181847.609000,1676501688.462400,3581305084.730700,295269,113396,502451,911116
2026-07-21,EDGX Equities (K),127549012.000000,152470861.000000,348399308.000000,628419181.000000,6420347331.753100,6609134725.253798,18375788155.299693,31405270212.306591,1360903,1046521,2960091,5367515
2026-07-21,LTSE (L),536105.000000,359805.000000,1747091.000000,2643001.000000,27833073.690000,18761162.798800,25125569.993800,71719806.482600,6961,4249,22644,33854
2026-07-21,NYSE Texas (M),16510944.000000,18229047.000000,38624776.000000,73364767.000000,2027201828.696400,2594146939.461101,6614634512.519899,11235983280.677400,45615,12259,56347,114221
2026-07-21,NYSE (N),1166105903.000000,62409267.000000,134890527.000000,1363405697.000000,74676767751.639922,3046461464.331100,6102265793.327902,83825495009.298924,5513393,347263,1129589,6990245
2026-07-21,NYSE Arca (P),240891046.000000,450874776.000000,869484287.000000,1561250109.000000,12513751140.504100,28984180173.676520,35555699867.080509,77053631181.261129,2906400,2802922,7151906,12861228
2026-07-21,NASDAQ (Q),427463224.000000,212842203.000000,1624238006.000000,2264543433.000000,25432300604.390004,15170357389.530506,135771359301.443235,176374017295.363745,6018988,1865977,12126710,20011675
2026-07-21,Members Exchange (U),55402176.000000,57806033.000000,231566136.000000,344774345.000000,3140796185.168199,2901956397.941700,8212468953.397698,14255221536.507597,663279,445195,1479750,2588224
2026-07-21,Investors Exchange (V),273242841.000000,159153225.000000,274397407.000000,706793473.000000,15830981327.413906,6166064056.260701,17342066045.294606,39339111428.969213,3112610,530392,2910539,6553541
2026-07-21,NASDAQ PSX (X),6285886.000000,2896581.000000,6707859.000000,15890326.000000,373128141.928000,278807237.049000,633925575.759900,1285860954.736900,74247,23224,104203,201674
2026-07-21,BYX Equities (Y),33248938.000000,23004551.000000,44200467.000000,100453956.000000,1555802165.159000,1083245716.321800,2251937891.568202,4890985773.049002,428258,183157,553093,1164508
2026-07-21,BZX Equities (Z),188007991.000000,136648984.000000,224043741.000000,548700716.000000,10880352789.568797,7722587347.583203,16105091471.554704,34708031608.706704,2517646,992115,2708249,6218010
2026-07-20,NYSE American (A),5624408.000000,20905663.000000,6126945.000000,32657016.000000,392373507.332700,359461570.887100,499355527.226600,1251190605.446400,68297,85938,70195,224430
2026-07-20,NASDAQ Texas (B),12401862.000000,10066169.000000,15548079.000000,38016110.000000,821802168.473900,543600964.977600,1117780516.447000,2483183649.898500,168054,76630,212789,457473
2026-07-20,NYSE National (C),21716974.000000,10818364.000000,18509308.000000,51044646.000000,788722216.024100,461538108.746500,776517689.316700,2026778014.087300,247668,72711,231395,551774
2026-07-20,FINRA / Nasdaq TRF Chicago (DB),12249943.267441,7793788.903394,26486543.827503,46530275.998338,669567064.009839,448877922.684226,2684357775.215189,3802802761.909254,101826,45659,242294,389779
2026-07-20,FINRA / NYSE TRF (DN),137885708.649459,83796118.340210,203848815.212555,425530642.202224,6197369284.632909,3924068623.942511,10547866582.705702,20669304491.281122,802547,319840,1265439,2387826
2026-07-20,FINRA / Nasdaq TRF Carteret (DQ),2456426188.352313,1624315278.051348,3659077336.993514,7739818803.397175,117489064756.272257,78100669244.749762,189434823916.321803,385024557917.343822,21137603,5849809,27288057,54275469
2026-07-20,Texas Stock Exchange (F),418645.000000,495786.000000,231328.000000,1145759.000000,15799838.945000,16002626.015000,12482007.100000,44284472.060000,2075,4949,2157,9181
2026-07-20,24X National Exchange (G),632247.000000,2359559.000000,2374035.000000,5365841.000000,27742303.033800,45309390.159700,84690480.546900,157742173.740400,4971,7984,18908,31863
2026-07-20,MIAX Pearl (H),19053634.000000,30732668.000000,54119719.000000,103906021.000000,646884787.461500,1224739916.799500,1536940791.970699,3408565496.231699,194934,138818,353755,687507
2026-07-20,EDGA Equities (J),22157232.000000,17667799.000000,47248030.000000,87073061.000000,1013322004.358700,1190149592.239800,1452912015.011800,3656383611.610300,300358,129348,407421,837127
2026-07-20,EDGX Equities (K),131546856.000000,170167522.000000,281959423.000000,583673801.000000,5988321777.569497,7343401103.004604,16296961249.441298,29628684130.015399,1346740,1023166,2816304,5186210
2026-07-20,LTSE (L),546697.000000,204413.000000,1066120.000000,1817230.000000,25022238.045000,12597353.012100,27941676.383200,65561267.440300,8571,3437,17365,29373
2026-07-20,NYSE Texas (M),25451520.000000,18638706.000000,45283345.000000,89373571.000000,3105541633.135899,2098445005.563500,6031308838.356301,11235295477.055700,55770,13314,64896,133980
2026-07-20,NYSE (N),1149175347.000000,67010250.000000,136968854.000000,1353154451.000000,71508646616.132520,3386925847.047900,5879396747.111199,80774969210.291619,5730724,367157,1072510,7170391
2026-07-20,NYSE Arca (P),233934579.000000,454149892.000000,685712938.000000,1373797409.000000,11660089239.532694,29027196939.245588,32019691887.590907,72706978066.369189,2836023,2672599,6678431,12187053
2026-07-20,NASDAQ (Q),436754803.000000,233717503.000000,1511799475.000000,2182271781.000000,24903487193.841995,17835837481.014296,118829963663.220464,161569288338.076755,6236503,2005953,12032417,20274873
2026-07-20,Members Exchange (U),61526067.000000,61811871.000000,169791835.000000,293129773.000000,2946343335.273900,3331006313.360601,7565085709.847200,13842435358.481701,676450,418883,1312752,2408085
2026-07-20,Investors Exchange (V),276970166.000000,163363512.000000,285676810.000000,726010488.000000,15342555907.113096,6431123793.762701,17385824827.862596,39159504528.738393,3103435,536239,3006641,6646315
2026-07-20,NASDAQ PSX (X),5094482.000000,3999417.000000,6105654.000000,15199553.000000,327643917.111300,390738548.048500,609925588.845700,1328308054.005500,67049,26698,98712,192459
2026-07-20,BYX Equities (Y),31194349.000000,25770342.000000,41956207.000000,98920898.000000,1359181717.243100,1256357255.739200,2114070686.782400,4729609659.764700,410890,199081,556736,1166707
2026-07-20,BZX Equities (Z),189401605.000000,153536743.000000,216560647.000000,559498995.000000,10596529476.338302,8624866360.590591,15418806435.976993,34640202272.905886,2633443,1046462,2721895,6401800
2026-07-17,NYSE American (A),6288394.000000,45294214.000000,7198680.000000,58781288.000000,402713428.131100,551837063.694800,631288859.544300,1585839351.370200,78070,113760,83384,275214
2026-07-17,NASDAQ Texas (B),12879451.000000,14421835.000000,18760721.000000,46062007.000000,991361328.023800,753644104.522500,1634904218.060700,3379909650.607000,190146,100132,286071,576349
2026-07-17,NYSE National (C),17917681.000000,11363945.000000,27957828.000000,57239454.000000,852913562.907100,512994571.976500,1177331456.625800,2543239591.509400,245367,85473,301985,632825
2026-07-17,FINRA / Nasdaq TRF Chicago (DB),11970255.407184,15721884.090235,30290534.635347,57982674.132766,746456835.222792,674999466.836899,3673128798.881975,5094585100.941666,117011,69221,319929,506161
2026-07-17,FINRA / NYSE TRF (DN),121795496.003991,130302380.934170,242594684.595999,494692561.534160,6643651836.673105,7996763778.296200,19016091535.651624,33656507150.620929,862696,602455,1619983,3085134
2026-07-17,FINRA / Nasdaq TRF Carteret (DQ),2314178472.060207,2271274858.636170,3863344440.783597,8448797771.479974,129591234290.237625,98587229726.926113,257011203679.520110,485189667696.683848,22298795,7413481,30201217,59913493
2026-07-17,Texas Stock Exchange (F),5378.000000,42740.000000,17979.000000,66097.000000,120269.530000,370237.800000,247262.905000,737770.235000,54,82,82,218
2026-07-17,24X National Exchange (G),753017.000000,7845593.000000,2365658.000000,10964268.000000,46057346.937800,104801939.199300,117320464.740200,268179750.877300,7294,14679,19101,41074
2026-07-17,MIAX Pearl (H),19421091.000000,46380515.000000,52890648.000000,118692254.000000,860968432.729100,1723662947.078200,2139733907.553901,4724365287.361201,226299,208761,368832,803892
2026-07-17,EDGA Equities (J),27777358.000000,28283500.000000,48410510.000000,104471368.000000,1466670051.128200,1306799358.008900,2337692211.859901,5111161620.997001,367105,174275,482630,1024010
2026-07-17,EDGX Equities (K),129681038.000000,254781509.000000,310056291.000000,694518838.000000,7280207327.402092,10308683889.699992,23655562436.821689,41244453653.923773,1572474,1555878,3463517,6591869
2026-07-17,LTSE (L),596616.000000,445911.000000,1086283.000000,2128810.000000,32318703.965000,25143263.284300,46806140.536400,104268107.785700,8480,5189,17815,31484
2026-07-17,NYSE Texas (M),49630539.000000,24297791.000000,67568883.000000,141497213.000000,5596810538.611001,2632932189.797700,13489716035.766103,21719458764.174804,52512,20581,61078,134171
2026-07-17,NYSE (N),1376937993.000000,104441584.000000,145181288.000000,1626560865.000000,93741769199.518440,4734991152.397000,7912851102.482100,106389611454.397540,6240867,518810,1292278,8051955
2026-07-17,NYSE Arca (P),250721670.000000,679348593.000000,662142733.000000,1592212996.000000,14212579527.029507,42915578098.417892,46257392846.780201,103385550472.227600,3315533,3931775,7651790,14899098
2026-07-17,NASDAQ (Q),454600330.000000,345257447.000000,1802812550.000000,2602670327.000000,28216947953.186312,25410281409.005510,167170122263.682201,220797351625.874023,6930159,2835719,14532427,24298305
2026-07-17,Members Exchange (U),60553045.000000,97589604.000000,162038412.000000,320181061.000000,3582374462.519000,4347948344.080301,10188923194.814599,18119246001.413900,781106,627224,1538572,2946902
2026-07-17,Investors Exchange (V),288258335.000000,195836028.000000,313267454.000000,797361817.000000,16792338636.592100,8843645034.957701,22465640045.484706,48101623717.034507,3316303,713401,3411406,7441110
2026-07-17,NASDAQ PSX (X),5229218.000000,5492341.000000,8403523.000000,19125082.000000,329548084.863400,527854621.464000,862762288.674200,1720164995.001600,78854,44052,133330,256236
2026-07-17,BYX Equities (Y),33734830.000000,34713392.000000,45404965.000000,113853187.000000,1705211327.523300,1610621413.139300,3004358573.692501,6320191314.355101,453661,257283,660867,1371811
2026-07-17,BZX Equities (Z),208291564.000000,211716292.000000,255038710.000000,675046566.000000,13044468843.277593,11844608566.485298,22459061100.632316,47348138510.395207,2929263,1427076,3363404,7719743
2026-07-16,NYSE American (A),4411165.000000,30685714.000000,6154130.000000,41251009.000000,277740684.823200,346142467.361700,465067769.641200,1088950921.826100,55552,98179,63465,217196
2026-07-16,NASDAQ Texas (B),13906701.000000,11796086.000000,20940672.000000,46643459.000000,1241841580.385000,610446926.604800,1807179559.306700,3659468066.296500,208827,82651,295023,586501
2026-07-16,NYSE National (C),20226565.000000,10093180.000000,21567731.000000,51887476.000000,944826422.571900,424577025.689500,1062718904.621500,2432122352.882900,269661,77507,277293,624461
2026-07-16,FINRA / Nasdaq TRF Chicago (DB),14075434.646099,12526543.244640,33542988.408683,60144966.299422,910404505.920717,561003054.051225,3271916548.800830,4743324108.772772,135940,60962,312734,509636
2026-07-16,FINRA / NYSE TRF (DN),124248635.373049,86976070.126358,242826202.666025,454050908.165432,6984096282.896204,4282613874.255974,14180090526.831094,25446800683.983272,845112,362337,1375743,2583192
2026-07-16,FINRA / Nasdaq TRF Carteret (DQ),2460851632.248027,1855266709.611924,4226565745.728285,8542684087.588236,138846570285.766736,77420417816.364658,232313460840.782622,448580448942.914016,23151810,6798944,30951265,60902019
2026-07-16,Texas Stock Exchange (F),12681.000000,2679.000000,13088.000000,28448.000000,82238.010000,189998.440000,672116.430000,944352.880000,32,42,78,152
2026-07-16,24X National Exchange (G),797526.000000,3751219.000000,2529958.000000,7078703.000000,38987364.535200,67223496.821600,132343714.686500,238554576.043300,5788,10027,19273,35088
2026-07-16,MIAX Pearl (H),20549468.000000,33414605.000000,60523968.000000,114488041.000000,923225955.391700,1356886058.734500,2013641507.368499,4293753521.494699,230834,167957,389609,788400
2026-07-16,EDGA Equities (J),27624223.000000,20327058.000000,79460124.000000,127411405.000000,1364112849.546800,1006349200.794900,2042305280.005200,4412767330.346900,352598,132681,502842,988121
2026-07-16,EDGX Equities (K),134901962.000000,194130846.000000,340985643.000000,670018451.000000,7554910841.680299,8363587603.943804,19864651608.792913,35783150054.417016,1556702,1235885,3240737,6033324
2026-07-16,LTSE (L),711951.000000,292406.000000,1243792.000000,2248149.000000,33086120.005000,13863854.749100,35386280.587600,82336255.341700,8323,3939,21690,33952
2026-07-16,NYSE Texas (M),27678660.000000,18902727.000000,44258633.000000,90840020.000000,2868756514.590499,2477108333.488400,4972818087.180900,10318682935.259799,73159,19205,81553,173917
2026-07-16,NYSE (N),1261645992.000000,76104800.000000,149235318.000000,1486986110.000000,83741897036.317725,3688140363.959000,7397317241.172496,94827354641.449221,6357929,436845,1301135,8095909
2026-07-16,NYSE Arca (P),267337653.000000,535955228.000000,752832838.000000,1556125719.000000,15223040555.182501,34514651547.733109,43243089275.926317,92980781378.841927,3384816,3307352,7718584,14410752
2026-07-16,NASDAQ (Q),475308098.000000,268816647.000000,1770076875.000000,2514201620.000000,30046786387.666994,19857743161.805593,157520474975.143037,207425004524.615624,6882295,2335142,14288764,23506201
2026-07-16,Members Exchange (U),59899810.000000,65267446.000000,191109539.000000,316276795.000000,3735778469.297602,3234977695.536201,9491598312.048899,16462354476.882702,778619,488908,1562635,2830162
2026-07-16,Investors Exchange (V),294566738.000000,176137966.000000,311958821.000000,782663525.000000,17864169451.464499,7447090791.638200,20454660467.913409,45765920711.016108,3422931,618056,3366778,7407765
2026-07-16,NASDAQ PSX (X),5899617.000000,4266287.000000,9860276.000000,20026180.000000,381513431.525900,382158434.764900,749138863.682300,1512810729.973100,87018,32780,130012,249810
2026-07-16,BYX Equities (Y),33070748.000000,30335717.000000,48411151.000000,111817616.000000,1784293241.036200,1313492153.878801,2822676248.708899,5920461643.623900,442658,202492,635522,1280672
2026-07-16,BZX Equities (Z),219993670.000000,173011221.000000,259910467.000000,652915358.000000,13203187682.926902,9425712594.921602,19714041541.812005,42342941819.660509,2892730,1209875,3198583,7301188
2026-07-15,NYSE American (A),6480012.000000,26268383.000000,6495083.000000,39243478.000000,421322583.586600,376544888.072500,544975115.581400,1342842587.240500,71405,102171,72841,246417
2026-07-15,NASDAQ Texas (B),14251306.000000,11757878.000000,19684477.000000,45693661.000000,1047405539.732700,632455142.104400,1606192760.061500,3286053441.898600,197730,88845,262343,548918
2026-07-15,NYSE National (C),19113197.000000,11046190.000000,24810184.000000,54969571.000000,844103668.223300,462398919.807700,1099123198.093000,2405625786.124000,246980,74046,262468,583494
2026-07-15,FINRA / Nasdaq TRF Chicago (DB),13178630.056768,12066797.715926,33662936.388484,58908364.161178,872019324.402884,606999461.348254,3805207108.272665,5284225894.023803,123337,59123,325336,507796
2026-07-15,FINRA / NYSE TRF (DN),125566032.574251,89378879.666128,222088422.401004,437033334.641383,6711928884.892114,3274016892.526843,13419251137.398325,23405196914.817282,845363,356604,1416085,2618052
2026-07-15,FINRA / Nasdaq TRF Carteret (DQ),2413980786.605168,1939075078.557590,3694808962.701430,8047864827.864188,132129085655.079658,79711302101.145933,233297691627.639017,445138079383.864608,22488941,6927203,30198422,59614566
2026-07-15,Texas Stock Exchange (F),400.000000,20221.000000,4550.000000,25171.000000,7095.000000,83684.620000,36434.100000,127213.720000,4,24,22,50
2026-07-15,24X National Exchange (G),745973.000000,2944908.000000,2788352.000000,6479233.000000,36538030.022200,69405405.224600,154393298.280100,260336733.526900,5745,10178,21097,37020
2026-07-15,MIAX Pearl (H),18733076.000000,38537843.000000,56188855.000000,113459774.000000,866555696.713200,1384445149.419800,2045563138.445299,4296563984.578299,222604,177667,386410,786681
2026-07-15,EDGA Equities (J),25775657.000000,26735225.000000,47576147.000000,100087029.000000,1302801374.325200,1115321489.405000,2095497829.353700,4513620693.083900,337564,149296,472873,959733
2026-07-15,EDGX Equities (K),131422325.000000,195621568.000000,320493525.000000,647537418.000000,7205196529.571395,8024664935.426693,20975411102.382806,36205272567.380894,1473890,1181472,3163099,5818461
2026-07-15,LTSE (L),580722.000000,681500.000000,1424151.000000,2686373.000000,29706117.160000,30267447.380900,33182798.450400,93156362.991300,8530,4566,22172,35268
2026-07-15,NYSE Texas (M),15786309.000000,11673032.000000,28740710.000000,56200051.000000,1454376909.736900,1645039449.008300,4427842018.444699,7527258377.189899,29931,12649,41558,84138
2026-07-15,NYSE (N),1222880245.000000,76669366.000000,137640797.000000,1437190408.000000,82988100599.050992,3844172879.843399,7390582093.734898,94222855572.629289,6098379,435085,1242720,7776184
2026-07-15,NYSE Arca (P),245981813.000000,564057440.000000,670396018.000000,1480435271.000000,13964605203.281993,33087164910.025806,40934764580.314371,87986534693.622170,3173584,3254612,7499474,13927670
2026-07-15,NASDAQ (Q),460348157.000000,285648020.000000,1624113535.000000,2370109712.000000,28419395444.616798,20740443752.248206,151047041296.731614,200206880493.596618,6847245,2467841,13845510,23160596
2026-07-15,Members Exchange (U),57336117.000000,75173862.000000,156986232.000000,289496211.000000,3659226573.723400,3370464757.622898,10195411450.467401,17225102781.813699,735425,502567,1526746,2764738
2026-07-15,Investors Exchange (V),299734428.000000,177703845.000000,298478643.000000,775916916.000000,16910142285.287899,7682186134.199501,20927761592.706204,45520090012.193604,3416204,621786,3274746,7312736
2026-07-15,NASDAQ PSX (X),5739696.000000,4777917.000000,8001255.000000,18518868.000000,439104083.617200,415511010.817600,900006637.927400,1754621732.362200,85860,33306,130603,249769
2026-07-15,BYX Equities (Y),32709144.000000,30022788.000000,43878181.000000,106610113.000000,1663424687.897600,1353961337.599699,2785523160.959100,5802909186.456399,436854,206357,606331,1249542
2026-07-15,BZX Equities (Z),206300176.000000,173712310.000000,230835196.000000,610847682.000000,13068888312.190695,9697006621.361104,20680986061.794600,43446880995.346399,2873301,1185700,3094153,7153154
2026-07-14,NYSE American (A),5719224.000000,25593247.000000,5956260.000000,37268731.000000,332464655.113000,387317938.783500,389850923.311100,1109633517.207600,62263,91622,62334,216219
2026-07-14,NASDAQ Texas (B),13958228.000000,12354672.000000,18429296.000000,44742196.000000,1075881231.000000,599104907.825400,1327296799.097900,3002282937.923300,195737,77858,249127,522722
2026-07-14,NYSE National (C),17683170.000000,12546327.000000,20522041.000000,50751538.000000,829233232.680800,466050039.963600,848033862.203500,2143317134.847900,230094,74158,231557,535809
2026-07-14,FINRA / Nasdaq TRF Chicago (DB),12378336.925498,12244255.630981,29069253.432797,53691845.989276,855825904.633238,530813927.095664,2860761707.630886,4247401539.359788,118876,50603,260736,430215
2026-07-14,FINRA / NYSE TRF (DN),114589227.735219,109165118.585926,204546104.553354,428300450.874499,6338824126.795148,3755029421.000492,10678106943.001215,20771960490.796855,799153,396915,1310097,2506165
2026-07-14,FINRA / Nasdaq TRF Carteret (DQ),2231156191.423090,2086640322.809805,3674841868.724202,7992638382.957097,129014918997.695207,68880908582.609420,200103889814.228848,397999717394.533475,21484830,6098310,27876057,55459197
2026-07-14,Texas Stock Exchange (F),702.000000,6201.000000,1803.000000,8706.000000,35010.950000,321373.050000,17377.440000,373761.440000,9,63,13,85
2026-07-14,24X National Exchange (G),610010.000000,3183977.000000,2353760.000000,6147747.000000,37725952.199200,66782236.894900,90602426.351200,195110615.445300,4535,9416,17925,31876
2026-07-14,MIAX Pearl (H),18381796.000000,44974140.000000,57268916.000000,120624852.000000,821236353.424600,1402063341.749800,1691227286.353299,3914526981.527699,208601,169252,414637,792490
2026-07-14,EDGA Equities (J),23236484.000000,33002623.000000,50524294.000000,106763401.000000,1160030878.659300,964740625.746300,1663147885.345500,3787919389.751100,317428,150993,449314,917735
2026-07-14,EDGX Equities (K),125311479.000000,267158119.000000,313290795.000000,705760393.000000,7121383947.370197,7603846264.049406,17275683514.664708,32000913726.084311,1432870,1127334,2934272,5494476
2026-07-14,LTSE (L),553399.000000,461625.000000,1003333.000000,2018357.000000,28898892.150000,21288992.943900,28529377.161700,78717262.255600,9360,4031,19369,32760
2026-07-14,NYSE Texas (M),19291083.000000,25599328.000000,28946017.000000,73836428.000000,2693420205.847300,3149127048.285800,5249718725.003600,11092265979.136700,26609,12770,34564,73943
2026-07-14,NYSE (N),1174303905.000000,100555588.000000,143340626.000000,1418200119.000000,77342013157.871043,3858115880.468700,5929302894.292301,87129431932.632044,5720994,417167,1172155,7310316
2026-07-14,NYSE Arca (P),232649328.000000,688594682.000000,770906958.000000,1692150968.000000,14366657335.627699,33242608396.339595,34364515548.632307,81973781280.599601,3105953,3047048,7368085,13521086
2026-07-14,NASDAQ (Q),430867103.000000,313336804.000000,1633743033.000000,2377946940.000000,26978145951.598898,18952239452.712090,128718261143.535012,174648646547.846000,6391612,2254287,12276409,20922308
2026-07-14,Members Exchange (U),54778630.000000,90266032.000000,173642436.000000,318687098.000000,3556970436.476000,3209574098.358400,8267387303.956705,15033931838.791105,716313,431874,1399274,2547461
2026-07-14,Investors Exchange (V),275270157.000000,207011600.000000,277747897.000000,760029654.000000,15407053604.062401,7583453395.807398,16827927693.767496,39818434693.637295,3129179,609000,2933839,6672018
2026-07-14,NASDAQ PSX (X),5046095.000000,6200483.000000,7128172.000000,18374750.000000,410837032.990500,431395336.543000,649913752.912200,1492146122.445700,85544,35336,111812,232692
2026-07-14,BYX Equities (Y),32645779.000000,32093518.000000,47139122.000000,111878419.000000,1595594754.524900,1295117788.782600,2303734690.654900,5194447233.962400,431607,207926,572378,1211911
2026-07-14,BZX Equities (Z),180069872.000000,188416879.000000,231666168.000000,600152919.000000,11428722527.221600,9373271608.603404,15702296461.396400,36504290597.221404,2640420,1143955,2823756,6608131
2026-07-13,NYSE American (A),4693154.000000,28342499.000000,6532579.000000,39568232.000000,287519091.440800,377449094.603800,428418818.504300,1093387004.548900,52689,104778,64372,221839
2026-07-13,NASDAQ Texas (B),11479479.000000,12733308.000000,17426055.000000,41638842.000000,781930923.419200,644135641.720600,1373338262.574000,2799404827.713800,159961,83716,249597,493274
2026-07-13,NYSE National (C),18708023.000000,14137891.000000,20891508.000000,53737422.000000,759309515.864600,537696449.748200,968543082.824400,2265549048.437200,240837,81794,250909,573540
2026-07-13,FINRA / Nasdaq TRF Chicago (DB),12021938.540160,15322129.709495,26920559.767018,54264628.016673,735021618.835894,669201905.350146,2860403706.634050,4264627230.820090,113844,61250,276414,451508
2026-07-13,FINRA / NYSE TRF (DN),120995915.466381,112011396.678782,213117164.507318,446124476.652481,5588904113.248586,3367361568.689859,11239345808.285593,20195611490.224038,816224,443062,1455152,2714438
2026-07-13,FINRA / Nasdaq TRF Carteret (DQ),2088356635.650346,2025442604.683211,3506384349.959361,7620183590.292918,110049914290.807313,73435309898.573222,196299147355.237024,379784371544.617559,21456731,6850702,30018568,58326001
2026-07-13,Texas Stock Exchange (F),304.000000,9381.000000,267.000000,9952.000000,14997.110000,489466.210000,15305.975000,519769.295000,7,99,17,123
2026-07-13,24X National Exchange (G),588867.000000,3507860.000000,2620075.000000,6716802.000000,30190420.127000,75370520.529000,99579316.984900,205140257.640900,4192,10189,20081,34462
2026-07-13,MIAX Pearl (H),18797860.000000,40852096.000000,62435034.000000,122084990.000000,696719089.351000,1412135054.669100,1710602209.821700,3819456353.841800,198099,183992,456402,838493
2026-07-13,EDGA Equities (J),24514874.000000,25379352.000000,54487982.000000,104382208.000000,1146279776.890000,1117224518.239600,1924520872.762800,4188025167.892400,315461,147506,500677,963644
2026-07-13,EDGX Equities (K),121194593.000000,221884741.000000,294156336.000000,637235670.000000,5857367038.606295,7461714549.446199,17929012602.902405,31248094190.954899,1329481,1078171,3004215,5411867
2026-07-13,LTSE (L),471010.000000,348856.000000,1386365.000000,2206231.000000,21141948.350000,11716785.866100,31202962.305000,64061696.521100,8575,3716,23327,35618
2026-07-13,NYSE Texas (M),22962417.000000,12946458.000000,35867023.000000,71775898.000000,2472886291.795901,1814606321.619000,5235535428.886100,9523028042.301001,50870,15337,57714,123921
2026-07-13,NYSE (N),1157405741.000000,97581704.000000,142396500.000000,1397383945.000000,71777537608.885220,4098796697.812801,6763033914.694100,82639368221.392121,5552349,461997,1190833,7205179
2026-07-13,NYSE Arca (P),225903056.000000,642302886.000000,721606465.000000,1589812407.000000,11788842906.333800,34326571793.475593,38167369306.142088,84282784005.951481,2873493,3192424,7595909,13661826
2026-07-13,NASDAQ (Q),430225462.000000,318212530.000000,1620692974.000000,2369130966.000000,24390508888.930900,20724879309.315291,139177147234.930245,184292535433.176436,6189627,2421639,13126444,21737710
2026-07-13,Members Exchange (U),55456104.000000,78808699.000000,162897435.000000,297162238.000000,3029258297.197900,3480035835.038599,8502537800.664105,15011831932.900604,673490,475245,1509255,2657990
2026-07-13,Investors Exchange (V),277315378.000000,206617172.000000,296925781.000000,780858331.000000,14425043791.383301,7763904962.832799,18551287003.826205,40740235758.042305,3104974,641971,3094728,6841673
2026-07-13,NASDAQ PSX (X),4344812.000000,4866952.000000,6920171.000000,16131935.000000,261748979.496400,475893318.774100,560054809.542200,1297697107.812700,63366,37300,108950,209616
2026-07-13,BYX Equities (Y),31373424.000000,36427592.000000,42889901.000000,110690917.000000,1362418534.555100,1336314562.257900,2327333230.882700,5026066327.695700,398232,203921,578825,1180978
2026-07-13,BZX Equities (Z),180708575.000000,200012051.000000,232363799.000000,613084425.000000,10244647294.294300,9842170429.822502,17969945889.945107,38056763614.061909,2499987,1152427,2907684,6560098
2026-07-10,NYSE American (A),4183931.000000,20972849.000000,5494675.000000,30651455.000000,233457559.251400,358587214.019800,407919553.891000,999964327.162200,45286,81268,55489,182043
2026-07-10,NASDAQ Texas (B),12458863.000000,12605584.000000,17749251.000000,42813698.000000,745396159.827000,601433536.628300,1462365640.078500,2809195336.533800,165303,77219,232249,474771
2026-07-10,NYSE National (C),15834934.000000,13714344.000000,18617829.000000,48167107.000000,623714796.921600,481822590.049300,822519130.912700,1928056517.883600,210087,71803,223670,505560
2026-07-10,FINRA / Nasdaq TRF Chicago (DB),9607662.009978,13703608.418373,27222187.721728,50533458.150079,565627758.191372,490164563.289263,2994268646.540787,4050060968.021422,95386,45917,259234,400537
2026-07-10,FINRA / NYSE TRF (DN),95748816.588164,89720494.622273,213497964.774225,398967275.984662,5014924539.209395,2927641946.784568,12494604540.141960,20437171026.135923,678900,317862,1270263,2267025
2026-07-10,FINRA / Nasdaq TRF Carteret (DQ),1857709922.652886,1794327954.329303,3484720910.228639,7136758787.210828,99141285439.494794,67741891666.753494,195261237902.562627,362144415008.810915,19645906,5778082,28584463,54008451
2026-07-10,Texas Stock Exchange (F),2017.000000,623.000000,2157.000000,4797.000000,96486.935000,32270.060000,120874.160000,249631.155000,30,17,53,100
2026-07-10,24X National Exchange (G),470971.000000,3730737.000000,2574519.000000,6776227.000000,23640892.146100,70478025.732400,108059210.657000,202178128.535500,3847,9341,19429,32617
2026-07-10,MIAX Pearl (H),15522798.000000,33745186.000000,57476934.000000,106744918.000000,599775827.525900,1215295418.698200,1583616876.350500,3398688122.574600,173436,137259,407716,718411
2026-07-10,EDGA Equities (J),20254018.000000,21333541.000000,57861400.000000,99448959.000000,945628593.651300,1036803689.618300,1772144175.453300,3754576458.722900,262584,128054,428357,818995
2026-07-10,EDGX Equities (K),105788735.000000,190602184.000000,298078572.000000,594469491.000000,5331268617.493095,6813029639.706801,17418571034.985586,29562869292.185482,1170452,899836,2681187,4751475
2026-07-10,LTSE (L),605851.000000,408651.000000,809954.000000,1824456.000000,25580774.995000,16900432.375700,21377199.762800,63858407.133500,9330,5139,15399,29868
2026-07-10,NYSE Texas (M),25255179.000000,13754356.000000,33777721.000000,72787256.000000,2502050691.667800,3527058391.509001,5596509750.464402,11625618833.641203,48505,14620,56689,119814
2026-07-10,NYSE (N),983830432.000000,75966212.000000,132592976.000000,1192389620.000000,61871379385.687917,3456444337.902500,6083726877.153699,71411550600.744116,4785905,358720,1082874,6227499
2026-07-10,NYSE Arca (P),184705562.000000,541948094.000000,799831262.000000,1526484918.000000,9834240046.373604,28673211657.530717,32227508205.507530,70734959909.411851,2401475,2525619,6950286,11877380
2026-07-10,NASDAQ (Q),351133567.000000,251964858.000000,1483091466.000000,2086189891.000000,20125561153.524102,17191555018.980607,121069538760.558352,158386654933.063061,5229157,1914442,11223338,18366937
2026-07-10,Members Exchange (U),47640604.000000,67692310.000000,173437219.000000,288770133.000000,2555975363.012200,3148966880.720600,8286696097.892997,13991638341.625797,546719,355222,1262733,2164674
2026-07-10,Investors Exchange (V),222595627.000000,173682917.000000,261170646.000000,657449190.000000,11834156827.426306,6462184137.039598,17290322550.881399,35586663515.347303,2651481,530274,2781412,5963167
2026-07-10,NASDAQ PSX (X),3959792.000000,3988162.000000,6739382.000000,14687336.000000,263030712.939800,433845295.606400,679624774.483600,1376500783.029800,59171,29137,101997,190305
2026-07-10,BYX Equities (Y),27553897.000000,33270057.000000,41113067.000000,101937021.000000,1253312341.432600,1243862239.542800,2196426863.352000,4693601444.327400,365873,191679,526806,1084358
2026-07-10,BZX Equities (Z),152889822.000000,161186626.000000,206587868.000000,520664316.000000,8513623982.591205,8699007160.969106,15994002852.946908,33206633996.507219,2230172,955208,2558262,5743642
2026-07-09,NYSE American (A),4944331.000000,25179909.000000,6956436.000000,37080676.000000,325690947.778100,378960123.698200,565736188.507900,1270387259.984200,59637,85102,72565,217304
2026-07-09,NASDAQ Texas (B),11426922.000000,14353354.000000,17253152.000000,43033428.000000,880491146.139000,561312870.866300,1497584349.247901,2939388366.253201,164723,70964,229881,465568
2026-07-09,NYSE National (C),16929511.000000,16126776.000000,24906304.000000,57962591.000000,728903258.962100,421412588.885400,988287154.955000,2138603002.802500,224264,66444,242046,532754
2026-07-09,FINRA / Nasdaq TRF Chicago (DB),12039430.854384,12455135.034547,27949846.523533,52444412.412464,787809703.394356,590062103.738685,3126814364.091235,4504686171.224276,99288,51721,268528,419537
2026-07-09,FINRA / NYSE TRF (DN),109174258.270149,98897093.826319,222493755.350025,430565107.446493,5912121113.521004,4945859774.365616,13317129618.752120,24175110506.638740,745414,370838,1343520,2459772
2026-07-09,FINRA / Nasdaq TRF Carteret (DQ),2154620219.236845,1979384360.788376,3744958055.346736,7878962635.371957,120038146924.388771,74340514806.761279,227319265763.668729,421697927494.818779,20923413,6123917,29324247,56371577
2026-07-09,24X National Exchange (G),592074.000000,4466113.000000,2454334.000000,7512521.000000,32391209.372500,67875654.104300,120046512.128800,220313375.605600,4726,8588,17700,31014
2026-07-09,MIAX Pearl (H),16820621.000000,32954863.000000,54695990.000000,104471474.000000,691853969.205200,1143391251.814000,1647350974.109699,3482596195.128899,177294,135237,362494,675025
2026-07-09,EDGA Equities (J),22559108.000000,24474240.000000,47710975.000000,94744323.000000,1148513558.427900,1048223830.531400,1863554502.684600,4060291891.643900,294434,129139,435287,858860
2026-07-09,EDGX Equities (K),109188854.000000,226424050.000000,292914484.000000,628527388.000000,5898647459.683901,7004111687.517203,19612940763.896315,32515699911.097419,1231139,989489,2792126,5012754
2026-07-09,LTSE (L),529350.000000,179776.000000,1715199.000000,2424325.000000,24096394.025000,7940845.592100,30519938.255100,62557177.872200,8057,2487,21888,32432
2026-07-09,NYSE Texas (M),12608370.000000,14376963.000000,33558620.000000,60543953.000000,1075860799.062500,3273244134.548601,5823082193.993698,10172187127.604799,47465,16541,61950,125956
2026-07-09,NYSE (N),1103321572.000000,89673530.000000,126584783.000000,1319579885.000000,71883353198.478613,3453187153.679300,6839870791.218599,82176411143.376512,5348075,344349,1124851,6817275
2026-07-09,NYSE Arca (P),211811883.000000,588553251.000000,724873549.000000,1525238683.000000,11569008205.217704,30851050652.870599,38838501355.167413,81258560213.255716,2612317,2602020,6986067,12200404
2026-07-09,NASDAQ (Q),395073027.000000,247615284.000000,1620560080.000000,2263248391.000000,23406779425.051612,16638385022.197102,148253446801.034902,188298611248.283616,5709317,1853528,12557546,20120391
2026-07-09,Members Exchange (U),48562624.000000,64158166.000000,158997738.000000,271718528.000000,2860337156.496802,3032989450.527099,8935667005.568308,14828993612.592209,572470,404723,1308268,2285461
2026-07-09,Investors Exchange (V),251162924.000000,162398615.000000,283234815.000000,696796354.000000,13852740714.875399,6430876726.255501,19116622602.809797,39400240043.940697,2913185,526537,3028277,6467999
2026-07-09,NASDAQ PSX (X),4670015.000000,3100145.000000,8549298.000000,16319458.000000,290420048.039200,310348544.817600,601018475.236300,1201787068.093100,65170,22944,105870,193984
2026-07-09,BYX Equities (Y),29510105.000000,32881991.000000,41357297.000000,103749393.000000,1495680732.008500,1101667691.132700,2551758824.578500,5149107247.719700,391784,150502,532240,1074526
2026-07-09,BZX Equities (Z),168214878.000000,177490374.000000,220790351.000000,566495603.000000,10249656116.443505,8649165842.608499,18362609979.600198,37261431938.652202,2404184,987641,2805362,6197187
2026-07-08,NYSE American (A),6841764.000000,34618273.000000,7059777.000000,48519814.000000,431006355.845200,429895355.946000,504005700.302800,1364907412.094000,82948,125262,80723,288933
2026-07-08,NASDAQ Texas (B),13264721.000000,14493004.000000,20100161.000000,47857886.000000,1023153527.652300,653705185.851300,1454088372.232000,3130947085.735600,194470,93444,270948,558862
2026-07-08,NYSE National (C),19543110.000000,15206529.000000,21816395.000000,56566034.000000,937039730.151800,482744360.679300,1034357979.871400,2454142070.702500,269488,82343,261565,613396
2026-07-08,FINRA / Nasdaq TRF Chicago (DB),12417182.994314,17657904.562261,27755316.079351,57830403.635926,784666930.610421,681179725.505271,3130976440.679050,4596823096.794742,116088,66644,271480,454212
2026-07-08,FINRA / NYSE TRF (DN),120887629.617015,135017569.289246,252861511.950970,508766710.857231,6210594713.613171,4272057303.783563,11331555670.380933,21814207687.777667,893550,476631,1425891,2796072
2026-07-08,FINRA / Nasdaq TRF Carteret (DQ),2351320269.086913,2407040163.986260,3898322465.002545,8656682898.075718,133806961004.225636,82237899257.651535,217557263217.013907,433602123478.891078,23234705,7606281,29971037,60812023
2026-07-08,24X National Exchange (G),727033.000000,4324484.000000,2710104.000000,7761621.000000,49093218.564000,76027856.618900,124880851.032500,250001926.215400,7157,12734,21276,41167
2026-07-08,MIAX Pearl (H),19519005.000000,47591004.000000,76717832.000000,143827841.000000,764762134.840000,1492021488.597400,1695412902.569000,3952196526.006400,212045,197483,375244,784772
2026-07-08,EDGA Equities (J),25133330.000000,26451335.000000,74864227.000000,126448892.000000,1279097384.484300,1156947986.914700,1896196373.522900,4332241744.921900,352562,154358,523500,1030420
2026-07-08,EDGX Equities (K),130465765.000000,338671393.000000,319526429.000000,788663587.000000,6619918450.558901,9012042831.306598,17459668598.616991,33091629880.482490,1504734,1368134,2983447,5856315
2026-07-08,LTSE (L),691847.000000,213690.000000,1377950.000000,2283487.000000,33970824.350000,10836872.966000,36383650.071000,81191347.387000,11517,2885,24063,38465
2026-07-08,NYSE Texas (M),21145741.000000,12988579.000000,28629414.000000,62763734.000000,1808915966.975000,1665293507.270800,8330936514.984999,11805145989.230799,43340,16974,56645,116959
2026-07-08,NYSE (N),1234694993.000000,114402469.000000,140700300.000000,1489797762.000000,77267896146.802799,4360076263.172100,6116186645.500900,87744159055.475799,5995218,478278,1196959,7670455
2026-07-08,NYSE Arca (P),247311330.000000,811272081.000000,760970909.000000,1819554320.000000,13191977952.408005,37469579447.303394,36958336399.293009,87619893799.004408,3322998,3741461,7236778,14301237
2026-07-08,NASDAQ (Q),471961248.000000,360858999.000000,1736613755.000000,2569434002.000000,27438373577.623986,22139729506.328105,135742770103.499895,185320873187.451986,7114080,2602081,14027056,23743217
2026-07-08,Members Exchange (U),58883340.000000,104508387.000000,190337692.000000,353729419.000000,3229182575.480499,3768893977.566897,8267963217.262302,15266039770.309698,710207,542112,1388981,2641300
2026-07-08,Investors Exchange (V),293148334.000000,217390531.000000,304172775.000000,814711640.000000,16284940963.197005,7858444922.523299,18573402094.318603,42716787980.038907,3456453,668463,3350967,7475883
2026-07-08,NASDAQ PSX (X),4478390.000000,4210642.000000,6403400.000000,15092432.000000,278238217.790000,384876784.657700,543761355.084300,1206876357.532000,68705,30756,101860,201321
2026-07-08,BYX Equities (Y),33434043.000000,41806470.000000,45318491.000000,120559004.000000,1692859173.143200,1412202629.713900,2532574416.659000,5637636219.516100,469871,220934,616618,1307423
2026-07-08,BZX Equities (Z),198551971.000000,233314326.000000,244262143.000000,676128440.000000,11456197753.095096,10809226758.922998,17296297553.686092,39561722065.704186,2856819,1286780,3132210,7275809
2026-07-07,NYSE American (A),7876951.000000,28143520.000000,8374059.000000,44394530.000000,454346064.330100,458859113.356300,649771476.323900,1562976654.010300,86514,110814,94897,292225
2026-07-07,NASDAQ Texas (B),13001655.000000,19074699.000000,23540045.000000,55616399.000000,1007709043.668300,715788321.653500,1752829624.767400,3476326990.089200,197399,96297,307494,601190
2026-07-07,NYSE National (C),19781225.000000,14531751.000000,23812896.000000,58125872.000000,937956550.549500,499952980.229500,1227159278.890200,2665068809.669200,277244,81552,298166,656962
2026-07-07,FINRA / Nasdaq TRF Chicago (DB),13411730.950408,17452777.960766,32746623.242209,63611132.153383,813035153.982706,716891469.157451,3619606168.303269,5149532791.443426,126542,70752,323067,520361
2026-07-07,FINRA / NYSE TRF (DN),117380264.026532,112520388.413998,248468633.522251,478369285.962781,6275199117.280272,3618893815.216803,14540238760.664892,24434331693.161967,849973,459044,1480185,2789202
2026-07-07,FINRA / Nasdaq TRF Carteret (DQ),2301930936.064822,2219864480.917849,4043766659.156710,8565562076.139381,130846129484.730899,77314290886.275306,239280182609.962117,447440602980.968322,23627367,7318959,32891628,63837954
2026-07-07,24X National Exchange (G),878846.000000,3484072.000000,2685453.000000,7048371.000000,48370207.581100,68674796.363700,145475249.825500,262520253.770300,6774,10508,21527,38809
2026-07-07,MIAX Pearl (H),18193300.000000,40887421.000000,63594063.000000,122674784.000000,789537582.170300,1385416554.600200,1947840283.412101,4122794420.182601,202657,175388,442576,820621
2026-07-07,EDGA Equities (J),24738822.000000,27992412.000000,71176466.000000,123907700.000000,1297579420.166100,1200792553.518800,2262983945.994401,4761355919.679301,327990,150667,566012,1044669
2026-07-07,EDGX Equities (K),133642381.000000,258617712.000000,352559232.000000,744819325.000000,6897104527.706695,8559362991.607099,20750709413.832612,36207176933.146406,1503213,1210656,3421924,6135793
2026-07-07,LTSE (L),521687.000000,282742.000000,1763130.000000,2567559.000000,25092251.900000,10227627.599400,37994246.025900,73314125.525300,8450,3216,23485,35151
2026-07-07,NYSE Texas (M),35950884.000000,11525786.000000,32711353.000000,80188023.000000,3302711951.305800,1428090147.214799,6180638038.242000,10911440136.762599,55706,16669,70850,143225
2026-07-07,NYSE (N),1197588993.000000,89381847.000000,140797616.000000,1427768456.000000,75057591022.523016,4307083074.074201,7740276271.597197,87104950368.194414,5943269,461975,1386535,7791779
2026-07-07,NYSE Arca (P),246016505.000000,675542632.000000,830113239.000000,1751672376.000000,13369380196.843200,35886968433.998504,44103799387.739007,93360148018.580711,3264741,3373314,8268458,14906513
2026-07-07,NASDAQ (Q),458280822.000000,304693455.000000,1767601710.000000,2530575987.000000,27661934863.671005,20544170541.458394,156269292757.214665,204475398162.344064,6986705,2431347,15274033,24692085
2026-07-07,Members Exchange (U),55387692.000000,83568260.000000,209613581.000000,348569533.000000,3204799835.110499,3516017619.826799,9037001408.477699,15757818863.414997,680004,494032,1597503,2771539
2026-07-07,Investors Exchange (V),292407337.000000,206211657.000000,318804755.000000,817423749.000000,16745491260.088101,7485160006.948100,21770270253.869909,46000921520.906110,3455970,618126,3599833,7673929
2026-07-07,NASDAQ PSX (X),5018468.000000,4588243.000000,8891941.000000,18498652.000000,357808953.219200,402053328.406700,946289154.811800,1706151436.437700,75735,36737,150509,262981
2026-07-07,BYX Equities (Y),35194960.000000,39000717.000000,52843677.000000,127039354.000000,1782544906.256800,1362120532.242300,3148869245.629498,6293534684.128598,482912,213147,706011,1402070
2026-07-07,BZX Equities (Z),190185554.000000,196356726.000000,261239251.000000,647781531.000000,11585032260.219103,9689501146.059696,20930491306.202990,42205024712.481789,2850402,1176609,3504397,7531408
2026-07-06,NYSE American (A),4694831.000000,28415922.000000,5562095.000000,38672848.000000,268749574.186700,387805252.199100,442596850.833200,1099151677.219000,51348,91862,63035,206245
2026-07-06,NASDAQ Texas (B),12657128.000000,13758814.000000,18990805.000000,45406747.000000,935056466.024000,563081559.804200,1495081170.296400,2993219196.124600,187533,84322,260901,532756
2026-07-06,NYSE National (C),20447430.000000,14984150.000000,22227188.000000,57658768.000000,967322268.795600,446780984.252900,1148942530.163200,2563045783.211700,297447,81745,296457,675649
2026-07-06,FINRA / Nasdaq TRF Chicago (DB),11983414.201120,12545322.017815,29236542.214366,53765278.433301,745886161.037769,553363842.266038,3128219181.299698,4427469184.603505,126833,58158,300389,485380
2026-07-06,FINRA / NYSE TRF (DN),123461435.205138,102685043.602566,217142673.454626,443289152.262330,6303010284.575713,3502359074.197259,11851937608.267171,21657306967.040143,775846,340293,1354909,2471048
2026-07-06,FINRA / Nasdaq TRF Carteret (DQ),2242103644.963964,2235507091.926124,3897868534.649120,8375479271.539208,125730935742.177143,77769473557.152335,231145659756.541428,434646069055.870906,22961532,7243708,31495134,61700374
2026-07-06,24X National Exchange (G),609113.000000,3590554.000000,2592397.000000,6792064.000000,35348174.384400,52742069.977300,142259819.120200,230350063.481900,5649,9271,23133,38053
2026-07-06,MIAX Pearl (H),19091974.000000,36113591.000000,50108208.000000,105313773.000000,784754070.539700,1220222213.439400,1784594251.429400,3789570535.408500,203908,148059,369432,721399
2026-07-06,EDGA Equities (J),25406480.000000,34235242.000000,50173210.000000,109814932.000000,1173386924.842400,920784911.257100,1851453972.258100,3945625808.357600,328428,157317,455809,941554
2026-07-06,EDGX Equities (K),131223116.000000,209417354.000000,323364446.000000,664004916.000000,6533697110.113202,7297970585.247699,18408424471.138997,32240092166.499898,1404505,1018026,3101497,5524028
2026-07-06,LTSE (L),492299.000000,565926.000000,1405935.000000,2464160.000000,24136436.160000,10885578.474800,31964695.820300,66986710.455100,7560,3449,24769,35778
2026-07-06,NYSE Texas (M),24322237.000000,16662058.000000,30389518.000000,71373813.000000,2245384587.261000,3776808721.646600,6741750251.984999,12763943560.892599,50123,15956,62368,128447
2026-07-06,NYSE (N),1300005025.000000,82177897.000000,121919462.000000,1504102384.000000,83447436219.721837,3797110677.997699,6544523985.151703,93789070882.871239,5962921,384995,1233988,7581904
2026-07-06,NYSE Arca (P),233536646.000000,653753316.000000,794691519.000000,1681981481.000000,12160353382.123402,32505127833.032307,38119334864.297011,82784816079.452720,3140960,2855470,7610126,13606556
2026-07-06,NASDAQ (Q),428354245.000000,259080096.000000,1855535186.000000,2542969527.000000,25282649955.784677,17367770842.916192,166430516450.173884,209080937248.874753,6705232,1962496,13458087,22125815
2026-07-06,Members Exchange (U),56326797.000000,85986006.000000,175023858.000000,317336661.000000,3016673787.647999,3178985908.499799,9058405016.527897,15254064712.675695,649815,408996,1440704,2499515
2026-07-06,Investors Exchange (V),277085385.000000,173552947.000000,284654255.000000,735292587.000000,15300856322.502399,6852436911.016800,19067703798.701799,41220997032.220998,3249348,573910,3228443,7051701
2026-07-06,NASDAQ PSX (X),4588180.000000,3447608.000000,6526892.000000,14562680.000000,291858453.391600,374769749.334900,628550177.345000,1295178380.071500,67325,25357,107783,200465
2026-07-06,BYX Equities (Y),34683184.000000,35472359.000000,43915800.000000,114071343.000000,1657845164.623300,1230380242.153600,2643384716.518500,5531610123.295400,475105,221464,617371,1313940
2026-07-06,BZX Equities (Z),177412975.000000,182917825.000000,230995798.000000,591326598.000000,10405047409.015701,9558067176.334997,17864369601.505604,37827484186.856302,2668312,1067922,3026385,6762619
2026-07-02,NYSE American (A),7415720.000000,27570962.000000,9524245.000000,44510927.000000,410474190.071900,477214344.180600,737713795.331600,1625402329.584100,79850,106417,95648,281915
2026-07-02,NASDAQ Texas (B),12690106.000000,18384054.000000,24944863.000000,56019023.000000,960593075.705300,898130434.844700,2113713444.070901,3972436954.620901,185216,102476,313516,601208
2026-07-02,NYSE National (C),21903006.000000,20127073.000000,26816485.000000,68846564.000000,995360055.916000,649670240.495000,1489447450.017800,3134477746.428800,294094,90520,334185,718799
2026-07-02,FINRA / Nasdaq TRF Chicago (DB),15230688.162918,21516190.081023,42185441.749218,78932319.993159,926699931.427106,765581389.034826,4351366337.110967,6043647657.572899,149869,79767,406362,635998
2026-07-02,FINRA / NYSE TRF (DN),136455379.047102,129975931.814787,324989733.730691,591421044.592580,6568743842.402306,4396765500.267876,17211121429.440108,28176630772.110290,890907,526742,1779507,3197156
2026-07-02,FINRA / Nasdaq TRF Carteret (DQ),2377576024.522712,2353379272.376406,4732123358.657521,9463078655.556639,134805843011.108609,97853748866.125799,287310454232.181670,519970046109.416078,23503453,7892844,35105030,66501327
2026-07-02,24X National Exchange (G),837591.000000,5499040.000000,3428674.000000,9765305.000000,38038226.366200,89230794.537600,149351525.439500,276620546.343300,6546,12807,24256,43609
2026-07-02,MIAX Pearl (H),25280133.000000,44933951.000000,85017480.000000,155231564.000000,850986749.591600,1569209751.701800,2381650537.295903,4801847038.589303,246544,202147,488506,937197
2026-07-02,EDGA Equities (J),30562016.000000,30203928.000000,82398331.000000,143164275.000000,1378193025.299800,1409316496.180500,2767819240.386799,5555328761.867099,381880,181028,630043,1192951
2026-07-02,EDGX Equities (K),158167538.000000,306198546.000000,420253257.000000,884619341.000000,7658210148.213095,10046440381.479893,25397365479.813998,43102016009.506986,1644374,1482044,3932237,7058655
2026-07-02,LTSE (L),678607.000000,237533.000000,2212223.000000,3128363.000000,32443372.430200,16061544.440500,44981616.869600,93486533.740300,7419,3318,22908,33645
2026-07-02,NYSE Texas (M),25705982.000000,12776346.000000,41070162.000000,79552490.000000,2801646044.750500,1561209593.733500,6754429359.702097,11117284998.186097,55777,21645,75149,152571
2026-07-02,NYSE (N),1299275065.000000,110538110.000000,178357856.000000,1588171031.000000,82965431716.984627,5009280122.138199,9294331527.638302,97269043366.761128,6575706,547683,1499519,8622908
2026-07-02,NYSE Arca (P),290229877.000000,803885944.000000,1006677582.000000,2100793403.000000,14963369478.516901,43081423875.073272,53902780084.895233,111947573438.485406,3675000,4061228,9462026,17198254
2026-07-02,NASDAQ (Q),528294675.000000,373081640.000000,2007133376.000000,2908509691.000000,31027317922.201405,24189289720.137197,191541839025.179318,246758446667.517920,7770033,2783331,17445960,27999324
2026-07-02,Members Exchange (U),70465791.000000,96076208.000000,246563728.000000,413105727.000000,3726334057.989701,4419634038.956402,11762862306.888902,19908830403.835005,782670,632892,1889117,3304679
2026-07-02,Investors Exchange (V),317079541.000000,216053702.000000,335384313.000000,868517556.000000,17027486458.044509,8759796097.984598,24072228335.516994,49859510891.546101,3464339,711198,3713519,7889056
2026-07-02,NASDAQ PSX (X),4672839.000000,5327341.000000,8678110.000000,18678290.000000,369920063.855000,483810679.036400,1045959850.303700,1899690593.195100,77934,37052,143843,258829
2026-07-02,BYX Equities (Y),34039991.000000,48279038.000000,56753441.000000,139072470.000000,1645573754.234100,1716749195.693200,3427831002.720400,6790153952.647700,450203,237597,712175,1399975
2026-07-02,BZX Equities (Z),218448990.000000,238825486.000000,301734050.000000,759008526.000000,13135092715.353597,11888772905.952800,27297137518.843889,52321003140.150286,3200116,1455223,4062338,8717677
2026-07-01,NYSE American (A),7563084.000000,29293347.000000,8826173.000000,45682604.000000,492830057.329700,437298464.989800,687401468.117200,1617529990.436700,83276,119116,95068,297460
2026-07-01,NASDAQ Texas (B),14078763.000000,17310334.000000,23110025.000000,54499122.000000,1093951725.940500,906619455.062900,2132055937.230500,4132627118.233900,205495,110467,319863,635825
2026-07-01,NYSE National (C),23146675.000000,16870983.000000,26248975.000000,66266633.000000,1133792600.858700,573916762.095900,1488432386.032900,3196141748.987500,301976,82801,322986,707763
2026-07-01,FINRA / Nasdaq TRF Chicago (DB),16193452.154976,15761089.846130,38441775.187172,70396317.188278,962617120.598359,622176676.394432,3837844088.097859,5422637885.090650,148445,66076,368600,583121
2026-07-01,FINRA / NYSE TRF (DN),130254837.760289,120596684.367090,297964419.281447,548815941.408826,6926028549.160430,4121170698.846510,14805204561.348611,25852403809.355551,858131,431213,1637454,2926798
2026-07-01,FINRA / Nasdaq TRF Carteret (DQ),2548932182.978785,2415791328.332025,4467506004.070563,9432229515.381373,148703152830.638519,98693619487.129340,282105387495.033390,529502159812.801249,24442559,8022906,34439457,66904922
2026-07-01,24X National Exchange (G),835892.000000,3698584.000000,3920971.000000,8455447.000000,57639303.245400,79493925.178900,196448303.766300,333581532.190600,7706,13674,28926,50306
2026-07-01,MIAX Pearl (H),26014087.000000,40974749.000000,62505619.000000,129494455.000000,949962080.012500,1491727218.899400,2376072939.460999,4817762238.372899,254455,193838,443922,892215
2026-07-01,EDGA Equities (J),32491912.000000,36565306.000000,77418043.000000,146475261.000000,1541202133.544100,1345338942.689600,2676338952.383899,5562880028.617599,413045,186737,599767,1199549
2026-07-01,EDGX Equities (K),155134562.000000,253970020.000000,392751525.000000,801856107.000000,7826849388.138800,8572932476.107395,25240109559.093806,41639891423.340001,1653341,1423032,3715586,6791959
2026-07-01,LTSE (L),503640.000000,441837.000000,1112987.000000,2058464.000000,26616081.761200,23574767.721700,49458777.260200,99649626.743100,6574,4829,17565,28968
2026-07-01,NYSE Texas (M),25697644.000000,20471484.000000,34251664.000000,80420792.000000,1770633309.919300,2497989993.787901,6535061669.556997,10803684973.264198,74218,20950,89843,185011
2026-07-01,NYSE (N),1439445671.000000,105484734.000000,174938851.000000,1719869256.000000,88589785489.065677,4901209719.742602,9474545331.304097,102965540540.112376,6744687,483803,1527750,8756240
2026-07-01,NYSE Arca (P),286427001.000000,744930024.000000,957406291.000000,1988763316.000000,15544858624.141703,40796299905.361183,52287324133.406113,108628482662.908999,3659527,3928091,9394573,16982191
2026-07-01,NASDAQ (Q),528191393.000000,320842941.000000,1995112510.000000,2844146844.000000,31347730053.428995,21483567030.591801,185307818416.640913,238139115500.661709,7784754,2531120,16514523,26830397
2026-07-01,Members Exchange (U),66915946.000000,85280427.000000,214151657.000000,366348030.000000,3707943249.575700,4101729495.157297,11752037608.699997,19561710353.432994,762871,567411,1736008,3066290
2026-07-01,Investors Exchange (V),323353643.000000,192693111.000000,362080403.000000,878127157.000000,18033062248.333788,8320984592.626100,25697167116.214291,52051213957.174179,3651399,663169,3892423,8206991
2026-07-01,NASDAQ PSX (X),5289807.000000,5377233.000000,7738050.000000,18405090.000000,367593317.792500,453899930.725300,887829958.568000,1709323207.085800,73948,35766,137587,247301
2026-07-01,BYX Equities (Y),36492056.000000,41750566.000000,53093841.000000,131336463.000000,1740709390.408300,1540336209.280700,3379090296.559097,6660135896.248097,478400,219101,743269,1440770
2026-07-01,BZX Equities (Z),233482788.000000,210133352.000000,294633221.000000,738249361.000000,13251900522.137011,11089598249.289400,25959869197.208393,50301367968.634804,3038156,1319523,3729300,8086979
2026-06-30,NYSE American (A),8814469.000000,34479028.000000,9264457.000000,52557954.000000,549426000.448900,505017010.085100,774153905.990900,1828596916.524900,99843,102959,108366,311168
2026-06-30,NASDAQ Texas (B),13497890.000000,15203866.000000,21394817.000000,50096573.000000,925928093.123400,770055054.383300,1737243375.134700,3433226522.641400,184382,83469,270287,538138
2026-06-30,NYSE National (C),23049728.000000,15795544.000000,24498951.000000,63344223.000000,1075464538.814000,529891169.163900,1255431616.981300,2860787324.959200,298303,84474,300581,683358
2026-06-30,FINRA / Nasdaq TRF Chicago (DB),14918389.978059,12707187.303097,34957024.772383,62582602.053539,828910354.143965,587718969.846072,3449297021.321831,4865926345.311868,123276,53587,316425,493288
2026-06-30,FINRA / NYSE TRF (DN),129214778.032407,86501242.166247,324881585.698126,540597605.896780,6416335735.850345,3592427273.855596,14066561365.629037,24075324375.334978,807831,330494,1520952,2659277
2026-06-30,FINRA / Nasdaq TRF Carteret (DQ),2646824092.420076,2169761224.844540,4879064378.080235,9695649695.344851,151364116510.609536,104632382333.091254,274794731889.330086,530791230733.030876,23095245,6695773,32185335,61976353
2026-06-30,24X National Exchange (G),1024196.000000,2956904.000000,4172049.000000,8153149.000000,60886903.752400,57145387.012100,173402026.953500,291434317.718000,9127,8613,28816,46556
2026-06-30,MIAX Pearl (H),23865738.000000,36134103.000000,77112086.000000,137111927.000000,958047348.737000,1346455215.177600,2527174650.780199,4831677214.694799,243831,152512,467015,863358
2026-06-30,EDGA Equities (J),31483353.000000,26189089.000000,128009313.000000,185681755.000000,1396285859.592600,1320705330.233600,2403197271.495400,5120188461.321600,393237,146404,640574,1180215
2026-06-30,EDGX Equities (K),157070449.000000,202145534.000000,371143452.000000,730359435.000000,7666431441.631106,8039539258.946405,23476802786.535584,39182773487.113095,1631333,1016406,3430691,6078430
2026-06-30,LTSE (L),521644.000000,239851.000000,1651654.000000,2413149.000000,26771653.840000,13429594.554400,32571990.544700,72773238.939100,6643,3256,23371,33270
2026-06-30,NYSE Texas (M),38573995.000000,17093045.000000,42090874.000000,97757914.000000,3576279088.192999,1694715544.738800,9303440200.702802,14574434833.634601,74213,21368,81349,176930
2026-06-30,NYSE (N),1721462753.000000,75659626.000000,145419098.000000,1942541477.000000,113738263410.877507,3883393055.615399,7199547555.430797,124821204021.923703,6600185,371390,1342334,8313909
2026-06-30,NYSE Arca (P),294355673.000000,599836468.000000,1117579102.000000,2011771243.000000,14770571772.968304,37048950404.277692,43157436259.071077,94976958436.317073,3609520,2868540,8662603,15140663
2026-06-30,NASDAQ (Q),516914902.000000,280212528.000000,2243439682.000000,3040567112.000000,29809694701.056011,20536813045.867385,212480465481.133398,262826973228.056794,7296767,2031170,14943170,24271107
2026-06-30,Members Exchange (U),63835096.000000,68427754.000000,254694612.000000,386957462.000000,3126106541.806100,3583737401.850499,8257244726.466798,14967088670.123397,669240,369876,1339994,2379110
2026-06-30,Investors Exchange (V),325089339.000000,169525942.000000,319046561.000000,813661842.000000,17293122249.829998,7424140946.747297,22182285964.652408,46899549161.229703,3529537,596477,3550569,7676583
2026-06-30,NASDAQ PSX (X),4229827.000000,4073844.000000,6780514.000000,15084185.000000,303025123.742600,459272065.959200,790209720.097800,1552506909.799600,68225,29708,116623,214556
2026-06-30,BYX Equities (Y),38825757.000000,55966109.000000,51376904.000000,146168770.000000,1746708564.529300,1967659178.301900,2838645936.863802,6553013679.695002,512998,280601,653380,1446979
2026-06-30,BZX Equities (Z),210556475.000000,178265104.000000,273665596.000000,662487175.000000,12476787739.828600,10312084546.043199,23451541946.821806,46240414232.693605,2957527,1087690,3719236,7764453
2026-06-29,NYSE American (A),7835339.000000,32897779.000000,9329892.000000,50063010.000000,500319938.295900,523275838.071600,847357499.255800,1870953275.623300,93414,112890,110929,317233
2026-06-29,NASDAQ Texas (B),12867311.000000,16739770.000000,22641174.000000,52248255.000000,911603966.825700,927486939.154200,1966940567.965800,3806031473.945700,181023,93760,308030,582813
2026-06-29,NYSE National (C),22681130.000000,20186110.000000,24479362.000000,67346602.000000,948016147.397200,582132065.230600,1367165117.169700,2897313329.797500,283430,88097,323220,694747
2026-06-29,FINRA / Nasdaq TRF Chicago (DB),14400803.438478,15296065.604866,37351699.381615,67048568.424959,842803669.847505,632729856.109274,4067876840.168952,5543410366.125731,135722,62117,365813,563652
2026-06-29,FINRA / NYSE TRF (DN),126308857.100988,111826934.257482,266528659.892705,504664451.251175,6705655729.573069,3128538957.349458,14429536872.157454,24263731559.079981,830658,396652,1577382,2804692
2026-06-29,FINRA / Nasdaq TRF Carteret (DQ),2546232769.558778,2296419817.960385,4745159910.865618,9587812498.384781,143578370787.731537,90836967608.306413,284818727902.546196,519234066298.584146,24732785,7457819,35213672,67404276
2026-06-29,24X National Exchange (G),1118054.000000,3698688.000000,3810917.000000,8627659.000000,66417594.849400,72557965.968100,188142577.095300,327118137.912800,9894,10452,28703,49049
2026-06-29,MIAX Pearl (H),23442156.000000,39668542.000000,74669994.000000,137780692.000000,909717192.710600,1368879041.089600,2796717991.510701,5075314225.310901,244727,171681,520325,936733
2026-06-29,EDGA Equities (J),28126094.000000,32195873.000000,69422905.000000,129744872.000000,1286826601.316600,1273165303.636500,2649126703.225600,5209118608.178700,380762,168449,624857,1174068
2026-06-29,EDGX Equities (K),155861829.000000,273041683.000000,419315459.000000,848218971.000000,7874483046.478203,8944879527.240100,25983548400.919800,42802910974.638103,1709196,1291400,3969398,6969994
2026-06-29,LTSE (L),610134.000000,256938.000000,1284971.000000,2152043.000000,25797061.380000,13221532.452800,31747517.764500,70766111.597300,7668,4343,21503,33514
2026-06-29,NYSE Texas (M),59070855.000000,18789135.000000,53385611.000000,131245601.000000,4616349500.908400,1659260918.310300,9935629784.736099,16211240203.954799,69983,20063,80258,170304
2026-06-29,NYSE (N),1484481877.000000,104917000.000000,171547733.000000,1760946610.000000,89862216737.333466,4329570948.355899,8454284038.927203,102646071724.616568,6929038,439376,1500270,8868684
2026-06-29,NYSE Arca (P),293388628.000000,724572173.000000,1123953777.000000,2141914578.000000,15075440036.820588,37955012599.324395,49465494106.827273,102495946742.972256,3687979,3442209,9323831,16454019
2026-06-29,NASDAQ (Q),515488752.000000,325175157.000000,2146435092.000000,2987099001.000000,30984435337.465601,22045320187.744599,189178412923.680008,242208168448.890208,7711923,2510140,17115024,27337087
2026-06-29,Members Exchange (U),68064574.000000,81549185.000000,243510542.000000,393124301.000000,3456506838.852098,3702934950.312301,9573996346.826598,16733438135.990997,748504,455796,1506241,2710541
2026-06-29,Investors Exchange (V),319998359.000000,202460338.000000,349160302.000000,871618999.000000,17993127260.761300,7876324766.197197,23659717597.372298,49529169624.330795,3755783,643391,3867739,8266913
2026-06-29,NASDAQ PSX (X),4496419.000000,4582194.000000,8208181.000000,17286794.000000,322178108.741600,529151088.877600,931358430.827800,1782687628.447000,68276,37186,146010,251472
2026-06-29,BYX Equities (Y),41001490.000000,57019195.000000,57536068.000000,155556753.000000,1912285121.644201,2508910123.480900,3384213027.139099,7805408272.264200,581955,371404,762345,1715704
2026-06-29,BZX Equities (Z),212711468.000000,199352517.000000,321859875.000000,733923860.000000,12943221373.603999,10743561149.511298,25633997660.132085,49320780183.247382,3148846,1307617,4196183,8652646
2026-06-26,NYSE American (A),9482768.000000,217581102.000000,9406250.000000,236470120.000000,587489756.622500,1347982268.327100,825552499.715100,2761024524.664700,101496,118957,112509,332962
2026-06-26,NASDAQ Texas (B),15407235.000000,16873234.000000,31709432.000000,63989901.000000,1444577155.782600,874733716.986700,2760594312.586600,5079905185.355900,226072,95147,376600,697819
2026-06-26,NYSE National (C),26527132.000000,17180938.000000,28452858.000000,72160928.000000,1439024837.297100,626173059.428900,1746908802.219500,3812106698.945500,337324,87730,340230,765284
2026-06-26,FINRA / Nasdaq TRF Chicago (DB),14491645.613648,15171931.494849,36242166.708913,65905743.817410,775913832.173740,576720125.472932,3399258356.424678,4751892314.071350,122251,59969,300283,482503
2026-06-26,FINRA / NYSE TRF (DN),127574693.240401,128615216.339844,371377722.967230,627567632.547475,8292463068.353878,3818289491.194820,20170466395.954879,32281218955.503577,919097,515413,1641533,3076043
2026-06-26,FINRA / Nasdaq TRF Carteret (DQ),3504423819.103168,2315323710.494590,7251069570.931088,13070817100.528846,227057135904.983120,95413398325.468330,466179402346.880493,788649936577.331943,23732107,7129638,33317930,64179675
2026-06-26,24X National Exchange (G),1082087.000000,4275375.000000,3076060.000000,8433522.000000,75535864.372800,65263345.143900,142264455.955300,283063665.472000,9453,10110,21881,41444
2026-06-26,MIAX Pearl (H),26592238.000000,46144190.000000,110132425.000000,182868853.000000,1158317599.181200,1712498379.825500,2762750171.418600,5633566150.425300,292479,196441,551824,1040744
2026-06-26,EDGA Equities (J),31430912.000000,31784130.000000,112306475.000000,175521517.000000,1758200514.822300,1406307300.106900,3416539983.941399,6581047798.870599,445016,173634,710569,1329219
2026-06-26,EDGX Equities (K),165545255.000000,264727808.000000,501596362.000000,931869425.000000,9049261655.055997,9767561294.878806,26566356731.270001,45383179681.204804,1854834,1420782,3818321,7093937
2026-06-26,LTSE (L),583865.000000,303275.000000,1321529.000000,2208669.000000,30045455.710000,16116588.511500,46140097.467200,92302141.688700,7502,3796,21155,32453
2026-06-26,NYSE Texas (M),37359395.000000,17226596.000000,35935385.000000,90521376.000000,3320583194.102000,2516171876.555599,7428209941.807402,13264965012.465001,74467,21165,81053,176685
2026-06-26,NYSE (N),4182228275.000000,99163821.000000,171881202.000000,4453273298.000000,271892030496.408585,4328843130.734799,9954605404.969300,286175479032.112684,7647842,447722,1586438,9682002
2026-06-26,NYSE Arca (P),300959759.000000,746773215.000000,1562270713.000000,2610003687.000000,17304812320.876897,46181279188.314506,54086895637.615109,117572987146.806512,3966448,3704160,9096527,16767135
2026-06-26,NASDAQ (Q),600923302.000000,352507657.000000,6291770310.000000,7245201269.000000,39134498602.363703,24962355349.451613,479684617900.496100,543781471852.311416,8920101,2669144,18423999,30013244
2026-06-26,Members Exchange (U),70539487.000000,102021172.000000,377488826.000000,550049485.000000,4007303517.888601,4151298312.808600,10336592370.580797,18495194201.277998,840143,528225,1563163,2931531
2026-06-26,Investors Exchange (V),354662175.000000,200144370.000000,387321451.000000,942127996.000000,21185127453.163694,8823206665.537999,28095342757.895694,58103676876.597387,4057172,721112,4154981,8933265
2026-06-26,NASDAQ PSX (X),5802345.000000,5602319.000000,10000782.000000,21405446.000000,476986107.685000,668166839.079700,1248914166.803400,2394067113.568100,94589,43692,184058,322339
2026-06-26,BYX Equities (Y),41282425.000000,42620471.000000,65692321.000000,149595217.000000,2312961129.928200,1555623474.379105,4033949008.231400,7902533612.538705,539451,216692,736151,1492294
2026-06-26,BZX Equities (Z),238925073.000000,229753101.000000,383385034.000000,852063208.000000,15391578479.884702,12536944146.459704,30628050550.417299,58556573176.761705,3391418,1416400,4428708,9236526
2026-06-25,NYSE American (A),7265818.000000,35106471.000000,8589803.000000,50962092.000000,443239374.285000,458281491.525800,767421534.952900,1668942400.763700,80006,120973,98425,299404
2026-06-25,NASDAQ Texas (B),13757583.000000,20117262.000000,24771379.000000,58646224.000000,1020080682.912700,889371172.432000,2401369383.486301,4310821238.831001,201798,105089,328743,635630
2026-06-25,NYSE National (C),20904040.000000,23844867.000000,25454774.000000,70203681.000000,897520446.721200,650726182.853700,1424976584.960300,2973223214.535200,269995,96831,307448,674274
2026-06-25,FINRA / Nasdaq TRF Chicago (DB),15535071.178060,15378890.565970,37242623.105540,68156584.849570,894211827.594472,752252403.006345,4322400898.395815,5968865128.996632,138641,69465,373436,581542
2026-06-25,FINRA / NYSE TRF (DN),124243214.808605,132891434.523268,359412451.044116,616547100.375989,7081888841.382542,4719787973.457247,19269247710.306011,31070924525.145800,874394,418640,1648504,2941538
2026-06-25,FINRA / Nasdaq TRF Carteret (DQ),2499215854.976441,2574837414.973874,4952542966.584277,10026596236.534592,144395751262.417550,119130863039.700559,307938899430.865820,571465513732.983929,23887168,7661630,35174999,66723797
2026-06-25,24X National Exchange (G),928340.000000,5399715.000000,3316689.000000,9644744.000000,59102995.607300,90128694.280100,185902244.343700,335133934.231100,7952,14218,25404,47574
2026-06-25,MIAX Pearl (H),22210443.000000,65831418.000000,90892213.000000,178934074.000000,927753053.905900,1950048061.625800,3023115963.442697,5900917078.974397,246412,228442,580806,1055660
2026-06-25,EDGA Equities (J),29340271.000000,41084038.000000,80592580.000000,151016889.000000,1440227486.999600,1299888757.266500,2885078495.144900,5625194739.411000,372594,186324,621143,1180061
2026-06-25,EDGX Equities (K),155671348.000000,308169082.000000,421170341.000000,885010771.000000,8332525942.464304,10437116728.319496,30525246519.141509,49294889189.925309,1777734,1591551,4036988,7406273
2026-06-25,LTSE (L),556108.000000,241401.000000,1153064.000000,1950573.000000,28438850.410000,15508504.667300,37540712.285200,81488067.362500,8159,3256,16997,28412
2026-06-25,NYSE Texas (M),29089544.000000,18295560.000000,50984826.000000,98369930.000000,2970998880.276000,2317601600.249299,10160136639.580400,15448737120.105699,55120,19144,66708,140972
2026-06-25,NYSE (N),1319984727.000000,129338555.000000,168854439.000000,1618177721.000000,87295595555.916771,5191994855.241702,9403487371.306500,101891077782.464973,6869451,538389,1515522,8923362
2026-06-25,NYSE Arca (P),277265566.000000,782536883.000000,1090574836.000000,2150377285.000000,15015173990.092897,43081191673.009083,55059031686.052113,113155397349.154093,3627778,4151323,9048804,16827905
2026-06-25,NASDAQ (Q),508222227.000000,376115117.000000,1955273731.000000,2839611075.000000,31627644817.391798,24676287004.377804,194477575812.298945,250781507634.068547,7774125,2889375,16688504,27352004
2026-06-25,Members Exchange (U),65399913.000000,129934348.000000,271875732.000000,467209993.000000,3526699663.887100,4712942845.247701,11379082167.843894,19618724676.978695,755399,593443,1565776,2914618
2026-06-25,Investors Exchange (V),345216603.000000,208726243.000000,358378975.000000,912321821.000000,19354755035.893308,9120210947.852900,27868410078.957911,56343376062.704119,3940769,758832,3996653,8696254
2026-06-25,NASDAQ PSX (X),5450504.000000,7340795.000000,8396452.000000,21187751.000000,349820107.985000,591336551.870000,1108008986.557799,2049165646.412799,79606,45119,158108,282833
2026-06-25,BYX Equities (Y),37625215.000000,47625541.000000,60817880.000000,146068636.000000,1753706555.049299,1695810728.528199,3920512729.851901,7370030013.429399,485410,246186,738162,1469758
2026-06-25,BZX Equities (Z),214652843.000000,251911266.000000,318088907.000000,784653016.000000,13409545358.760001,12951142647.124702,28157282958.790711,54517970964.675414,3153299,1595378,4173600,8922277
2026-06-24,NYSE American (A),7891045.000000,36419501.000000,9858719.000000,54169265.000000,601731651.157600,494449602.508000,928906560.532600,2025087814.198200,98507,122636,111322,332465
2026-06-24,NASDAQ Texas (B),13909315.000000,20717523.000000,29041360.000000,63668198.000000,1030177232.370900,852839673.370100,1865157654.251600,3748174559.992600,202804,102210,306050,611064
2026-06-24,NYSE National (C),21856035.000000,17712805.000000,25352155.000000,64920995.000000,973307683.779500,662625842.414700,1314796136.237500,2950729662.431700,285751,100161,295149,681061
2026-06-24,FINRA / Nasdaq TRF Chicago (DB),15961128.189290,15909554.211890,62058838.742480,93929521.143660,850590974.281110,683345490.691077,3355886220.242065,4889822685.214252,131446,66197,318871,516514
2026-06-24,FINRA / NYSE TRF (DN),142812472.656317,131180639.518658,449533358.130347,723526470.305322,7443307401.177195,4503623934.708866,15929230097.548674,27876161433.434735,929849,419291,1613504,2962644
2026-06-24,FINRA / Nasdaq TRF Carteret (DQ),2753441608.201269,2703280551.475793,8135763035.019732,13592485194.696794,153239365087.111893,100519054067.978517,278482173064.222779,532240592219.313189,24709135,7908955,34326544,66944634
2026-06-24,24X National Exchange (G),1148478.000000,4716463.000000,3256227.000000,9121168.000000,67430391.692000,72567987.095600,147882072.451400,287880451.239000,7937,12722,22661,43320
2026-06-24,MIAX Pearl (H),22733759.000000,62342806.000000,147120725.000000,232197290.000000,908621851.492400,1751371529.813000,2421016789.871400,5081010171.176800,248976,230472,458922,938370
2026-06-24,EDGA Equities (J),29407816.000000,57397440.000000,343760304.000000,430565560.000000,1381147765.542900,1371206411.987100,2616412076.439797,5368766253.969797,392467,202280,663732,1258479
2026-06-24,EDGX Equities (K),158083102.000000,323261563.000000,614806496.000000,1096151161.000000,8024954375.676794,10330902139.965805,24974654146.760694,43330510662.403293,1784542,1567846,3922902,7275290
2026-06-24,LTSE (L),493397.000000,357339.000000,1127964.000000,1978700.000000,26058938.350000,14076642.246600,41472750.236500,81608330.833100,6100,3496,17274,26870
2026-06-24,NYSE Texas (M),28813075.000000,28631489.000000,58669291.000000,116113855.000000,2952976512.726599,3792134538.796600,7599446697.647600,14344557749.170799,53943,18027,62740,134710
2026-06-24,NYSE (N),1412394838.000000,131798686.000000,164156202.000000,1708349726.000000,90495200292.453871,5088406904.406700,8293849345.444503,103877456542.305074,6998131,531968,1443953,8974052
2026-06-24,NYSE Arca (P),299671206.000000,848446534.000000,1966760758.000000,3114878498.000000,15657751412.555499,42679992048.662073,54835229330.405720,113172972791.623292,3924325,4149803,9457077,17531205
2026-06-24,NASDAQ (Q),561513590.000000,402682632.000000,2118231435.000000,3082427657.000000,33403535713.877386,25198830470.325195,178854775409.119875,237457141593.322456,8636169,2899758,16688890,28224817
2026-06-24,Members Exchange (U),70732460.000000,131969826.000000,861869687.000000,1064571973.000000,3413296299.807399,4160256177.471701,10902575927.250500,18476128404.529600,776215,607280,1553290,2936785
2026-06-24,Investors Exchange (V),355148949.000000,217947942.000000,372426133.000000,945523024.000000,19022619567.247899,8410003789.670698,22271169844.162497,49703793201.081094,3966906,707331,3746820,8421057
2026-06-24,NASDAQ PSX (X),5416172.000000,4830569.000000,7431726.000000,17678467.000000,345817045.508400,490289087.080200,737825911.728600,1573932044.317200,76726,40957,126790,244473
2026-06-24,BYX Equities (Y),40081171.000000,43445843.000000,91205439.000000,174732453.000000,1787976313.758800,1830842179.312700,3317701585.832600,6936520078.904100,510476,262102,749503,1522081
2026-06-24,BZX Equities (Z),222923611.000000,246421523.000000,426431116.000000,895776250.000000,13388126138.219294,12304445225.348699,22861378272.257803,48553949635.825796,3299149,1551989,3750528,8601666
2026-06-23,NYSE American (A),6102750.000000,29825942.000000,9943258.000000,45871950.000000,443962608.428700,458612871.976600,661625181.768000,1564200662.173300,78853,101772,92371,272996
2026-06-23,NASDAQ Texas (B),13065675.000000,16060193.000000,27449121.000000,56574989.000000,931618233.553600,992185865.841600,1975534861.676999,3899338961.072199,193393,100777,300110,594280
2026-06-23,NYSE National (C),20868081.000000,15053912.000000,21629862.000000,57551855.000000,948592681.211600,562008769.001400,1322459483.248800,2833060933.461800,267354,87878,281475,636707
2026-06-23,FINRA / Nasdaq TRF Chicago (DB),15028063.896570,15007735.915210,52081661.744110,82117461.555890,857864617.484817,743324150.490315,3738359451.100552,5339548219.075684,125497,71635,341764,538896
2026-06-23,FINRA / NYSE TRF (DN),143120601.407110,168561138.151670,415741135.043093,727422874.601873,8360297235.351972,6236837696.885415,19302843266.547344,33899978198.784731,909422,670284,2071075,3650781
2026-06-23,FINRA / Nasdaq TRF Carteret (DQ),2526512531.308470,2312880382.242148,7397504656.182836,12236897569.733454,145153805237.628388,110852666528.942207,276803995826.061325,532810467592.631920,22891113,8175693,33942989,65009795
2026-06-23,24X National Exchange (G),925479.000000,4572952.000000,3299512.000000,8797943.000000,47454882.362500,76992468.817000,158850281.929100,283297633.108600,6092,13717,20832,40641
2026-06-23,MIAX Pearl (H),21467557.000000,43320570.000000,134551364.000000,199339491.000000,865071983.446100,1575272841.751000,2444703712.190001,4885048537.387101,239644,190046,507863,937553
2026-06-23,EDGA Equities (J),31029994.000000,33047620.000000,126634188.000000,190711802.000000,1456737443.748700,1340050488.986300,2664444926.627699,5461232859.362699,391707,179397,629209,1200313
2026-06-23,EDGX Equities (K),152412143.000000,273110216.000000,688814864.000000,1114337223.000000,7818561667.320404,10896220685.402788,26195245307.355904,44910027660.079096,1746305,1510708,4159686,7416699
2026-06-23,LTSE (L),408819.000000,196940.000000,1143615.000000,1749374.000000,20134486.790000,9476431.724600,33363176.041900,62974094.556500,4932,2854,15564,23350
2026-06-23,NYSE Texas (M),32438193.000000,28125329.000000,40619843.000000,101183365.000000,3376084201.149999,3550380902.941901,6701865377.703904,13628330481.795804,54639,16929,69182,140750
2026-06-23,NYSE (N),1401236142.000000,105914433.000000,158726061.000000,1665876636.000000,92277363567.996294,5251020525.534499,8940092744.715505,106468476838.246298,6444244,508059,1452194,8404497
2026-06-23,NYSE Arca (P),290290932.000000,726279744.000000,2059935589.000000,3076506265.000000,15072559304.853502,45670372232.696325,54284683838.212306,115027615375.762133,3667045,3928295,9869490,17464830
2026-06-23,NASDAQ (Q),521947788.000000,339056649.000000,2525214811.000000,3386219248.000000,31130678255.176008,24929196300.540514,204261290295.583606,260321164851.300128,7859192,2705704,16647973,27212869
2026-06-23,Members Exchange (U),66568576.000000,103342347.000000,885089184.000000,1055000107.000000,3337323515.744000,4105462754.495399,9506473750.491299,16949260020.730698,755089,551584,1596137,2902810
2026-06-23,Investors Exchange (V),304568973.000000,201467635.000000,313975310.000000,820011918.000000,16948210877.343002,8615973271.198689,22344785845.256198,47908969993.797889,3467543,693611,3457179,7618333
2026-06-23,NASDAQ PSX (X),6144144.000000,4859131.000000,8317341.000000,19320616.000000,311819473.180000,504703782.147900,798909506.442900,1615432761.770800,76404,41470,144829,262703
2026-06-23,BYX Equities (Y),37549480.000000,47863247.000000,113629007.000000,199041734.000000,1679223741.944500,1690683354.669300,3461366671.388699,6831273768.002499,498942,255124,737599,1491665
2026-06-23,BZX Equities (Z),202758874.000000,214838427.000000,477792642.000000,895389943.000000,12436204165.721396,12114523247.788397,24216204719.020492,48766932132.530285,3016269,1430072,3702786,8149127
2026-06-22,NYSE American (A),7084423.000000,46969435.000000,8556326.000000,62610184.000000,399114857.054300,462148331.035300,706650135.990200,1567913324.079800,77856,99428,92102,269386
2026-06-22,NASDAQ Texas (B),16340458.000000,13774593.000000,29677396.000000,59792447.000000,1214284467.250900,706803757.701900,2106576053.661700,4027664278.614500,226376,89475,322837,638688
2026-06-22,NYSE National (C),21767854.000000,15715601.000000,25131321.000000,62614776.000000,1106228286.641800,559473930.122400,1600861510.140100,3266563726.904300,286532,82541,310140,679213
2026-06-22,FINRA / Nasdaq TRF Chicago (DB),19269678.474850,13187864.605630,53644825.706850,86102368.787330,909319087.316139,631174588.035456,4003925678.694622,5544419354.046217,154945,63424,403964,622333
2026-06-22,FINRA / NYSE TRF (DN),158950220.049671,121488312.712482,316526626.527078,596965159.289231,7332132582.925667,3748118955.251460,15296839089.441016,26377090627.618143,887800,399907,1599474,2887181
2026-06-22,FINRA / Nasdaq TRF Carteret (DQ),2605242932.061519,2318340825.365063,6398401559.362850,11321985316.789432,146881204149.386226,96176039309.333422,297354472810.159848,540411716268.879496,23942514,7865393,36151908,67959815
2026-06-22,24X National Exchange (G),1203926.000000,3671233.000000,3959771.000000,8834930.000000,64701359.497000,65578476.190100,323954181.801000,454234017.488100,9659,11300,26594,47553
2026-06-22,MIAX Pearl (H),24815046.000000,42502027.000000,113455306.000000,180772379.000000,874680084.559700,1390800310.809400,2529648393.925800,4795128789.294900,241001,177386,486433,904820
2026-06-22,EDGA Equities (J),30776684.000000,32261474.000000,89468711.000000,152506869.000000,1489868767.228399,1053745352.818400,3075432665.363002,5619046785.409801,388128,153095,593720,1134943
2026-06-22,EDGX Equities (K),172742923.000000,219144036.000000,875285663.000000,1267172622.000000,7909318460.659607,8645701751.239094,27969952165.490285,44524972377.388986,1783143,1231249,4036909,7051301
2026-06-22,LTSE (L),448153.000000,189392.000000,1053817.000000,1691362.000000,19862088.640000,7525478.001900,28301540.429400,55689107.071300,5343,2468,14389,22200
2026-06-22,NYSE Texas (M),31639640.000000,27235442.000000,39543360.000000,98418442.000000,3820960510.541100,5475748239.865001,9276753860.747999,18573462611.154100,53218,15432,64700,133350
2026-06-22,NYSE (N),1561386094.000000,91903177.000000,151277546.000000,1804566817.000000,104235076328.671778,4283176164.172200,7800238847.608699,116318491340.452677,6535857,424832,1372234,8332923
2026-06-22,NYSE Arca (P),314764954.000000,611395283.000000,1876131545.000000,2802291782.000000,14830981209.720599,35148912627.857889,49784587654.111526,99764481491.690014,3637041,3235677,9322323,16195041
2026-06-22,NASDAQ (Q),506522333.000000,282719354.000000,2349583152.000000,3138824839.000000,28925543145.277717,19658701432.627706,194077162601.982958,242661407179.888381,7303494,2224586,15537108,25065188
2026-06-22,Members Exchange (U),76142518.000000,94677929.000000,431780910.000000,602601357.000000,3346754627.453401,3383957563.112599,10616110022.728105,17346822213.294105,733468,465082,1480503,2679053
2026-06-22,Investors Exchange (V),325888707.000000,177061215.000000,333741083.000000,836691005.000000,17880620185.029791,7754244987.008397,24357887832.501399,49992753004.539587,3623980,660876,3614583,7899439
2026-06-22,NASDAQ PSX (X),6113810.000000,3402825.000000,7566543.000000,17083178.000000,374180308.933200,380355269.149000,851897011.276100,1606432589.358300,73663,32394,128747,234804
2026-06-22,BYX Equities (Y),38749131.000000,32954798.000000,63125476.000000,134829405.000000,1726809499.190700,1344519211.625099,3117816161.191998,6189144872.007797,492381,208654,677464,1378499
2026-06-22,BZX Equities (Z),207510351.000000,181817185.000000,338337555.000000,727665091.000000,12152814818.523394,10288335421.017701,22123079052.463099,44564229292.004194,3024179,1252628,3506895,7783702
2026-06-18,NYSE American (A),7721768.000000,188823700.000000,8690241.000000,205235709.000000,453895373.516800,1250297259.207700,719240860.639600,2423433493.364100,83954,127981,90861,302796
2026-06-18,NASDAQ Texas (B),16304378.000000,17397328.000000,32786055.000000,66487761.000000,1184514235.118500,789155149.096400,2191434167.473001,4165103551.687901,211312,95801,324185,631298
2026-06-18,NYSE National (C),23941322.000000,20796249.000000,23443037.000000,68180608.000000,1135199745.047000,593652936.785000,1261731762.883300,2990584444.715300,303337,87908,290140,681385
2026-06-18,FINRA / Nasdaq TRF Chicago (DB),16930369.014760,15795768.998740,57941978.560800,90668116.574300,956214367.219249,611338469.885232,4053375726.932367,5620928564.036848,146410,63687,396960,607057
2026-06-18,FINRA / NYSE TRF (DN),137675838.331253,194738574.500562,432086250.077638,764500662.909453,7046005816.569583,4508028630.499190,18973594071.364509,30527628518.433282,885656,432771,1687375,3005802
2026-06-18,FINRA / Nasdaq TRF Carteret (DQ),3263310388.149566,3064393063.451285,8095206260.251073,14422909711.851924,191144021143.508671,120269397626.618219,403376347791.938355,714789766562.065245,23792891,7844869,34335923,65973683
2026-06-18,24X National Exchange (G),1151086.000000,4204264.000000,4264633.000000,9619983.000000,64542704.428400,99326310.604700,300961528.400600,464830543.433700,7457,15053,28346,50856
2026-06-18,MIAX Pearl (H),25790550.000000,61245345.000000,114786070.000000,201821965.000000,1016436503.282600,1682442579.204900,2912423204.529499,5611302287.016999,280251,228039,522874,1031164
2026-06-18,EDGA Equities (J),32295514.000000,49392247.000000,180817633.000000,262505394.000000,1615503199.554900,1302485028.498700,3055963097.832799,5973951325.886399,416427,188593,642528,1247548
2026-06-18,EDGX Equities (K),183665103.000000,281170602.000000,1194006748.000000,1658842453.000000,9336667525.096799,10474610168.295193,31392482505.948009,51203760199.340001,1946540,1390589,4182118,7519247
2026-06-18,LTSE (L),525953.000000,658407.000000,1320596.000000,2504956.000000,25760349.225000,7815044.118800,25898774.280300,59474167.624100,6787,3708,14046,24541
2026-06-18,NYSE Texas (M),43080714.000000,47390572.000000,104502004.000000,194973290.000000,5434643299.765399,6468102231.432301,22641718367.711099,34544463898.908799,63143,22033,64397,149573
2026-06-18,NYSE (N),4022989739.000000,101000379.000000,166040898.000000,4290031016.000000,276607290450.012969,4941568476.361898,8862787610.574702,290411646536.949569,7002350,479976,1435475,8917801
2026-06-18,NYSE Arca (P),323110561.000000,884165189.000000,2551711796.000000,3758987546.000000,17145524763.312395,46058685052.037404,54413754864.026903,117617964679.376702,4041031,3958874,9912211,17912116
2026-06-18,NASDAQ (Q),573810432.000000,364340320.000000,4991664903.000000,5929815655.000000,33506006229.784108,24333414093.175111,457493855398.860298,515333275721.819517,7924213,2619823,16594483,27138519
2026-06-18,Members Exchange (U),75154530.000000,128453762.000000,483210278.000000,686818570.000000,3891842589.304197,3938208351.835698,11962775176.115800,19792826117.255695,859321,507125,1634569,3001015
2026-06-18,Investors Exchange (V),351977611.000000,225089059.000000,340781801.000000,917848471.000000,19071178621.739596,8671256329.633700,23783748068.763106,51526183020.136402,3837515,722274,3593498,8153287
2026-06-18,NASDAQ PSX (X),8522482.000000,5091637.000000,11194614.000000,24808733.000000,587847300.480000,467795519.976300,1327178036.909700,2382820857.366000,104944,38141,168847,311932
2026-06-18,BYX Equities (Y),41060096.000000,46108713.000000,81785592.000000,168954401.000000,1918274861.772200,1578287230.766100,3198123252.117503,6694685344.655803,507952,226287,678248,1412487
2026-06-18,BZX Equities (Z),232262970.000000,215406550.000000,412525920.000000,860195440.000000,13737438387.988504,12134433577.844899,25643984083.704286,51515856049.537689,3140199,1351589,3526347,8018135
2026-06-17,NYSE American (A),8335507.000000,45621772.000000,9367512.000000,63324791.000000,399706691.943800,694787474.156100,595053971.681900,1689548137.781800,87073,149345,96129,332547
2026-06-17,NASDAQ Texas (B),15506469.000000,20231818.000000,25767822.000000,61506109.000000,1120178890.955600,980616648.161000,2202498723.186200,4303294262.302800,214138,112580,325962,652680
2026-06-17,NYSE National (C),23726174.000000,23503348.000000,25514863.000000,72744385.000000,1027641068.010100,767561482.749600,1278118904.665399,3073321455.425099,308812,107516,293783,710111
2026-06-17,FINRA / Nasdaq TRF Chicago (DB),15864428.273440,17436728.443570,53316935.971260,86618092.688270,822867936.074736,773228419.775233,4107391666.967254,5703488022.817223,133749,63318,374521,571588
2026-06-17,FINRA / NYSE TRF (DN),144083121.850478,175782777.153417,328583461.893033,648449360.896928,7110030097.919765,4942763129.868409,15576614122.198491,27629407349.986665,830175,453371,1606057,2889603
2026-06-17,FINRA / Nasdaq TRF Carteret (DQ),2493651289.977119,3138012434.702743,5691968273.197585,11323631997.877447,135823719293.947345,125644106550.695592,279509857127.600744,540977682972.243681,23550946,8133860,34660841,66345647
2026-06-17,24X National Exchange (G),1194062.000000,5388085.000000,4081777.000000,10663924.000000,66368805.359500,158000524.878400,238199771.316500,462569101.554400,7454,17875,28462,53791
2026-06-17,MIAX Pearl (H),27042535.000000,79818423.000000,109376035.000000,216236993.000000,1044168300.599300,2837079676.175900,2916569860.315000,6797817837.090200,289255,293375,551178,1133808
2026-06-17,EDGA Equities (J),30377736.000000,55517592.000000,115938784.000000,201834112.000000,1597183370.066300,1887251009.441099,2978806383.990900,6463240763.498299,411605,225002,679662,1316269
2026-06-17,EDGX Equities (K),185904173.000000,340442055.000000,593616775.000000,1119963003.000000,8795609077.243297,13807734456.530908,29303414922.791204,51906758456.565409,2019119,1657807,4423028,8099954
2026-06-17,LTSE (L),844187.000000,608695.000000,1514922.000000,2967804.000000,44620011.340000,25147606.934600,39744536.081300,109512154.355900,10603,5813,16858,33274
2026-06-17,NYSE Texas (M),22025129.000000,24567359.000000,41599762.000000,88192250.000000,2254448615.534600,5658324504.091999,6045700771.733099,13958473891.359698,67816,26250,74882,168948
2026-06-17,NYSE (N),1442662782.000000,139883110.000000,183497996.000000,1766043888.000000,88670470545.304511,6724442135.137802,9307641866.190299,104702554546.632612,7098648,637256,1538233,9274137
2026-06-17,NYSE Arca (P),304189454.000000,1004497562.000000,1751648773.000000,3060335789.000000,15462733621.514295,49792218973.514552,51280998014.982666,116535950610.011513,3909372,4558032,10491303,18958707
2026-06-17,NASDAQ (Q),583408186.000000,472296198.000000,2204993643.000000,3260698027.000000,32886454377.448305,32956873706.040284,177148551797.632980,242991879881.121569,8679125,3398421,16692659,28770205
2026-06-17,Members Exchange (U),78048014.000000,155466141.000000,307492860.000000,541007015.000000,3971576521.101699,6115463698.519899,11171153468.847403,21258193688.469001,860585,717479,1577625,3155689
2026-06-17,Investors Exchange (V),350234761.000000,226885489.000000,350940925.000000,928061175.000000,18653396757.161396,11001859429.492301,21874305449.247806,51529561635.901503,3800363,831349,3565279,8196991
2026-06-17,NASDAQ PSX (X),6995612.000000,6709485.000000,9161230.000000,22866327.000000,408437353.019900,747283457.109000,1152057922.617700,2307778732.746600,86607,54156,152334,293097
2026-06-17,BYX Equities (Y),39430073.000000,44424694.000000,76308292.000000,160163059.000000,1713957331.501100,2071866935.321100,3299962788.355801,7085787055.178001,509074,245733,708243,1463050
2026-06-17,BZX Equities (Z),234374609.000000,268336478.000000,345033887.000000,847744974.000000,13870885907.748501,16150687032.732403,24362085656.380901,54383658596.861805,3469463,1780749,3732878,8983090
2026-06-16,NYSE American (A),7698634.000000,42181665.000000,8291935.000000,58172234.000000,366093893.144500,441885263.925400,570562968.147900,1378542125.217800,73825,105813,84159,263797
2026-06-16,NASDAQ Texas (B),12834207.000000,16379472.000000,26407147.000000,55620826.000000,860416057.700200,726955801.301900,2214064726.902099,3801436585.904199,177800,90278,328616,596694
2026-06-16,NYSE National (C),19983520.000000,14419975.000000,22328793.000000,56732288.000000,859736198.545200,468222235.142200,1168034094.268500,2495992527.955900,262298,75208,279666,617172
2026-06-16,FINRA / Nasdaq TRF Chicago (DB),15554859.712880,15634664.479480,45550908.684660,76740432.877020,790176477.300636,655587770.608391,4444922460.919305,5890686708.828332,135933,64959,393506,594398
2026-06-16,FINRA / NYSE TRF (DN),123758145.173670,127765024.579937,382662737.407286,634185907.160893,6028487412.586003,3131334055.689302,14522599935.431032,23682421403.706337,790047,412164,1757597,2959808
2026-06-16,FINRA / Nasdaq TRF Carteret (DQ),2278137822.512783,2512295348.370120,5527895309.631412,10318328480.514315,121943582816.997760,118784131523.701483,266841490653.179851,507569204993.879094,22649413,7391791,35317326,65358530
2026-06-16,24X National Exchange (G),1128512.000000,4312677.000000,4498342.000000,9939531.000000,65252766.522600,74326321.594700,298606068.741900,438185156.859200,6896,14330,31938,53164
2026-06-16,MIAX Pearl (H),24002498.000000,43112411.000000,109464566.000000,176579475.000000,965217919.274400,1415345892.243000,2852927982.035901,5233491793.553301,244223,174888,588341,1007452
2026-06-16,EDGA Equities (J),28065693.000000,36179964.000000,126014122.000000,190259779.000000,1331240232.751600,1171806522.186500,2783699535.975100,5286746290.913200,360059,155366,700058,1215483
2026-06-16,EDGX Equities (K),157053474.000000,254816556.000000,528006774.000000,939876804.000000,7714838867.690702,9326896994.705603,29112486740.269293,46154222602.665598,1721135,1278628,4430753,7430516
2026-06-16,LTSE (L),487443.000000,349310.000000,1525622.000000,2362375.000000,24477610.245000,8916676.944500,26112577.597900,59506864.787400,5426,3263,17499,26188
2026-06-16,NYSE Texas (M),30449646.000000,20268344.000000,32938716.000000,83656706.000000,2730203130.641000,3020084103.536000,5520582124.040501,11270869358.217501,68060,16908,62964,147932
2026-06-16,NYSE (N),1361980152.000000,95594392.000000,148658438.000000,1606232982.000000,84559364534.107503,3988163457.997701,7938381763.594803,96485909755.700007,6340851,408057,1429836,8178744
2026-06-16,NYSE Arca (P),268009754.000000,663267040.000000,1633823451.000000,2565100245.000000,13530604368.466303,36648891380.719943,52481262590.220748,102660758339.406994,3356540,3483289,10600881,17440710
2026-06-16,NASDAQ (Q),471286613.000000,286584322.000000,2190108767.000000,2947979702.000000,26892146714.843005,20307699176.062698,188601997548.381948,235801843439.287651,7103062,2222655,15983581,25309298
2026-06-16,Members Exchange (U),64152006.000000,86469104.000000,307141600.000000,457762710.000000,3031170877.307100,3400593990.643400,10178178466.474999,16609943334.425499,670565,439050,1560019,2669634
2026-06-16,Investors Exchange (V),299098831.000000,176022458.000000,317541563.000000,792662852.000000,15948869557.203799,7963894923.535907,22280783614.893892,46193548095.633598,3374225,647358,3343974,7365557
2026-06-16,NASDAQ PSX (X),5718144.000000,3989037.000000,7716397.000000,17423578.000000,297477659.066000,413716279.536200,966862581.609000,1678056520.211200,67675,28617,140595,236887
2026-06-16,BYX Equities (Y),34716409.000000,34169969.000000,66465764.000000,135352142.000000,1417083426.047800,1273466577.990700,3169481569.733100,5860031573.771600,455964,184240,710209,1350413
2026-06-16,BZX Equities (Z),196840881.000000,177367157.000000,298093959.000000,672301997.000000,11362294074.778204,9880860120.242002,23216490139.741206,44459644334.761412,2808906,1193098,3477425,7479429
2026-06-15,NYSE American (A),6580683.000000,48973904.000000,8500204.000000,64054791.000000,393799079.725000,550184743.378200,662382274.644000,1606366097.747200,74522,157503,89429,321454
2026-06-15,NASDAQ Texas (B),14316928.000000,17220387.000000,26317993.000000,57855308.000000,1024876869.598700,756567676.183000,2055950753.809199,3837395299.590899,194183,101435,317366,612984
2026-06-15,NYSE National (C),20740228.000000,19854649.000000,24241823.000000,64836700.000000,874534065.089600,527664132.075900,1189175847.898400,2591374045.063900,269987,88949,288269,647205
2026-06-15,FINRA / Nasdaq TRF Chicago (DB),16550780.370980,13635156.132590,42064333.392950,72250269.896520,883513684.205798,662410149.397140,3815735932.097785,5361659765.700723,148880,67370,385640,601890
2026-06-15,FINRA / NYSE TRF (DN),133327414.078244,135972691.443215,289638079.076985,558938184.598444,6384153528.789342,3316188915.293554,12619114944.868149,22319457388.951045,865912,399192,1792633,3057737
2026-06-15,FINRA / Nasdaq TRF Carteret (DQ),2474722784.857510,2738051378.331919,5216456692.313174,10429230855.502603,137841060113.474186,106767585927.057884,285695360278.879555,530304006319.411625,24542017,8840792,35855971,69238780
2026-06-15,24X National Exchange (G),1134646.000000,3561944.000000,5029430.000000,9726020.000000,69663387.225000,72065605.082400,255344544.282900,397073536.590300,7942,13048,31849,52839
2026-06-15,MIAX Pearl (H),25159900.000000,57733916.000000,101135045.000000,184028861.000000,998695527.971700,1405127603.441700,2810366427.129599,5214189558.542999,270536,201600,575434,1047570
2026-06-15,EDGA Equities (J),30239285.000000,51876872.000000,121061601.000000,203177758.000000,1559231329.752500,1193956135.849700,2754948332.057901,5508135797.660101,405732,194860,657404,1257996
2026-06-15,EDGX Equities (K),177731676.000000,258808561.000000,557401590.000000,993941827.000000,8864913110.978599,9637917668.419003,28453822591.839105,46956653371.236707,1937776,1369067,4155046,7461889
2026-06-15,LTSE (L),412692.000000,496122.000000,1540476.000000,2449290.000000,21081443.950000,14561440.742600,32241141.321500,67884026.014100,5035,3367,12880,21282
2026-06-15,NYSE Texas (M),29780036.000000,15481708.000000,27897150.000000,73158894.000000,2182258364.474000,2576830098.126901,4958774820.875703,9717863283.476604,61441,19793,62432,143666
2026-06-15,NYSE (N),1403494968.000000,96706596.000000,173012859.000000,1673214423.000000,87456745861.491506,4228567941.400701,8042643583.151995,99727957386.044202,6509748,451659,1459602,8421009
2026-06-15,NYSE Arca (P),291527775.000000,805423464.000000,1398239235.000000,2495190474.000000,15057713084.805401,39983549723.026555,50409720554.709765,105450983362.541721,3674339,3812264,9955889,17442492
2026-06-15,NASDAQ (Q),517159234.000000,328303210.000000,2102671370.000000,2948133814.000000,30106763803.031798,22873070194.506704,187751714719.110336,240731548716.648838,7582421,2587992,15692841,25863254
2026-06-15,Members Exchange (U),71808793.000000,101768101.000000,282859966.000000,456436860.000000,3634767076.720101,3424217148.058202,10635580976.964703,17694565201.743006,789952,468787,1571109,2829848
2026-06-15,Investors Exchange (V),313637735.000000,188125424.000000,338415564.000000,840178723.000000,16917688544.798502,8373924936.412400,21164722294.612594,46456335775.823496,3558954,695301,3405875,7660130
2026-06-15,NASDAQ PSX (X),6336325.000000,4649070.000000,9926604.000000,20911999.000000,354977220.100000,473109363.294100,997276525.462400,1825363108.856500,77630,34403,142813,254846
2026-06-15,BYX Equities (Y),37439706.000000,37947424.000000,64614692.000000,140001822.000000,1722332441.768900,1436258637.676000,3197303290.122503,6355894369.567403,503651,210088,727354,1441093
2026-06-15,BZX Equities (Z),214522902.000000,188894425.000000,315510241.000000,718927568.000000,13029090238.292695,10731543123.988403,23349452631.605797,47110085993.886895,3128212,1258056,3496769,7883037
2026-06-12,NYSE American (A),4757979.000000,29673860.000000,7258829.000000,41690668.000000,257260373.038500,430552608.252300,598087987.789800,1285900969.080600,55757,96651,78933,231341
2026-06-12,NASDAQ Texas (B),13077568.000000,16975520.000000,29080041.000000,59133129.000000,840220315.892600,849863879.674900,2373032334.703599,4063116530.271099,181682,94639,356086,632407
2026-06-12,NYSE National (C),18741936.000000,19423670.000000,24014220.000000,62179826.000000,775189610.102400,658426157.898900,1414328303.543599,2847944071.544899,247290,89472,315117,651879
2026-06-12,FINRA / Nasdaq TRF Chicago (DB),14656495.610660,13052603.120610,42711989.011970,70421087.743240,752200167.895170,685878171.253403,3960545129.187119,5398623468.335692,129653,61601,383998,575252
2026-06-12,FINRA / NYSE TRF (DN),132794217.288891,106520393.694802,245838245.469149,485152856.452842,6099236070.686025,4452653342.497966,13751281857.698773,24303171270.882764,770448,399888,1579962,2750298
2026-06-12,FINRA / Nasdaq TRF Carteret (DQ),2105134196.233477,2180303000.606038,4765518770.844811,9050955967.684326,115064969418.475045,91013179690.765969,261972769249.857795,468050918359.098809,22098623,6846532,35115177,64060332
2026-06-12,24X National Exchange (G),1030254.000000,3628261.000000,4282931.000000,8941446.000000,49119915.043100,94286422.052700,304496557.634900,447902894.730700,6320,9958,31386,47664
2026-06-12,MIAX Pearl (H),21827958.000000,54453743.000000,99236184.000000,175517885.000000,756642459.627200,2038720311.107500,3196478402.566098,5991841173.300798,239337,222399,573068,1034804
2026-06-12,EDGA Equities (J),23355389.000000,30286387.000000,95665846.000000,149307622.000000,1171746283.488400,1357459572.571700,2948568472.615301,5477774328.675401,348646,166044,652082,1166772
2026-06-12,EDGX Equities (K),166256011.000000,250208084.000000,654691441.000000,1071155536.000000,8233713335.594599,10558414138.227396,31813521208.662109,50605648682.484104,1874060,1359867,4768070,8001997
2026-06-12,LTSE (L),53761.000000,147716.000000,994997.000000,1196474.000000,3253592.055000,3614718.960500,11385764.331000,18254075.346500,571,1426,7879,9876
2026-06-12,NYSE Texas (M),21006136.000000,23180982.000000,24101275.000000,68288393.000000,2404465557.860000,4423321885.371399,5578825144.640599,12406612587.871998,36213,14494,43465,94172
2026-06-12,NYSE (N),1195775865.000000,102751552.000000,161912272.000000,1460439689.000000,72781952284.641503,4190372424.542000,9430124566.981999,86402449276.165502,6289528,455812,1597137,8342477
2026-06-12,NYSE Arca (P),273726966.000000,663224862.000000,1378395368.000000,2315347196.000000,13779796232.460805,39100359357.483297,56974485756.141559,109854641346.085661,3440941,3798080,10712997,17952018
2026-06-12,NASDAQ (Q),501001134.000000,370765960.000000,2101872053.000000,2973639147.000000,28559221571.184397,28459934942.764209,185622965610.885056,242642122124.833662,7630479,3159517,17462685,28252681
2026-06-12,Members Exchange (U),64021173.000000,86682396.000000,312123887.000000,462827456.000000,3198108201.014500,3857016316.958101,11076121163.565303,18131245681.537904,741432,492814,1592704,2826950
2026-06-12,Investors Exchange (V),280632009.000000,187930920.000000,321561319.000000,790124248.000000,15313631242.728999,8736068110.368000,21910684021.998494,45960383375.095493,3299516,695703,3409953,7405172
2026-06-12,NASDAQ PSX (X),4015411.000000,5422039.000000,8250906.000000,17688356.000000,258747123.506000,706006101.661100,1066048277.935300,2030801503.102400,60030,47196,144113,251339
2026-06-12,BYX Equities (Y),35388613.000000,35071574.000000,63097891.000000,133558078.000000,1455849409.612000,1455907884.353100,3693130671.732701,6604887965.697801,442757,186907,781040,1410704
2026-06-12,BZX Equities (Z),205271938.000000,197653652.000000,335938561.000000,738864151.000000,12019436892.158596,11695042135.453302,25988588179.088193,49703067206.700091,3043533,1449237,3751853,8244623
2026-06-11,NYSE American (A),7043584.000000,36640847.000000,7788700.000000,51473131.000000,366210652.517900,592891808.662200,548373435.387000,1507475896.567100,77140,138414,82491,298045
2026-06-11,NASDAQ Texas (B),15754677.000000,18843146.000000,27970711.000000,62568534.000000,1102679591.153700,1125488946.826000,2143237674.493199,4371406212.472899,216658,119005,337925,673588
2026-06-11,NYSE National (C),21852122.000000,19747302.000000,25544784.000000,67144208.000000,882899908.621100,921593859.669100,1182293214.320100,2986786982.610300,276655,117657,298655,692967
2026-06-11,FINRA / Nasdaq TRF Chicago (DB),16802872.272620,16459713.668690,38502328.056190,71764913.997500,930847314.723026,821431011.984410,3962150740.703785,5714429067.411221,136867,67555,339298,543720
2026-06-11,FINRA / NYSE TRF (DN),131695550.615731,108319656.518046,260758470.894861,500773678.028638,6592757803.614515,4725770007.340633,13394374169.105707,24712901980.060855,836330,366658,1499153,2702141
2026-06-11,FINRA / Nasdaq TRF Carteret (DQ),2378546942.270207,2615504325.999957,4812688085.009363,9806739353.279527,130934649036.755538,125867287132.298600,265744949597.113944,522546885766.168082,23236473,7738919,33461549,64436941
2026-06-11,24X National Exchange (G),2020105.000000,8216914.000000,4846247.000000,15083266.000000,87090970.065400,148666716.542100,220738636.970000,456496323.577500,8099,18076,30274,56449
2026-06-11,MIAX Pearl (H),25829534.000000,101081058.000000,92482181.000000,219392773.000000,952996126.450700,3111861863.442600,3211364102.919901,7276222092.813201,264225,324697,589257,1178179
2026-06-11,EDGA Equities (J),31748023.000000,55091225.000000,94235088.000000,181074336.000000,1688137366.487500,2159243374.434300,3334939300.800001,7182320041.721801,443935,257364,745867,1447166
2026-06-11,EDGX Equities (K),189897284.000000,363589821.000000,553162941.000000,1106650046.000000,9207092447.865897,15018719471.117099,29482046769.730909,53707858688.713905,2111707,1795563,4726436,8633706
2026-06-11,LTSE (L),1007219.000000,654758.000000,1388190.000000,3050167.000000,52654824.505000,31944390.220300,47420966.273900,132020180.999200,10513,8106,16507,35126
2026-06-11,NYSE Texas (M),23213783.000000,12109565.000000,27553756.000000,62877104.000000,1825219001.240400,2028390343.911000,4724351559.788998,8577960904.940398,64234,20456,74029,158719
2026-06-11,NYSE (N),1358130252.000000,157641662.000000,179169306.000000,1694941220.000000,83593009372.398414,7311271544.054801,8846748818.222799,99751029734.676014,7245377,694819,1606056,9546252
2026-06-11,NYSE Arca (P),321717965.000000,917312818.000000,1255783893.000000,2494814676.000000,15971717462.761203,56519083316.553322,55610494772.470406,128101295551.784931,4014748,4868196,10872427,19755371
2026-06-11,NASDAQ (Q),595059516.000000,492854624.000000,2124405894.000000,3212320034.000000,34282247741.580279,36671883309.041782,189362625908.103359,260316756958.725420,8775131,3955314,17532026,30262471
2026-06-11,Members Exchange (U),73307317.000000,160541796.000000,279941637.000000,513790750.000000,3512719814.738600,5969893337.632100,11165764896.368603,20648378048.739303,791228,770006,1723388,3284622
2026-06-11,Investors Exchange (V),323140595.000000,233573000.000000,324972946.000000,881686541.000000,16871658159.581800,11499053224.496401,21350910011.884400,49721621395.962601,3565182,864089,3439559,7868830
2026-06-11,NASDAQ PSX (X),6210761.000000,6792322.000000,9266428.000000,22269511.000000,382556390.055000,953471550.111100,1125996088.881800,2462024029.047900,84857,56104,158786,299747
2026-06-11,BYX Equities (Y),41137248.000000,44190777.000000,57543169.000000,142871194.000000,1828790909.292900,2238170667.062002,3128449431.323900,7195411007.678802,506276,259653,677258,1443187
2026-06-11,BZX Equities (Z),236620517.000000,267678961.000000,333679140.000000,837978618.000000,12962726331.151197,16603762137.130200,25429477784.458297,54995966252.739694,3300828,1915963,4005143,9221934
2026-06-10,NYSE American (A),6206989.000000,39920486.000000,7896013.000000,54023488.000000,375352713.764200,547161807.681800,560207851.905300,1482722373.351300,70327,144536,84564,299427
2026-06-10,NASDAQ Texas (B),14908689.000000,35742434.000000,27114431.000000,77765554.000000,1337763993.010500,1096595719.744300,2182342404.410002,4616702117.164802,227778,110636,337391,675805
2026-06-10,NYSE National (C),20194071.000000,19513435.000000,25472805.000000,65180311.000000,902910421.195900,768550998.702900,1183156099.346500,2854617519.245300,279593,103133,308125,690851
2026-06-10,FINRA / Nasdaq TRF Chicago (DB),13943740.598830,17282825.808150,37225589.901860,68452156.308840,820986700.377797,772750669.664856,3719043639.630080,5312781009.672733,127616,70081,309842,507539
2026-06-10,FINRA / NYSE TRF (DN),125490840.493746,133550378.383066,278107958.255301,537149177.132113,6769381826.968785,3933148019.342569,14644732994.626453,25347262840.937807,818600,492916,1502638,2814154
2026-06-10,FINRA / Nasdaq TRF Carteret (DQ),2223451980.356957,2785071350.789449,4651601497.753751,9660124828.900157,127256457387.988597,108808536182.005392,244784455716.362389,480849449286.356378,22664763,8056669,32598798,63320230
2026-06-10,24X National Exchange (G),1934087.000000,10191167.000000,5002599.000000,17127853.000000,99088147.949800,167895374.704600,231467266.431900,498450789.086300,8230,21484,30250,59964
2026-06-10,MIAX Pearl (H),20301628.000000,85133252.000000,87683835.000000,193118715.000000,885740867.167500,2641160144.234401,3068721356.142501,6595622367.544402,236237,300103,542783,1079123
2026-06-10,EDGA Equities (J),28805846.000000,45821544.000000,100682830.000000,175310220.000000,1528537648.175300,1740017869.656300,2900247699.382998,6168803217.214598,413200,229371,716874,1359445
2026-06-10,EDGX Equities (K),167027621.000000,418472262.000000,463193281.000000,1048693164.000000,9298934373.080603,12627144159.314806,26136204290.757396,48062282823.152805,2029196,1748369,4572589,8350154
2026-06-10,LTSE (L),704008.000000,527366.000000,1475634.000000,2707008.000000,39612192.240000,27247814.031900,42238359.349700,109098365.621600,8689,6815,17151,32655
2026-06-10,NYSE Texas (M),19911194.000000,12882384.000000,32687140.000000,65480718.000000,1728108402.677600,1665237651.868400,5100216206.338598,8493562260.884598,60702,18734,72865,152301
2026-06-10,NYSE (N),1281419676.000000,155220695.000000,162626739.000000,1599267110.000000,76994786091.470808,5988205082.394899,9442725061.069098,92425716234.934805,6695345,580355,1593029,8868729
2026-06-10,NYSE Arca (P),289630703.000000,973391609.000000,1229103577.000000,2492125889.000000,16333925976.494698,47879610352.281862,53413552907.685604,117627089236.462164,3882957,4854022,11262954,19999933
2026-06-10,NASDAQ (Q),545580496.000000,508067572.000000,1918732182.000000,2972380250.000000,34177419618.632702,30596163345.076687,161938724852.009895,226712307815.719284,8279638,3449416,16241723,27970777
2026-06-10,Members Exchange (U),64375547.000000,175241792.000000,278260930.000000,517878269.000000,3704220603.981600,5184228948.822402,10043999665.417197,18932449218.221199,802575,715685,1678067,3196327
2026-06-10,Investors Exchange (V),309707601.000000,235929989.000000,306101478.000000,851739068.000000,16958749535.691000,10299925751.711398,20515542245.472394,47774217532.874792,3565633,800031,3429975,7795639
2026-06-10,NASDAQ PSX (X),5243941.000000,5656359.000000,7768611.000000,18668911.000000,402287018.585000,611277156.808900,919727323.014300,1933291498.408200,75734,46669,136635,259038
2026-06-10,BYX Equities (Y),37185140.000000,43517934.000000,58471868.000000,139174942.000000,1852797854.060000,1946722049.955001,3227763109.964001,7027283013.979002,508713,239548,705103,1453364
2026-06-10,BZX Equities (Z),212948721.000000,247837268.000000,282564314.000000,743350303.000000,13119342623.911399,13153720197.305596,23834023522.024903,50107086343.241898,3142205,1628445,3652608,8423258
2026-06-09,NYSE American (A),8731688.000000,42964861.000000,10454775.000000,62151324.000000,449680620.032200,755227361.486900,798039261.070100,2002947242.589200,92344,168052,107800,368196
2026-06-09,NASDAQ Texas (B),16898720.000000,43897870.000000,35118024.000000,95914614.000000,1290732225.973000,1425302695.204099,3013978808.210301,5730013729.387400,231979,129703,397196,758878
2026-06-09,NYSE National (C),23317831.000000,26857403.000000,31150236.000000,81325470.000000,995307603.188300,1104625369.299300,1679053028.363200,3778986000.850800,302985,127953,352003,782941
2026-06-09,FINRA / Nasdaq TRF Chicago (DB),19778761.244110,22948653.626510,52423310.421550,95150725.292170,1175493844.100321,1053875435.194159,5236160635.842320,7465529915.136800,173807,93478,443711,710996
2026-06-09,FINRA / NYSE TRF (DN),144236630.479241,121870213.904496,312320698.850088,578427543.233825,7835761388.758188,4647493700.919530,16247893477.089878,28731148566.767596,906299,474504,1657792,3038595
2026-06-09,FINRA / Nasdaq TRF Carteret (DQ),2640286806.203809,3083340657.008801,5779453101.448862,11503080564.661472,147643709056.182490,129246579437.257634,312077351113.408184,588967639606.848308,25083890,9306163,37971431,72361484
2026-06-09,24X National Exchange (G),2054403.000000,11273356.000000,6355946.000000,19683705.000000,95150846.080000,201240607.334000,308327160.523100,604718613.937100,9873,19743,34269,63885
2026-06-09,MIAX Pearl (H),25094798.000000,104074661.000000,141635477.000000,270804936.000000,968500683.292000,3706565807.345297,3980698112.049800,8655764602.687097,287876,362987,719085,1369948
2026-06-09,EDGA Equities (J),33073735.000000,62137887.000000,130719805.000000,225931427.000000,1762515327.040500,2423376486.993800,3664767565.372602,7850659379.406902,467499,265363,775981,1508843
2026-06-09,EDGX Equities (K),194255299.000000,460144573.000000,681329113.000000,1335728985.000000,10003930914.568896,16259947421.053688,34349891577.214705,60613769912.837289,2289597,2066185,5504567,9860349
2026-06-09,LTSE (L),1018531.000000,724468.000000,2283011.000000,4026010.000000,55217950.325000,41420573.345500,50480632.812000,147119156.482500,11800,7226,21533,40559
2026-06-09,NYSE Texas (M),21340410.000000,13193319.000000,31125693.000000,65659422.000000,1587753264.569100,1732077871.020000,4622305806.772299,7942136942.361399,56451,26388,71930,154769
2026-06-09,NYSE (N),1367586792.000000,195303423.000000,202018651.000000,1764908866.000000,83056992359.479096,8824549399.450599,11429269777.088801,103310811536.018496,7533428,766007,1827203,10126638
2026-06-09,NYSE Arca (P),316078257.000000,1026608301.000000,1739412397.000000,3082098955.000000,16974265684.942293,58767127212.696135,64405962761.778270,140147355659.416698,4207414,5447050,12829480,22483944
2026-06-09,NASDAQ (Q),608721403.000000,575078825.000000,2222761923.000000,3406562151.000000,36658836903.239398,40252431537.815029,193414972638.612653,270326241079.667080,9494912,4372839,19669493,33537244
2026-06-09,Members Exchange (U),77100897.000000,169281135.000000,399079755.000000,645461787.000000,4041216864.317299,6272916277.515698,13327948125.611806,23642081267.444803,901446,806430,2042897,3750773
2026-06-09,Investors Exchange (V),344491214.000000,259942932.000000,349929999.000000,954364145.000000,18343398364.407703,12825612229.309497,24080671021.495796,55249681615.212996,3829152,975107,3773781,8578040
2026-06-09,NASDAQ PSX (X),4566963.000000,8160223.000000,8109539.000000,20836725.000000,337799027.434700,1187280424.023800,1171887785.649900,2696967237.108400,73728,67580,162890,304198
2026-06-09,BYX Equities (Y),38855127.000000,54823749.000000,68277351.000000,161956227.000000,1858851568.452402,2563229035.997999,4139971602.297698,8562052206.748099,527029,293854,774713,1595596
2026-06-09,BZX Equities (Z),240231981.000000,296508469.000000,370092520.000000,906832970.000000,13821308671.667300,16774261060.092202,30835531425.353106,61431101157.112608,3565133,1959147,4688038,10212318
2026-06-08,NYSE American (A),7152954.000000,29549117.000000,8503637.000000,45205708.000000,398360677.150400,430294161.628400,608321736.888200,1436976575.667000,82616,112214,93235,288065
2026-06-08,NASDAQ Texas (B),14305561.000000,16505670.000000,29633334.000000,60444565.000000,1067958691.680200,764362829.269100,2259432628.167199,4091754149.116499,214823,96229,355186,666238
2026-06-08,NYSE National (C),20190086.000000,15201148.000000,26622190.000000,62013424.000000,845347968.340900,602686996.136200,1216369323.904500,2664404288.381600,272496,86707,310777,669980
2026-06-08,FINRA / Nasdaq TRF Chicago (DB),15137772.774780,14567269.866660,37810389.242370,67515431.883810,845334401.164861,708277899.387763,3672757638.124635,5226369938.677259,138304,65157,342187,545648
2026-06-08,FINRA / NYSE TRF (DN),125850346.665423,116332428.383101,274841355.161059,517024130.209583,6885082570.920064,3922665216.962166,13641183656.678923,24448931444.561153,841643,448498,1609231,2899372
2026-06-08,FINRA / Nasdaq TRF Carteret (DQ),2136918777.755084,2223943600.414273,5172802632.849892,9533665011.019249,121244660709.525271,86690327792.519450,247075070203.180890,455010058705.225611,23027467,7507449,34519597,65054513
2026-06-08,24X National Exchange (G),1513693.000000,6972831.000000,4293638.000000,12780162.000000,55136294.640200,90051718.053000,211103999.185500,356292011.878700,6451,11094,25496,43041
2026-06-08,MIAX Pearl (H),19068337.000000,70590429.000000,114882789.000000,204541555.000000,803487797.570300,1769118425.326500,2570351517.136101,5142957740.032901,213995,194746,534587,943328
2026-06-08,EDGA Equities (J),23188997.000000,34082312.000000,152304991.000000,209576300.000000,1140381766.021500,1305843112.376200,2470917571.127301,4917142449.525001,341989,169534,733524,1245047
2026-06-08,EDGX Equities (K),146918379.000000,296066676.000000,491708861.000000,934693916.000000,7585942994.604400,9927639630.966900,24592927834.459695,42106510460.030995,1752672,1285692,4291630,7329994
2026-06-08,LTSE (L),445927.000000,169672.000000,1786437.000000,2402036.000000,24897455.965000,12379985.710400,28673840.187800,65951281.863200,4933,3975,16269,25177
2026-06-08,NYSE Texas (M),18399803.000000,13135201.000000,28827082.000000,60362086.000000,1839414602.435000,1176900566.914600,5184408140.553499,8200723309.903099,36604,15587,50948,103139
2026-06-08,NYSE (N),1221150799.000000,120412103.000000,152972441.000000,1494535343.000000,75465803872.508386,4922596688.653998,7597782161.140200,87986182722.302584,6131548,442894,1356467,7930909
2026-06-08,NYSE Arca (P),251269306.000000,686706707.000000,1233988008.000000,2171964021.000000,13141954065.922496,39511065823.718610,44981387324.993193,97634407214.634299,3240242,3414941,9594362,16249545
2026-06-08,NASDAQ (Q),457208111.000000,330586372.000000,1825415439.000000,2613209922.000000,27179240531.114199,22997346004.889609,164068148389.042849,214244734925.046657,7144478,2612244,15030713,24787435
2026-06-08,Members Exchange (U),57636003.000000,120496434.000000,384643483.000000,562775920.000000,3093147173.759601,3557525822.775598,10079641106.502594,16730314103.037793,703795,505526,1713225,2922546
2026-06-08,Investors Exchange (V),275957737.000000,194459645.000000,280585726.000000,751003108.000000,14848644574.233899,8207639883.953098,19417446793.517207,42473731251.704204,3352271,689935,3280343,7322549
2026-06-08,NASDAQ PSX (X),3933267.000000,4433997.000000,6283937.000000,14651201.000000,300822453.633900,491173253.218300,741634916.180600,1533630623.032800,61994,34076,115597,211667
2026-06-08,BYX Equities (Y),34361920.000000,32801532.000000,60954987.000000,128118439.000000,1478776276.960700,1570116412.272001,3046772750.911501,6095665440.144202,456094,205288,705646,1367028
2026-06-08,BZX Equities (Z),184887793.000000,188719471.000000,296145169.000000,669752433.000000,10821148482.446696,10433784438.624995,23368120898.169609,44623053819.241300,2786716,1213520,3849636,7849872
2026-06-05,NYSE American (A),6447027.000000,42411209.000000,8959097.000000,57817333.000000,419941626.633600,578414596.447800,860230361.880000,1858586584.961400,80289,137189,104578,322056
2026-06-05,NASDAQ Texas (B),16143897.000000,24467023.000000,30521323.000000,71132243.000000,1281835050.845100,1196198550.421700,3105716399.273600,5583750000.540400,241419,125655,392585,759659
2026-06-05,NYSE National (C),22251915.000000,25428680.000000,28079996.000000,75760591.000000,964574754.206400,914829541.351800,1598644189.806100,3478048485.364300,293898,122698,342322,758918
2026-06-05,FINRA / Nasdaq TRF Chicago (DB),20421662.691910,22139225.071170,51711418.200930,94272305.964010,1138649512.711746,1003200843.937695,4801503049.529734,6943353406.179175,192576,103132,460151,755859
2026-06-05,FINRA / NYSE TRF (DN),138058084.863004,135232711.473757,416158454.335034,689449250.671795,7514758692.320656,7948561649.092396,20742643392.002796,36205963733.415848,939918,446644,1749810,3136372
2026-06-05,FINRA / Nasdaq TRF Carteret (DQ),2385183765.953372,2817181754.505805,5674849360.337682,10877214880.796859,134814117848.873832,123653334772.776511,314030658137.294746,572498110758.945089,25040758,10047690,38184209,73272657
2026-06-05,24X National Exchange (G),1861865.000000,10139855.000000,6002868.000000,18004588.000000,93338686.150000,137089454.342700,302495588.557000,532923729.049700,9626,14799,32952,57377
2026-06-05,MIAX Pearl (H),25630740.000000,71259607.000000,121306504.000000,218196851.000000,1086144690.654700,2702052922.561800,3751655005.692597,7539852618.909097,275869,298752,609810,1184431
2026-06-05,EDGA Equities (J),31291655.000000,46812750.000000,177910639.000000,256015044.000000,1614517642.185000,2045513388.991901,3712209720.322401,7372240751.499302,412857,228175,823703,1464735
2026-06-05,EDGX Equities (K),190712061.000000,359484927.000000,578072642.000000,1128269630.000000,10159319205.835899,14164417256.378490,35759981619.471983,60083718081.686372,2205549,1968535,5246847,9420931
2026-06-05,LTSE (L),666964.000000,323429.000000,1561235.000000,2551628.000000,37749700.245000,20916664.380500,38398170.768300,97064535.393800,7742,4476,13344,25562
2026-06-05,NYSE Texas (M),16457939.000000,15371626.000000,50105551.000000,81935116.000000,2088025577.505800,1678147688.193200,11905738592.016403,15671911857.715403,30276,20940,48241,99457
2026-06-05,NYSE (N),1320060759.000000,151026314.000000,181342324.000000,1652429397.000000,82840507016.084592,7196529260.342999,10295078126.275397,100332114402.702988,7012654,671350,1639072,9323076
2026-06-05,NYSE Arca (P),312189201.000000,929374222.000000,1259653128.000000,2501216551.000000,16640479384.123496,60405360979.020294,64862015003.196898,141907855366.340688,4003704,5255530,10688966,19948200
2026-06-05,NASDAQ (Q),558865617.000000,499018023.000000,2240639204.000000,3298522844.000000,34116823041.487284,37349655062.328199,226251975056.421718,297718453160.237201,8790618,3910319,19793664,32494601
2026-06-05,Members Exchange (U),74107228.000000,141614521.000000,348267107.000000,563988856.000000,3957892992.077100,5542189394.455003,12895278844.769102,22395361231.301205,850112,743894,1886628,3480634
2026-06-05,Investors Exchange (V),317933232.000000,230819372.000000,356875032.000000,905627636.000000,17210067593.768602,11532930752.367684,25411957655.639084,54154956001.775370,3546794,933317,3753915,8234026
2026-06-05,NASDAQ PSX (X),4243708.000000,6613056.000000,8271001.000000,19127765.000000,334345903.528200,904364661.511500,1235764854.103800,2474475419.143500,71105,47993,161070,280168
2026-06-05,BYX Equities (Y),41343382.000000,57227022.000000,68930278.000000,167500682.000000,1955856293.020800,2315673507.203699,4246288517.092003,8517818317.316502,536035,282124,803234,1621393
2026-06-05,BZX Equities (Z),216256209.000000,276073733.000000,359726866.000000,852056808.000000,13382657459.773795,16196804788.818793,33622128790.008723,63201591038.601311,3265336,1954816,4774042,9994194
2026-06-04,NYSE American (A),6378630.000000,34198211.000000,7452220.000000,48029061.000000,354926720.288900,412655077.380800,586179858.247400,1353761655.917100,75306,112092,87702,275100
2026-06-04,NASDAQ Texas (B),14725249.000000,18489548.000000,25301697.000000,58516494.000000,1186547022.235500,755020972.815200,2317956088.006900,4259524083.057600,217205,101945,347611,666761
2026-06-04,NYSE National (C),21662172.000000,14829317.000000,24649098.000000,61140587.000000,921701963.929300,527239332.148100,1264482171.714300,2713423467.791700,304929,92490,336665,734084
2026-06-04,FINRA / Nasdaq TRF Chicago (DB),17732750.563560,13733128.517190,41251208.223150,72717087.303900,1046888920.787767,710523714.611834,4199768447.611670,5957181083.011271,154285,61496,362559,578340
2026-06-04,FINRA / NYSE TRF (DN),130157039.694592,132223548.803805,289435232.849497,551815821.347894,7230584264.301862,4177218958.869839,15026834302.315310,26434637525.487011,874463,315135,1467637,2657235
2026-06-04,FINRA / Nasdaq TRF Carteret (DQ),2384351925.154627,2276596895.228907,4400450326.730544,9061399147.114078,137143994808.222383,82272465834.461523,271406702886.506756,490823163529.190662,23417752,7023974,33216692,63658418
2026-06-04,24X National Exchange (G),2087747.000000,5809589.000000,5206322.000000,13103658.000000,145928586.580000,74533612.578400,345966307.671000,566428506.829400,11377,10988,29678,52043
2026-06-04,MIAX Pearl (H),24784296.000000,51013215.000000,85011048.000000,160808559.000000,989934258.895100,1514980045.548800,2920091760.993699,5425006065.437599,251455,191296,523034,965785
2026-06-04,EDGA Equities (J),28630981.000000,40514391.000000,111639834.000000,180785206.000000,1460052177.598900,1220131771.747500,2804149509.089500,5484333458.435900,408648,166919,642379,1217946
2026-06-04,EDGX Equities (K),182987921.000000,262812152.000000,471169221.000000,916969294.000000,9645700729.471601,8974127526.710097,30315284461.063386,48935112717.245084,2074214,1337999,4550392,7962605
2026-06-04,LTSE (L),601021.000000,227014.000000,1804752.000000,2632787.000000,32974012.845000,10587792.217800,73500945.467200,117062750.530000,6861,3871,16973,27705
2026-06-04,NYSE Texas (M),28915295.000000,21598560.000000,27216886.000000,77730741.000000,1443677104.027400,4048004284.519699,5399933780.065502,10891615168.612601,37766,12901,50140,100807
2026-06-04,NYSE (N),1244820523.000000,88917401.000000,150534652.000000,1484272576.000000,78494240867.633601,4285326313.307900,7626499334.531901,90406066515.473402,6496429,417276,1431377,8345082
2026-06-04,NYSE Arca (P),294037755.000000,699262071.000000,1009851121.000000,2003150947.000000,15669411562.137499,35784756109.727928,49015368634.860796,100469536306.726223,3702156,3470735,9121099,16293990
2026-06-04,NASDAQ (Q),534069780.000000,307736772.000000,1851717309.000000,2693523861.000000,32709784282.026791,20789823307.077511,168552314537.915821,222051922127.020123,8381665,2553723,16674689,27610077
2026-06-04,Members Exchange (U),68464284.000000,106727449.000000,268762926.000000,443954659.000000,3569606370.501600,3162698737.109096,11710856949.747701,18443162057.358397,743791,472028,1560145,2775964
2026-06-04,Investors Exchange (V),301332966.000000,174167750.000000,302885821.000000,778386537.000000,17122384345.858102,6938800935.110100,21294701031.044108,45355886312.012310,3495474,626193,3412215,7533882
2026-06-04,NASDAQ PSX (X),4869862.000000,4715840.000000,7188843.000000,16774545.000000,402317767.927300,390753988.976000,943179878.028800,1736251634.932100,79362,30078,134668,244108
2026-06-04,BYX Equities (Y),36290149.000000,34168533.000000,50536558.000000,120995240.000000,1819634990.515800,1296467848.667000,3099063629.952100,6215166469.134900,520302,212937,684142,1417381
2026-06-04,BZX Equities (Z),202779151.000000,170999383.000000,294761604.000000,668540138.000000,12419982688.167306,9114252913.829797,24857658124.421092,46391893726.418195,2982838,1199323,3989403,8171564
2026-06-03,NYSE American (A),6828913.000000,38449876.000000,7454647.000000,52733436.000000,389538266.582600,396055876.073900,504488447.710100,1290082590.366600,75030,116352,81504,272886
2026-06-03,NASDAQ Texas (B),15677032.000000,16289950.000000,25558695.000000,57525677.000000,1072056334.444400,768281144.552000,2040837020.908500,3881174499.904900,212691,86277,323193,622161
2026-06-03,NYSE National (C),23241266.000000,16386147.000000,26344608.000000,65972021.000000,981249191.106000,595836495.680800,1259337757.100200,2836423443.887000,292395,86849,313412,692656
2026-06-03,FINRA / Nasdaq TRF Chicago (DB),18657978.647930,14312453.757080,44843948.355680,77814380.760690,1046662750.941122,679045795.803125,4183976271.811542,5909684818.555789,172119,65014,391571,628704
2026-06-03,FINRA / NYSE TRF (DN),145982434.403871,135040862.973907,276717020.262464,557740317.640242,7457885630.857593,3454380554.492584,15245469803.359137,26157735988.709314,906979,377317,1631544,2915840
2026-06-03,FINRA / Nasdaq TRF Carteret (DQ),2546118452.050245,2685721313.493947,4491039429.960958,9722879195.505150,137906114033.599763,93393122543.191905,283319535436.898959,514618772013.690627,24414777,7580326,34046779,66041882
2026-06-03,24X National Exchange (G),2088206.000000,6649427.000000,4754075.000000,13491708.000000,107015563.657600,104838926.106800,193024040.107700,404878529.872100,9620,11449,25855,46924
2026-06-03,MIAX Pearl (H),26203067.000000,66235906.000000,87141564.000000,179580537.000000,1132328722.684500,1647677987.263299,2969194328.561301,5749201038.509100,281936,208649,529967,1020552
2026-06-03,EDGA Equities (J),30717026.000000,84386080.000000,112735946.000000,227839052.000000,1471285407.680700,1361998621.667300,2780184935.213300,5613468964.561300,404089,230039,668217,1302345
2026-06-03,EDGX Equities (K),192974507.000000,255713698.000000,514742018.000000,963430223.000000,9758963465.089602,9783298955.535411,31539199405.116000,51081461825.741013,2198541,1373068,4714550,8286159
2026-06-03,LTSE (L),566631.000000,323298.000000,984036.000000,1873965.000000,28556585.028300,16136738.191500,39025909.481600,83719232.701400,6466,3360,12703,22529
2026-06-03,NYSE Texas (M),23113881.000000,16912669.000000,30797404.000000,70823954.000000,1849532741.194900,2228229526.868900,6530457914.384895,10608220182.448695,56235,18193,61388,135816
2026-06-03,NYSE (N),1340178142.000000,88036879.000000,164687177.000000,1592902198.000000,83699683960.857594,4050078995.260301,7852845367.505898,95602608323.623793,6896584,410481,1478764,8785829
2026-06-03,NYSE Arca (P),319928723.000000,699638513.000000,992717239.000000,2012284475.000000,16316968833.807205,37438815185.600518,51675350761.872760,105431134781.280483,3914438,3304595,9141054,16360087
2026-06-03,NASDAQ (Q),566581419.000000,298281650.000000,2013866052.000000,2878729121.000000,34006382046.247487,20865998794.802800,177339856167.660341,232212237008.710628,8504926,2432384,17372795,28310105
2026-06-03,Members Exchange (U),74129625.000000,135264002.000000,287264603.000000,496658230.000000,3803470412.923199,3759461115.347602,11319946356.957897,18882877885.228698,803892,516927,1679102,2999921
2026-06-03,Investors Exchange (V),318532565.000000,179407421.000000,319651637.000000,817591623.000000,17097994767.878499,8069766162.430495,21090251716.903100,46258012647.212094,3695667,665938,3492056,7853661
2026-06-03,NASDAQ PSX (X),5384075.000000,4665494.000000,7613704.000000,17663273.000000,417541358.501600,477437327.654900,895638399.502400,1790617085.658900,86141,34695,135568,256404
2026-06-03,BYX Equities (Y),39248420.000000,38078521.000000,55403103.000000,132730044.000000,1795885928.861700,1419304325.442300,3145376777.347302,6360567031.651302,510678,184950,664634,1360262
2026-06-03,BZX Equities (Z),209521182.000000,173803320.000000,305098967.000000,688423469.000000,12775768832.711607,10065563852.635999,25276756062.669992,48118088748.017598,3098237,1246494,3974207,8318938
2026-06-02,NYSE American (A),6832150.000000,41353956.000000,8399445.000000,56585551.000000,374674337.056000,428729841.076900,581740884.241400,1385145062.374300,74536,122128,89659,286323
2026-06-02,NASDAQ Texas (B),15081525.000000,16875428.000000,24204125.000000,56161078.000000,1139814659.331000,623318504.454100,1827205833.468300,3590338997.253400,209782,86962,309469,606213
2026-06-02,NYSE National (C),22095761.000000,14501014.000000,24258224.000000,60854999.000000,1016890760.396700,524456026.501800,1132586837.417900,2673933624.316400,275116,83491,300799,659406
2026-06-02,FINRA / Nasdaq TRF Chicago (DB),22479161.884040,14762844.111520,47068239.108460,84310245.104020,1257139577.441897,644379255.934680,4161706363.589667,6063225196.966244,196697,65312,403795,665804
2026-06-02,FINRA / NYSE TRF (DN),146519650.182570,175109530.212123,279694023.030395,601323203.425088,7420064236.214476,3056736284.094091,15792744934.003257,26269545454.311824,988529,439601,1719095,3147225
2026-06-02,FINRA / Nasdaq TRF Carteret (DQ),2659444963.872182,2643330507.229013,4828983516.970127,10131758988.071322,150023842503.157498,81134003021.216330,277379626036.029946,508537471560.403774,25917471,7691335,35104090,68712896
2026-06-02,24X National Exchange (G),2042739.000000,6627887.000000,5063665.000000,13734291.000000,99970101.690200,87888159.804300,201937342.876400,389795604.370900,9537,13872,24986,48395
2026-06-02,MIAX Pearl (H),31007611.000000,66926305.000000,89020537.000000,186954453.000000,1301520115.531400,1511056277.641800,2953002008.214099,5765578401.387299,299263,198672,544122,1042057
2026-06-02,EDGA Equities (J),32201589.000000,89326354.000000,116344809.000000,237872752.000000,1631585286.262800,1157124572.275300,2631217563.129600,5419927421.667700,420365,232730,689787,1342882
2026-06-02,EDGX Equities (K),193837272.000000,305271902.000000,496659121.000000,995768295.000000,10420791944.181298,8401467588.524893,29356869926.366876,48179129459.073067,2121739,1334592,4411416,7867747
2026-06-02,LTSE (L),659361.000000,781749.000000,2649892.000000,4091002.000000,33860439.755000,18372638.360400,60015066.136100,112248144.251500,7816,3993,22848,34657
2026-06-02,NYSE Texas (M),18525721.000000,13915070.000000,28604123.000000,61044914.000000,1711223537.584300,1266835966.708800,5824150448.046399,8802209952.339499,41504,13481,54497,109482
2026-06-02,NYSE (N),1353585481.000000,79249633.000000,155056863.000000,1587891977.000000,84413357504.607279,3442663261.417500,7428002232.852498,95284022998.877277,6742886,375844,1430185,8548915
2026-06-02,NYSE Arca (P),337409473.000000,785353823.000000,999707347.000000,2122470643.000000,17522121677.531102,31315440568.919524,46440586951.041616,95278149197.492242,3959656,3189341,9086548,16235545
2026-06-02,NASDAQ (Q),564827387.000000,297715612.000000,2019922683.000000,2882465682.000000,33581353946.513107,17206561758.902801,176700280936.420757,227488196641.836665,8031408,2231594,16559996,26822998
2026-06-02,Members Exchange (U),76655796.000000,156063825.000000,260087169.000000,492806790.000000,4101519262.986400,3352741671.192498,12025999783.869805,19480260718.048703,819520,500635,1653431,2973586
2026-06-02,Investors Exchange (V),310704916.000000,168354172.000000,318911981.000000,797971069.000000,17067497586.925195,6789492467.583302,21003027438.338903,44860017492.847400,3548132,645623,3531509,7725264
2026-06-02,NASDAQ PSX (X),7517440.000000,4382071.000000,9870244.000000,21769755.000000,550133974.006000,359880745.432100,926593173.654600,1836607893.092700,111368,30182,155100,296650
2026-06-02,BYX Equities (Y),40773727.000000,33307297.000000,57829721.000000,131910745.000000,2066777258.902600,1209236622.889400,3171357560.582097,6447371442.374097,522278,179855,691879,1394012
2026-06-02,BZX Equities (Z),213352867.000000,171785510.000000,306625633.000000,691764010.000000,12944596883.541295,8944299341.114005,23994774328.480312,45883670553.135612,3013907,1126424,3917740,8058071
2026-06-01,NYSE American (A),7030547.000000,41479364.000000,8935003.000000,57444914.000000,392341038.184200,520996562.768800,622705308.022800,1536042908.975800,74958,123562,88467,286987
2026-06-01,NASDAQ Texas (B),17255686.000000,16308124.000000,24025183.000000,57588993.000000,1229310674.133700,817986899.741200,1769771601.203100,3817069175.078000,225129,98852,310272,634253
2026-06-01,NYSE National (C),22693134.000000,16852227.000000,24884654.000000,64430015.000000,988824386.351900,719901687.777100,1069514843.661900,2778240917.790900,297056,94362,298162,689580
2026-06-01,FINRA / Nasdaq TRF Chicago (DB),25577145.355723,14850332.519540,50854422.609910,91281900.485173,1442315264.557071,724889227.276203,4188793645.277422,6355998137.110696,231800,72773,454351,758924
2026-06-01,FINRA / NYSE TRF (DN),161930087.706252,133473248.168405,277005133.599862,572408469.474519,8327535846.583272,3264102317.307540,15186242410.835905,26777880574.726717,1077008,447297,1682946,3207251
2026-06-01,FINRA / Nasdaq TRF Carteret (DQ),2970301930.905511,2605902186.571634,4953785302.753932,10529989420.231077,166827117138.085406,92620278771.487452,282155167560.192799,541602563469.765657,28665959,8958745,37339827,74964531
2026-06-01,24X National Exchange (G),2075535.000000,7380416.000000,5453052.000000,14909003.000000,88332796.620000,113565147.431000,216866659.782200,418764603.833200,11005,14702,27260,52967
2026-06-01,MIAX Pearl (H),34242295.000000,66634531.000000,93534413.000000,194411239.000000,1328225191.705500,2000061868.141200,3202361912.802901,6530648972.649601,327749,233294,579510,1140553
2026-06-01,EDGA Equities (J),33735558.000000,71933841.000000,145496170.000000,251165569.000000,1678833807.833300,1621442824.721200,2651954883.547500,5952231516.102000,445364,253588,704807,1403759
2026-06-01,EDGX Equities (K),236235743.000000,320686824.000000,559738521.000000,1116661088.000000,12306715574.584602,9960251106.733302,31847475263.413002,54114441944.730906,2498072,1555548,4856172,8909792
2026-06-01,LTSE (L),956358.000000,575042.000000,1842614.000000,3374014.000000,36160388.200000,19283841.745200,65968300.274300,121412530.219500,10008,5805,19993,35806
2026-06-01,NYSE Texas (M),31955482.000000,10155641.000000,29603860.000000,71714983.000000,2586516156.678000,1704785787.689100,4490951102.138102,8782253046.505202,69924,18314,72627,160865
2026-06-01,NYSE (N),1452702896.000000,89325166.000000,162590704.000000,1704618766.000000,89826255338.434210,4652629090.868598,7838575561.451799,102317459990.754607,7711801,482003,1499801,9693605
2026-06-01,NYSE Arca (P),396461339.000000,800058556.000000,1091618302.000000,2288138197.000000,20801391117.550096,40035282903.843492,52816212230.026809,113652886251.420397,4551939,3864059,9983395,18399393
2026-06-01,NASDAQ (Q),635654850.000000,364535690.000000,2093170749.000000,3093361289.000000,39088667764.119894,23393121592.824695,176995053861.477883,239476843218.422472,8915752,2866841,17645103,29427696
2026-06-01,Members Exchange (U),96374070.000000,140708062.000000,283985014.000000,521067146.000000,4614680692.760701,4107247646.013600,10819360212.276001,19541288551.050302,930096,579664,1650153,3159913
2026-06-01,Investors Exchange (V),329504407.000000,173274149.000000,330400778.000000,833179334.000000,18763985692.577995,8420788273.166902,22203384683.167700,49388158648.912597,3792707,788290,3614376,8195373
2026-06-01,NASDAQ PSX (X),9346882.000000,6015566.000000,11943003.000000,27305451.000000,702186919.531500,590156569.623400,1242645624.149400,2534989113.304300,136546,42350,185223,364119
2026-06-01,BYX Equities (Y),44171102.000000,36732330.000000,61523993.000000,142427425.000000,2310307855.381400,1710404462.743500,3550225028.955603,7570937347.080503,570823,213474,723856,1508153
2026-06-01,BZX Equities (Z),235058948.000000,198655332.000000,325599821.000000,759314101.000000,14905537330.711703,11648495799.843295,26401646708.192893,52955679838.747891,3314252,1429027,4143751,8887030
2026-05-29,NYSE American (A),7648587.000000,33074387.000000,9013529.000000,49736503.000000,462923433.636400,495067590.907800,549705531.268800,1507696555.813000,81450,103729,82011,267190
2026-05-29,NASDAQ Texas (B),16122631.000000,14344863.000000,26702408.000000,57169902.000000,1262754356.943600,784301382.969200,1897481666.067800,3944537405.980600,223198,89508,309861,622567
2026-05-29,NYSE National (C),22697812.000000,14956198.000000,23910887.000000,61564897.000000,1170990409.046000,689746956.644900,1074971533.460600,2935708899.151500,302306,86592,288793,677691
2026-05-29,FINRA / Nasdaq TRF Chicago (DB),21717359.228960,12976714.558390,48086902.604090,82780976.391440,1328606104.981736,766138988.299362,4003745582.210774,6098490675.491872,189944,61224,380245,631413
2026-05-29,FINRA / NYSE TRF (DN),154068062.080522,89178284.795998,292724055.284306,535970402.160826,8267356115.966678,5277683897.204350,15936366035.281263,29481406048.452291,1032598,329723,1537634,2899955
2026-05-29,FINRA / Nasdaq TRF Carteret (DQ),3436133712.477427,1935342793.829929,5769263534.038398,11140740040.345754,212884010254.555949,96348605958.708626,331488642051.070660,640721258264.335235,25071885,7380693,32791175,65243753
2026-05-29,24X National Exchange (G),2224652.000000,6172251.000000,5377201.000000,13774104.000000,94910233.047200,96454999.025300,331905340.879700,523270572.952200,11279,9674,28063,49016
2026-05-29,MIAX Pearl (H),32792107.000000,43656585.000000,86467750.000000,162916442.000000,1423047806.285200,1728247378.018700,2918835784.799100,6070130969.103000,333418,167511,529024,1029953
2026-05-29,EDGA Equities (J),31528458.000000,27327472.000000,153425300.000000,212281230.000000,1633100904.201600,1486619394.430200,2382793054.856099,5502513353.487899,434787,151139,687160,1273086
2026-05-29,EDGX Equities (K),200962600.000000,185682286.000000,555315067.000000,941959953.000000,11279125737.332101,8723536921.483390,27542699790.939404,47545362449.754895,2209552,1143492,4200851,7553895
2026-05-29,LTSE (L),695960.000000,337755.000000,2510576.000000,3544291.000000,34142997.100000,24741596.114300,43497285.650300,102381878.864600,8035,7318,18019,33372
2026-05-29,NYSE Texas (M),33817139.000000,15124375.000000,31405923.000000,80347437.000000,3222190390.650701,1941909286.645700,7475991833.016100,12640091510.312501,50350,13420,57729,121499
2026-05-29,NYSE (N),2631362657.000000,91659719.000000,157192046.000000,2880214422.000000,183717090136.232636,4621162547.228300,7423854594.228699,195762107277.689635,7265739,416233,1369905,9051877
2026-05-29,NYSE Arca (P),353060738.000000,591286287.000000,1378975776.000000,2323322801.000000,19329646492.628804,39748053193.882873,45937466209.204820,105015165895.716497,4404107,3210291,9677737,17292135
2026-05-29,NASDAQ (Q),600003867.000000,301445897.000000,2870301302.000000,3771751066.000000,37123172301.717602,22144870497.429104,278615627900.343147,337883670699.489853,8405565,2426759,16103834,26936158
2026-05-29,Members Exchange (U),83091481.000000,72824600.000000,304110867.000000,460026948.000000,4728653631.127200,3779516988.883898,10747494977.347197,19255665597.358295,913014,448437,1515676,2877127
2026-05-29,Investors Exchange (V),307924990.000000,157200673.000000,305187973.000000,770313636.000000,18189289114.804599,7676305934.509000,20267302951.972597,46132898001.286196,3721960,656604,3381318,7759882
2026-05-29,NASDAQ PSX (X),7137249.000000,5100827.000000,9792509.000000,22030585.000000,542955907.847800,489623314.075200,1010821799.468000,2043401021.391000,102278,30763,142583,275624
2026-05-29,BYX Equities (Y),41657824.000000,32621912.000000,59101172.000000,133380908.000000,2273349576.475400,1596461988.269699,3175257895.985197,7045069460.730296,541728,179268,653107,1374103
2026-05-29,BZX Equities (Z),236733107.000000,172844289.000000,316347148.000000,725924544.000000,14709162486.416099,11505883143.374700,24644526839.687894,50859572469.478693,3146163,1205468,3734329,8085960
2026-05-28,NYSE American (A),6493340.000000,36596424.000000,7805367.000000,50895131.000000,378621183.264700,556798638.327100,488599883.477200,1424019705.069000,73349,120739,76746,270834
2026-05-28,NASDAQ Texas (B),14132889.000000,15870266.000000,23903507.000000,53906662.000000,1088753521.068100,818655756.077900,1663398330.222300,3570807607.368300,204299,92433,289386,586118
2026-05-28,NYSE National (C),20328590.000000,16940139.000000,24257749.000000,61526478.000000,882154164.101800,635707709.020900,997454906.338200,2515316779.460900,270750,87501,283021,641272
2026-05-28,FINRA / Nasdaq TRF Chicago (DB),17537273.707120,14022602.326950,43799828.999680,75359705.033750,1043637478.305295,751904842.074773,3734863737.791708,5530406058.171776,154274,62501,346749,563524
2026-05-28,FINRA / NYSE TRF (DN),148503017.735041,114237469.932193,257428367.919364,520168855.586598,7858424590.490848,3934647783.234835,13496475422.423983,25289547796.149666,949175,429175,1509865,2888215
2026-05-28,FINRA / Nasdaq TRF Carteret (DQ),2454848152.401518,2472103026.566563,4656542300.680738,9583493479.648819,145193881720.229008,130075686904.550475,268564676168.849724,543834244793.629207,24410640,7251400,31824385,63486425
2026-05-28,24X National Exchange (G),2365355.000000,6734756.000000,5366675.000000,14466786.000000,79845636.414500,113056960.780100,211511577.242300,404414174.436900,12186,13633,29380,55199
2026-05-28,MIAX Pearl (H),27776071.000000,54124479.000000,84399836.000000,166300386.000000,1183907502.724000,1896373062.766000,2729155591.806502,5809436157.296502,296715,201041,518868,1016624
2026-05-28,EDGA Equities (J),28060599.000000,37208569.000000,73313595.000000,138582763.000000,1398902836.191900,1401246323.778600,2069819992.291900,4869969152.262400,390014,165734,563276,1119024
2026-05-28,EDGX Equities (K),183820985.000000,214403913.000000,456538674.000000,854763572.000000,10136864657.205597,9254418783.547099,25448303133.440006,44839586574.192702,2061288,1213536,3898966,7173790
2026-05-28,LTSE (L),617520.000000,304268.000000,1326085.000000,2247873.000000,32573408.055000,21052420.534700,41356522.759300,94982351.349000,7761,6380,17080,31221
2026-05-28,NYSE Texas (M),24100611.000000,14815333.000000,35242816.000000,74158760.000000,2406367259.738500,1899817425.683600,6038619592.334699,10344804277.756799,60756,16287,66065,143108
2026-05-28,NYSE (N),1242573329.000000,83909768.000000,138706312.000000,1465189409.000000,77256008174.461703,4189284603.654600,6616124693.649498,88061417471.765801,6573825,419561,1322322,8315708
2026-05-28,NYSE Arca (P),315633560.000000,622675365.000000,1010918100.000000,1949227025.000000,18095234982.916503,34818270092.812401,41471965938.876396,94385471014.605300,4005134,3231178,9286453,16522765
2026-05-28,NASDAQ (Q),540287245.000000,303087460.000000,1882424408.000000,2725799113.000000,33280469805.700805,21351365761.601106,149718507414.376505,204350342981.678416,8218911,2417821,15070664,25707396
2026-05-28,Members Exchange (U),79502928.000000,93021354.000000,219053051.000000,391577333.000000,4269208116.711001,3958702888.470799,9886841294.722897,18114752299.904697,895182,476562,1459928,2831672
2026-05-28,Investors Exchange (V),301901876.000000,165549969.000000,321444718.000000,788896563.000000,17113106051.143200,8222774940.305101,20109616412.561694,45445497404.009995,3604045,685424,3369931,7659400
2026-05-28,NASDAQ PSX (X),4452491.000000,5452872.000000,7135410.000000,17040773.000000,299285229.009500,468703970.291900,588977860.046100,1356967059.347500,72983,35264,104339,212586
2026-05-28,BYX Equities (Y),37206980.000000,35893234.000000,54752976.000000,127853190.000000,1748684452.754900,1622716682.880900,2742834085.404300,6114235221.040100,500708,191694,625357,1317759
2026-05-28,BZX Equities (Z),213439126.000000,168646960.000000,282360757.000000,664446843.000000,12834019197.333499,10506457231.313897,20287137553.317195,43627613981.964591,3074042,1203580,3594688,7872310
2026-05-27,NYSE American (A),7009168.000000,29735376.000000,8282485.000000,45027029.000000,343835614.552600,402547129.775300,566714622.023900,1313097366.351800,75086,114795,81353,271234
2026-05-27,NASDAQ Texas (B),13374719.000000,20308274.000000,23448443.000000,57131436.000000,971817172.847000,850307286.522300,1808446476.929099,3630570936.298399,216856,93697,314498,625051
2026-05-27,NYSE National (C),20093768.000000,17805273.000000,23665441.000000,61564482.000000,818489023.854400,569309537.523600,959887368.594300,2347685929.972300,260116,81144,280614,621874
2026-05-27,FINRA / Nasdaq TRF Chicago (DB),19626832.753670,12325797.245570,43194076.050820,75146706.050060,886142991.030685,609651328.533330,3945426167.261998,5441220486.826013,150774,59592,353481,563847
2026-05-27,FINRA / NYSE TRF (DN),137478856.954376,81353546.905959,290102520.017274,508934923.877609,6905719282.537949,3288926217.873839,16529434300.644708,26724079801.056496,949666,386349,1551968,2887983
2026-05-27,FINRA / Nasdaq TRF Carteret (DQ),2432287985.184680,2134744861.764218,4539521793.366223,9106554640.315121,128029153185.970636,81964201041.915543,250962823671.706752,460956177899.592931,22980984,7174401,31304633,61460018
2026-05-27,24X National Exchange (G),2242941.000000,6978313.000000,4713897.000000,13935151.000000,61028196.935000,79312020.056800,159912008.626800,300252225.618600,9761,11962,24208,45931
2026-05-27,MIAX Pearl (H),25454874.000000,46431232.000000,75727641.000000,147613747.000000,1047290361.530100,1646301703.640400,2814579062.548400,5508171127.718900,268264,173726,507583,949573
2026-05-27,EDGA Equities (J),31388622.000000,48444641.000000,94453841.000000,174287104.000000,1401431682.914600,1182471077.116500,2293942070.526700,4877844830.557800,415020,172783,639967,1227770
2026-05-27,EDGX Equities (K),182465651.000000,234328653.000000,462867967.000000,879662271.000000,9389731920.718304,9344559117.205796,28044569181.615408,46778860219.539508,2088152,1354918,4138239,7581309
2026-05-27,LTSE (L),803419.000000,560031.000000,1946955.000000,3310405.000000,45232047.982300,31769007.872700,50039948.071000,127041003.926000,8363,5066,18328,31757
2026-05-27,NYSE Texas (M),33408618.000000,13408847.000000,36007380.000000,82824845.000000,2286112410.317700,2021546006.421600,5500126903.508699,9807785320.247999,66759,15941,76668,159368
2026-05-27,NYSE (N),1244759564.000000,81741159.000000,156159538.000000,1482660261.000000,74348913200.377403,3991721178.181401,7092877460.834397,85433511839.393201,6812274,416764,1373610,8602648
2026-05-27,NYSE Arca (P),316543013.000000,685476341.000000,1070370429.000000,2072389783.000000,16096729382.396498,36401742865.547599,45980923210.806258,98479395458.750355,3986528,3578107,9356570,16921205
2026-05-27,NASDAQ (Q),541879187.000000,293238572.000000,1877830349.000000,2712948108.000000,31389027498.613208,20033244936.762207,157909201190.918088,209331473626.293503,8086437,2462377,15902003,26450817
2026-05-27,Members Exchange (U),77421599.000000,88499046.000000,221685703.000000,387606348.000000,3725834222.352400,3080891904.524403,10414221051.274404,17220947178.151207,804562,442365,1447203,2694130
2026-05-27,Investors Exchange (V),300903410.000000,138850253.000000,293216002.000000,732969665.000000,16048762194.711700,6433331019.740199,18859280383.896899,41341373598.348798,3535128,598975,3318244,7452347
2026-05-27,NASDAQ PSX (X),5078707.000000,4561392.000000,7816875.000000,17456974.000000,312187371.869300,430450638.876600,685917915.685000,1428555926.430900,76019,30941,124724,231684
2026-05-27,BYX Equities (Y),39162886.000000,33340693.000000,52483198.000000,124986777.000000,1701074001.350100,1360948410.492400,2688420429.645900,5750442841.488400,488613,168712,611566,1268891
2026-05-27,BZX Equities (Z),214524551.000000,155479321.000000,282728431.000000,652732303.000000,12301030257.915302,9385397453.508397,22812983504.490911,44499411215.914610,3129885,1170895,3747410,8048190
2026-05-26,NYSE American (A),7877814.000000,30902370.000000,10030487.000000,48810671.000000,394549961.370500,450669788.509200,672409525.867000,1517629275.746700,85209,104062,100684,289955
2026-05-26,NASDAQ Texas (B),13213039.000000,14829798.000000,25184538.000000,53227375.000000,944136665.030700,669507173.530200,1767950023.156400,3381593861.717300,249132,86539,338257,673928
2026-05-26,NYSE National (C),21799854.000000,14450945.000000,26357781.000000,62608580.000000,990327711.236900,523075335.643900,1406363694.917000,2919766741.797800,289345,80227,318023,687595
2026-05-26,FINRA / Nasdaq TRF Chicago (DB),18496324.798940,13285639.166320,43889450.721510,75671414.686770,935283687.428642,789268698.015260,4146287051.140936,5870839436.584838,170067,71664,386496,628227
2026-05-26,FINRA / NYSE TRF (DN),132215145.528921,68274079.790868,276658457.962199,477147683.281988,5985732621.517924,2721009857.342992,11967441166.813557,20674183645.674473,890947,335829,1455438,2682214
2026-05-26,FINRA / Nasdaq TRF Carteret (DQ),2413922410.130605,1919906779.990190,4719629595.740238,9053458785.861033,128322780276.657895,81920281296.022812,268622721503.114032,478865783075.794739,24008156,7523402,33325253,64856811
2026-05-26,24X National Exchange (G),2093575.000000,6711770.000000,5238978.000000,14044323.000000,57453911.950000,92646432.752800,229249310.916800,379349655.619600,9085,13193,26183,48461
2026-05-26,MIAX Pearl (H),25041374.000000,54226066.000000,95047122.000000,174314562.000000,962985020.007100,1377510119.977700,2855129980.404500,5195625120.389300,256721,165828,504437,926986
2026-05-26,EDGA Equities (J),28968239.000000,23265593.000000,106730546.000000,158964378.000000,1420244055.121100,1010470701.711300,2528221504.207100,4958936261.039500,399860,131144,676270,1207274
2026-05-26,EDGX Equities (K),180309345.000000,216428729.000000,503300073.000000,900038147.000000,8452988473.032999,8367875548.277402,28533422854.365608,45354286875.676009,1955315,1199016,3987197,7141528
2026-05-26,LTSE (L),528916.000000,220410.000000,1770466.000000,2519792.000000,24837540.025000,12885221.619400,38110532.998100,75833294.642500,6148,3513,14932,24593
2026-05-26,NYSE Texas (M),29851233.000000,11207248.000000,34541502.000000,75599983.000000,2955319039.186800,1440700512.505000,5671447640.612395,10067467192.304195,69093,17859,78334,165286
2026-05-26,NYSE (N),1327450019.000000,76315881.000000,156910654.000000,1560676554.000000,80145382130.154098,3629655695.831099,7340461451.623800,91115499277.608997,6622148,364154,1413354,8399656
2026-05-26,NYSE Arca (P),312420890.000000,581071883.000000,1158764251.000000,2052257024.000000,14918841886.375296,35836130079.540091,44143960920.049006,94898932885.964393,3810610,3286246,9109173,16206029
2026-05-26,NASDAQ (Q),512315207.000000,267588278.000000,2017488061.000000,2797391546.000000,27773792356.263994,19014709457.605306,164780590531.800343,211569092345.669643,7528603,2198434,15402310,25129347
2026-05-26,Members Exchange (U),69283152.000000,64916712.000000,247593068.000000,381792932.000000,3270612364.719701,2945352171.386099,10339323831.505406,16555288367.611206,719567,368159,1441631,2529357
2026-05-26,Investors Exchange (V),292075460.000000,149512400.000000,310699805.000000,752287665.000000,14915749455.825002,6404182791.973701,18614097563.634496,39934029811.433199,3314832,597510,3216312,7128654
2026-05-26,NASDAQ PSX (X),4187789.000000,4343357.000000,7253423.000000,15784569.000000,271521011.706100,441360294.513000,675469272.868800,1388350579.087900,109250,28845,148187,286282
2026-05-26,BYX Equities (Y),36526306.000000,30038560.000000,56292714.000000,122857580.000000,1710243096.878400,1223734629.956900,2831203757.937901,5765181484.773201,490999,171957,625837,1288793
2026-05-26,BZX Equities (Z),201915412.000000,152385149.000000,293234357.000000,647534918.000000,11064730649.597804,9006890554.727093,22561079159.006691,42632700363.331588,2960922,1104909,3732151,7797982
2026-05-22,NYSE American (A),9100285.000000,27996629.000000,9861816.000000,46958730.000000,452944606.281300,433733172.155100,624691821.769200,1511369600.205600,92046,102144,100152,294342
2026-05-22,NASDAQ Texas (B),11822981.000000,12615484.000000,20832973.000000,45271438.000000,790640649.011300,657357377.184900,1351640210.791000,2799638236.987200,209463,76820,307321,593604
2026-05-22,NYSE National (C),18822675.000000,12962367.000000,23778548.000000,55563590.000000,828115114.689000,516621161.631900,1111026718.590500,2455762994.911400,251258,76484,284108,611850
2026-05-22,FINRA / Nasdaq TRF Chicago (DB),16939111.823020,10551607.508610,42040746.938800,69531466.270430,830842161.040057,556777484.995834,3217557258.275344,4605176904.311235,145073,51468,323750,520291
2026-05-22,FINRA / NYSE TRF (DN),116500632.723935,57577665.410954,267173283.894226,441251582.029115,5732361410.561923,2205241925.511559,12542554059.900177,20480157395.973659,785701,275717,1214092,2275510
2026-05-22,FINRA / Nasdaq TRF Carteret (DQ),2192409267.940448,1536452581.511044,4536065775.869284,8264927625.320776,112659210669.923026,70256649947.819082,208162045992.724277,391077906610.466385,20372407,5888162,27868596,54129165
2026-05-22,24X National Exchange (G),1859605.000000,6090988.000000,5711706.000000,13662299.000000,62490215.275000,87069020.954600,184202588.404900,333761824.634500,9593,9171,27668,46432
2026-05-22,MIAX Pearl (H),21868887.000000,54895385.000000,97703551.000000,174467823.000000,826328411.701300,1607426047.189499,2327257281.095099,4761011739.985898,221593,168892,460343,850828
2026-05-22,EDGA Equities (J),24696522.000000,21611494.000000,96263214.000000,142571230.000000,1248403568.567500,1106259851.252700,2075541362.366500,4430204782.186700,347927,129465,598928,1076320
2026-05-22,EDGX Equities (K),165668766.000000,189922397.000000,480574382.000000,836165545.000000,7792083351.668802,7831926748.020906,21974175264.793605,37598185364.483313,1829448,1082726,3700886,6613060
2026-05-22,LTSE (L),517996.000000,295343.000000,1822814.000000,2636153.000000,26429843.030000,19432103.531700,30152751.706300,76014698.268000,6277,4432,14057,24766
2026-05-22,NYSE Texas (M),19427060.000000,13670419.000000,33900482.000000,66997961.000000,1751099025.770700,1952562776.323800,6784936891.193799,10488598693.288299,44795,14354,55534,114683
2026-05-22,NYSE (N),1144624158.000000,76015148.000000,135590664.000000,1356229970.000000,68491275378.319211,3259659270.726800,6194719937.609300,77945654586.655311,6024160,344034,1297981,7666175
2026-05-22,NYSE Arca (P),279201299.000000,492356490.000000,1126775279.000000,1898333068.000000,13551868688.868503,29912591260.985196,36871651948.998713,80336111898.852412,3399319,2828866,8523748,14751933
2026-05-22,NASDAQ (Q),476415985.000000,269878934.000000,1792623042.000000,2538917961.000000,26109174213.225600,18921009372.794002,132042409615.224325,177072593201.243927,6919214,2185819,13890649,22995682
2026-05-22,Members Exchange (U),65342021.000000,68490151.000000,235599234.000000,369431406.000000,3087981256.890000,2994721608.564398,8692891367.156603,14775594232.611001,666055,376521,1319039,2361615
2026-05-22,Investors Exchange (V),263050282.000000,149330621.000000,270327234.000000,682708137.000000,13645858571.996002,6111433766.512097,15763079212.978701,35520371551.486800,3014503,536617,2884891,6436011
2026-05-22,NASDAQ PSX (X),4466041.000000,3665014.000000,7781448.000000,15912503.000000,331465180.998900,426639134.422300,675433523.061100,1433537838.482300,108073,28545,140600,277218
2026-05-22,BYX Equities (Y),33792098.000000,26964028.000000,50250472.000000,111006598.000000,1463056681.930700,1232486578.954000,2362001318.529600,5057544579.414300,432778,153244,553827,1139849
2026-05-22,BZX Equities (Z),185671616.000000,152771366.000000,274903671.000000,613346653.000000,10525790979.198403,8555642924.428905,19415977549.181802,38497411452.809110,2710777,1060593,3374084,7145454
2026-05-21,NYSE American (A),5984716.000000,23990316.000000,6868862.000000,36843894.000000,337997562.266200,426554600.349600,475776485.799200,1240328648.415000,70876,98369,74046,243291
2026-05-21,NASDAQ Texas (B),12837631.000000,12550270.000000,19818265.000000,45206166.000000,925754959.296200,748074263.670800,1415279037.271200,3089108260.238200,223574,87445,281371,592390
2026-05-21,NYSE National (C),19605578.000000,14755854.000000,23330970.000000,57692402.000000,825589341.936500,635622856.065000,949247540.462600,2410459738.464100,264032,85420,276213,625665
2026-05-21,FINRA / Nasdaq TRF Chicago (DB),16972519.372480,10203587.545800,36969626.054480,64145732.972760,914296113.371898,608997028.922433,3332344905.616451,4855638047.910782,136544,52182,299107,487833
2026-05-21,FINRA / NYSE TRF (DN),128715633.109351,68605432.574225,268322687.417776,465643753.101352,5843565112.945705,3109271628.588748,11343731136.610223,20296567878.144676,828110,326782,1312176,2467068
2026-05-21,FINRA / Nasdaq TRF Carteret (DQ),2445363542.192475,1746531933.254165,4094542947.856939,8286438423.303579,123826529005.207283,78867432411.974063,224215009008.268947,426908970425.450293,21455420,6231631,27881287,55568338
2026-05-21,24X National Exchange (G),1926949.000000,8299599.000000,4729450.000000,14955998.000000,51776221.200000,111065120.227300,177606924.794300,340448266.221600,9366,11508,24319,45193
2026-05-21,MIAX Pearl (H),23039112.000000,69000201.000000,93543316.000000,185582629.000000,846650030.945500,2139775297.922800,2545708071.509999,5532133400.378299,242870,213294,464847,921011
2026-05-21,EDGA Equities (J),29377428.000000,26784124.000000,86825883.000000,142987435.000000,1350629467.297400,1449363203.743000,2244537998.675499,5044530669.715899,401700,165258,612629,1179587
2026-05-21,EDGX Equities (K),174523195.000000,210197808.000000,428754399.000000,813475402.000000,8273984592.181299,9297123297.234204,23989415862.239397,41560523751.654900,2047036,1274510,3775105,7096651
2026-05-21,LTSE (L),694637.000000,712246.000000,1916133.000000,3323016.000000,32549068.250000,38589482.097700,51186212.032500,122324762.380200,8210,6532,14619,29361
2026-05-21,NYSE Texas (M),11257687.000000,11601250.000000,28751488.000000,51610425.000000,1131387116.823200,1012208567.785500,5347441169.064800,7491036853.673500,40868,15074,47471,103413
2026-05-21,NYSE (N),1227838495.000000,83345758.000000,141244191.000000,1452428444.000000,73588053078.809212,4291973061.109201,6175552667.238100,84055578807.156513,6453175,418532,1255820,8127527
2026-05-21,NYSE Arca (P),290298441.000000,547758072.000000,1017381201.000000,1855437714.000000,13937645640.753901,35313459824.607891,39769799094.849995,89020904560.211787,3714349,3226249,8533912,15474510
2026-05-21,NASDAQ (Q),539546633.000000,314961445.000000,1808511753.000000,2663019831.000000,29474305973.133004,23678112894.548997,143538225206.287175,196690644073.969176,8028766,2661865,14878761,25569392
2026-05-21,Members Exchange (U),70012286.000000,82283691.000000,219025823.000000,371321800.000000,3310106920.003300,3872403863.535501,8996208598.484706,16178719382.023507,754068,469687,1352144,2575899
2026-05-21,Investors Exchange (V),296641260.000000,176391054.000000,289187881.000000,762220195.000000,15144596805.399901,7749817007.731304,17533369293.061896,40427783106.193101,3437281,627687,3163274,7228242
2026-05-21,NASDAQ PSX (X),6085072.000000,4935370.000000,8195196.000000,19215638.000000,471634274.404500,556208782.395500,836675795.817000,1864518852.617000,98733,38723,138374,275830
2026-05-21,BYX Equities (Y),37206806.000000,29442537.000000,48845540.000000,115494883.000000,1692351434.582100,1463417741.964500,2382650718.719700,5538419895.266300,490441,170925,569510,1230876
2026-05-21,BZX Equities (Z),204585571.000000,172663627.000000,260561716.000000,637810914.000000,11479760982.052500,10679257041.314594,19600803405.645218,41759821429.012312,3049596,1290423,3460050,7800069
2026-05-20,NYSE American (A),6117124.000000,28675512.000000,6849382.000000,41642018.000000,318076998.080900,455138446.438100,437791269.983900,1211006714.502900,69737,101502,74177,245416
2026-05-20,NASDAQ Texas (B),14920483.000000,15089652.000000,23301088.000000,53311223.000000,1091740073.480400,837712344.094900,1703848979.018800,3633301396.594100,216247,95738,289282,601267
2026-05-20,NYSE National (C),21339729.000000,16429505.000000,23001606.000000,60770840.000000,830321408.432300,716797654.910300,1001609482.856500,2548728546.199100,273872,92835,279515,646222
2026-05-20,FINRA / Nasdaq TRF Chicago (DB),15075710.219110,11126738.803770,36210072.953960,62412521.976840,792131999.561864,579769785.654928,3325352851.935076,4697254637.151868,126612,51121,278435,456168
2026-05-20,FINRA / NYSE TRF (DN),125791061.389259,71273784.356546,313218902.912243,510283748.658048,6313225238.958700,3012106952.173048,10107740676.621759,19433072867.753507,813571,313255,1270092,2396918
2026-05-20,FINRA / Nasdaq TRF Carteret (DQ),2368563428.328389,2071213529.036956,4326640037.208757,8766416994.574102,133134397992.346905,88978717789.469115,223628923431.089899,445742039212.905919,22357514,6471167,28132243,56960924
2026-05-20,24X National Exchange (G),1842988.000000,7569650.000000,5297043.000000,14709681.000000,68554160.806400,110012345.929400,219277077.639700,397843584.375500,9564,12515,25138,47217
2026-05-20,MIAX Pearl (H),21644696.000000,77813737.000000,95704510.000000,195162943.000000,823191231.760400,2279550573.011600,2373418789.629700,5476160594.401700,234483,229225,429808,893516
2026-05-20,EDGA Equities (J),30271205.000000,32247540.000000,99675794.000000,162194539.000000,1470986389.357300,1590542790.847200,2498677228.146199,5560206408.350699,419416,191007,630587,1241010
2026-05-20,EDGX Equities (K),158133149.000000,228085999.000000,474721833.000000,860940981.000000,7944041434.181099,9683965251.342596,22939615946.981115,40567622632.504810,1872072,1381916,3524852,6778840
2026-05-20,LTSE (L),710555.000000,599097.000000,1800113.000000,3109765.000000,35383616.708000,29602928.245800,45457276.419400,110443821.373200,8407,5498,18134,32039
2026-05-20,NYSE Texas (M),26865227.000000,15678394.000000,33816315.000000,76359936.000000,2360502599.557999,1356514642.846600,6020170517.094301,9737187759.498900,58380,16233,64898,139511
2026-05-20,NYSE (N),1258225185.000000,94631735.000000,140662995.000000,1493519915.000000,76342288621.589297,4795009565.564699,6234430612.774501,87371728799.928497,6682442,462940,1282634,8428016
2026-05-20,NYSE Arca (P),287467529.000000,649551030.000000,1304260344.000000,2241278903.000000,14502587120.246097,39004832057.067901,40458673887.389622,93966093064.703620,3620983,3551777,8269628,15442388
2026-05-20,NASDAQ (Q),537425216.000000,350968769.000000,1845526286.000000,2733920271.000000,31546665702.500200,25550234374.623812,148196188789.265311,205293088866.389323,8192617,2828493,14997885,26018995
2026-05-20,Members Exchange (U),65887898.000000,90717323.000000,261075068.000000,417680289.000000,3425881874.443699,3873509808.678300,9199242200.643997,16498633883.765996,756586,529371,1337597,2623554
2026-05-20,Investors Exchange (V),302370204.000000,185272698.000000,302727090.000000,790369992.000000,16554745614.447402,8120709484.343702,18192709267.221302,42868164366.012406,3539120,657558,3217967,7414645
2026-05-20,NASDAQ PSX (X),7005398.000000,5533678.000000,8978338.000000,21517414.000000,471697952.359200,566367889.148400,787891274.527200,1825957116.034800,96083,41103,129791,266977
2026-05-20,BYX Equities (Y),40463491.000000,32858359.000000,52927106.000000,126248956.000000,1754039725.982300,1672921880.860201,2803353107.039999,6230314713.882500,511599,198321,605738,1315658
2026-05-20,BZX Equities (Z),207592963.000000,175621594.000000,264606073.000000,647820630.000000,11855151641.857003,10949473166.437997,19822195748.130404,42626820556.425404,3093634,1369231,3413303,7876168
2026-05-19,NYSE American (A),7479777.000000,27448916.000000,8099948.000000,43028641.000000,421561727.015800,488830290.798900,526965036.725900,1437357054.540600,86144,100186,88187,274517
2026-05-19,NASDAQ Texas (B),13856496.000000,14579899.000000,23706705.000000,52143100.000000,1089880412.813300,744343206.320200,1584403776.589500,3418627395.723000,223239,85072,292847,601158
2026-05-19,NYSE National (C),18833770.000000,14991490.000000,23782155.000000,57607415.000000,864378778.578200,614754601.146000,939887802.616100,2419021182.340300,269406,84559,279366,633331
2026-05-19,FINRA / Nasdaq TRF Chicago (DB),16465677.408610,13265733.528220,39879040.751010,69610451.687840,853407078.355727,756931513.207915,3742352264.476167,5352690856.039809,145393,62428,315721,523542
2026-05-19,FINRA / NYSE TRF (DN),121191199.288809,75398472.461719,263661294.470047,460250966.220575,6494928825.064774,3562388772.512044,10860791989.665910,20918109587.242728,822107,285098,1251434,2358639
2026-05-19,FINRA / Nasdaq TRF Carteret (DQ),2441815396.549044,1954275219.975142,4611149907.210683,9007240523.734869,139429273797.461192,85957888156.628463,239510503529.140479,464897665483.230134,23235815,6650957,29283483,59170255
2026-05-19,24X National Exchange (G),1720305.000000,7677852.000000,5530774.000000,14928931.000000,66592136.839500,132102423.127100,225822528.698200,424517088.664800,9267,12900,27383,49550
2026-05-19,MIAX Pearl (H),22971506.000000,84043332.000000,108127997.000000,215142835.000000,883586489.928300,2234803888.742399,2595922000.407499,5714312379.078198,250440,213682,464193,928315
2026-05-19,EDGA Equities (J),30557357.000000,29517348.000000,110157704.000000,170232409.000000,1523162180.209300,1488250022.904099,2393976676.394400,5405388879.507799,433533,156698,644791,1235022
2026-05-19,EDGX Equities (K),156203482.000000,251357834.000000,574029034.000000,981590350.000000,8067052771.364098,10444231092.389802,22718065690.843307,41229349554.597207,1972850,1343828,3719126,7035804
2026-05-19,LTSE (L),638337.000000,282633.000000,2187917.000000,3108887.000000,33293613.962500,18780264.035000,44156543.877100,96230421.874600,7109,2997,14501,24607
2026-05-19,NYSE Texas (M),25898264.000000,15404536.000000,40536446.000000,81839246.000000,3259211893.226999,2133403749.846500,7805073668.601701,13197689311.675200,63986,19270,64158,147414
2026-05-19,NYSE (N),1290341163.000000,114333883.000000,155052901.000000,1559727947.000000,79272780378.463288,4913383044.229000,6295199895.270901,90481363317.963189,6924998,448172,1256839,8630009
2026-05-19,NYSE Arca (P),283110799.000000,642332668.000000,1551282419.000000,2476725886.000000,14784917246.407298,39755894715.095273,40083845903.406387,94624657864.908958,3631472,3310448,8264432,15206352
2026-05-19,NASDAQ (Q),513037248.000000,352852502.000000,1813629574.000000,2679519324.000000,31122794065.436018,24164949425.296602,145715340745.639193,201003084236.371813,8148957,2645505,15332263,26126725
2026-05-19,Members Exchange (U),64079291.000000,113182364.000000,283213857.000000,460475512.000000,3269979712.182600,4395291191.207400,8222836625.228604,15888107528.618604,721444,515025,1312086,2548555
2026-05-19,Investors Exchange (V),303220781.000000,184782275.000000,300561073.000000,788564129.000000,16691543654.698000,8198940256.798804,18128684392.661890,43019168304.158694,3628470,652505,3286055,7567030
2026-05-19,NASDAQ PSX (X),5061055.000000,4792074.000000,8096623.000000,17949752.000000,317743160.147000,502357997.310900,649322275.906800,1469423433.364700,71603,34902,120894,227399
2026-05-19,BYX Equities (Y),36185809.000000,33099973.000000,53135203.000000,122420985.000000,1768821750.080300,1489397805.476000,2478446154.754500,5736665710.310800,491057,173931,584495,1249483
2026-05-19,BZX Equities (Z),202398825.000000,195791173.000000,265944058.000000,664134056.000000,12604148014.398900,11152138434.267404,20320073299.181693,44076359747.847997,3114279,1302999,3536816,7954094
2026-05-18,NYSE American (A),6480578.000000,32420895.000000,9420672.000000,48322145.000000,395958871.016200,565866915.335500,595005343.427200,1556831129.778900,81623,123447,90595,295665
2026-05-18,NASDAQ Texas (B),15102777.000000,14529218.000000,27308770.000000,56940765.000000,1097261759.355400,776431148.795000,1759431617.360800,3633124525.511200,211874,93342,308264,613480
2026-05-18,NYSE National (C),19086132.000000,18200421.000000,24055540.000000,61342093.000000,750780375.161900,698700501.269600,873444258.236500,2322925134.668000,253388,95146,269206,617740
2026-05-18,FINRA / Nasdaq TRF Chicago (DB),18293555.710540,14399943.805240,43565138.059230,76258637.575010,968072977.749461,666845778.639682,3861644742.765894,5496563499.155037,165281,67240,348702,581223
2026-05-18,FINRA / NYSE TRF (DN),116877499.297343,90569059.839661,258012658.848012,465459217.985016,5213904529.792851,2986495415.833608,11070892692.275149,19271292637.901608,705454,327315,1205614,2238383
2026-05-18,FINRA / Nasdaq TRF Carteret (DQ),2405128022.782230,2357417518.907807,4986738851.129104,9749284392.819141,131062031898.228423,84803607918.219490,233476598253.145115,449342238069.593028,24070896,7551230,31524119,63146245
2026-05-18,24X National Exchange (G),1928460.000000,10945142.000000,5332659.000000,18206261.000000,57029187.335000,156690239.397500,206932691.403000,420652118.135500,9102,16563,23496,49161
2026-05-18,MIAX Pearl (H),24715169.000000,101543922.000000,116039841.000000,242298932.000000,870222668.390000,2384265910.005700,2794962453.604501,6049451032.000201,255245,269465,480962,1005672
2026-05-18,EDGA Equities (J),31383866.000000,55489937.000000,140864811.000000,227738614.000000,1434425925.000300,1481143918.537200,2494027086.064100,5409596929.601600,416104,235621,677808,1329533
2026-05-18,EDGX Equities (K),175758496.000000,293990699.000000,496093651.000000,965842846.000000,8375665608.228899,10531364158.719289,24854724462.345593,43761754229.293781,1985244,1597947,3905736,7488927
2026-05-18,LTSE (L),751565.000000,641448.000000,2208255.000000,3601268.000000,36585213.516800,29610360.834300,40323948.062800,106519522.413900,9009,4227,15066,28302
2026-05-18,NYSE Texas (M),41584650.000000,22465559.000000,34414535.000000,98464744.000000,3168970475.222000,2465665689.427600,6081122841.651799,11715759006.301399,41454,18068,51419,110941
2026-05-18,NYSE (N),1294714338.000000,116699733.000000,172608566.000000,1584022637.000000,75365819234.602402,5028809067.678200,6788053443.064997,87182681745.345599,6812587,506992,1327686,8647265
2026-05-18,NYSE Arca (P),297810759.000000,889679863.000000,1408980735.000000,2596471357.000000,14777750907.267001,41585956749.000191,43443721515.064899,99807429171.332091,3732061,4097528,9212762,17042351
2026-05-18,NASDAQ (Q),529711637.000000,395234481.000000,1960343805.000000,2885289923.000000,30328105608.798294,26010637720.460509,148738249678.534055,205076993007.792858,8081881,3085159,16164702,27331742
2026-05-18,Members Exchange (U),73212982.000000,147332053.000000,290613004.000000,511158039.000000,3458320836.498001,4606945776.129402,8782426490.105403,16847693102.732806,773366,659888,1402483,2835737
2026-05-18,Investors Exchange (V),299267315.000000,179623188.000000,313044744.000000,791935247.000000,15893218572.782499,7741397332.373201,18846225623.010107,42480841528.165807,3451549,661067,3321590,7434206
2026-05-18,NASDAQ PSX (X),5640102.000000,5520396.000000,8879929.000000,20040427.000000,362116066.062000,554953456.640700,797565773.606200,1714635296.308900,76734,42156,128798,247688
2026-05-18,BYX Equities (Y),38024591.000000,35016044.000000,61332655.000000,134373290.000000,1696781012.445900,1538952184.755700,2491177788.279300,5726910985.480900,460118,186581,574618,1221317
2026-05-18,BZX Equities (Z),202387587.000000,201537963.000000,285516848.000000,689442398.000000,11543115809.314501,11315460786.698107,21805308944.345703,44663885540.358311,2940606,1437092,3599726,7977424
2026-05-15,NYSE American (A),6661801.000000,65456850.000000,7751253.000000,79869904.000000,359151607.521400,618843309.207200,520685295.183600,1498680211.912200,75348,110644,77402,263394
2026-05-15,NASDAQ Texas (B),14813963.000000,13342163.000000,22522263.000000,50678389.000000,939746818.143700,792855912.495300,1587137449.817300,3319740180.456300,189714,94925,285557,570196
2026-05-15,NYSE National (C),18618238.000000,16826595.000000,22977832.000000,58422665.000000,745536332.276900,730602300.665800,869376825.819700,2345515458.762400,244957,86560,260796,592313
2026-05-15,FINRA / Nasdaq TRF Chicago (DB),17373343.715130,14056925.075170,45006532.257820,76436801.048120,851805012.754733,665731170.469370,3490863511.009349,5008399694.233452,143260,67118,324884,535262
2026-05-15,FINRA / NYSE TRF (DN),135131091.777237,129003498.005606,293206970.874409,557341560.657252,6534838308.558546,7144645202.846006,16816485093.876056,30495968605.280608,993727,642416,1762161,3398304
2026-05-15,FINRA / Nasdaq TRF Carteret (DQ),2358300013.553664,2043566553.800114,4494664705.898289,8896531273.252067,128332665215.194396,94033519805.476044,232306071954.463385,454672256975.133825,22393475,7434844,29621995,59450314
2026-05-15,24X National Exchange (G),1657274.000000,6609473.000000,4842854.000000,13109601.000000,48084856.650000,83968701.039100,151575597.628900,283629155.318000,7994,9917,23444,41355
2026-05-15,MIAX Pearl (H),21422878.000000,62897211.000000,87217859.000000,171537948.000000,872291018.104800,1853949619.617700,2486512450.777401,5212753088.499901,226980,192132,434393,853505
2026-05-15,EDGA Equities (J),29529971.000000,30376329.000000,103093527.000000,162999827.000000,1302387956.390800,1478437649.042400,2285681153.992801,5066506759.426001,385080,174502,605081,1164663
2026-05-15,EDGX Equities (K),168655745.000000,236005577.000000,484506197.000000,889167519.000000,8295127363.656101,10126241496.401998,24786141867.981219,43207510728.039318,1907454,1362121,3739492,7009067
2026-05-15,LTSE (L),611229.000000,766616.000000,1877563.000000,3255408.000000,29347902.570000,36341704.427500,78374366.053400,144063973.050900,7460,3883,15565,26908
2026-05-15,NYSE Texas (M),43899507.000000,22517976.000000,50731553.000000,117149036.000000,5120132493.439502,2561416513.490000,11336649380.153004,19018198387.082506,43110,15100,46045,104255
2026-05-15,NYSE (N),1447606186.000000,90757982.000000,134603814.000000,1672967982.000000,89043938841.358314,4642748819.633200,6235283102.961499,99921970763.953013,6484939,439825,1220667,8145431
2026-05-15,NYSE Arca (P),290342137.000000,672160408.000000,1208764284.000000,2171266829.000000,14066968259.000695,43581955484.950094,40863082538.395783,98512006282.346572,3568098,3475058,8399923,15443079
2026-05-15,NASDAQ (Q),530687438.000000,327022397.000000,2100330058.000000,2958039893.000000,29589893116.286492,23743580585.507810,171767080096.370706,225100553798.165008,7717976,2587718,15146049,25451743
2026-05-15,Members Exchange (U),66719198.000000,85989731.000000,267495974.000000,420204903.000000,3213230150.899801,3968523561.601302,9853583755.922697,17035337468.423800,704554,494830,1345493,2544877
2026-05-15,Investors Exchange (V),293953422.000000,178281065.000000,295600506.000000,767834993.000000,15033708579.976200,7930170939.079391,17646279804.252097,40610159323.307688,3388309,666502,3211407,7266218
2026-05-15,NASDAQ PSX (X),6389964.000000,5251544.000000,8765918.000000,20407426.000000,418970213.483600,505015341.323200,751740631.234400,1675726186.041200,77711,33829,117870,229410
2026-05-15,BYX Equities (Y),40267386.000000,32027107.000000,56546502.000000,128840995.000000,1636152963.753400,1509564663.124200,2673673376.352401,5819391003.230001,461534,205293,584232,1251059
2026-05-15,BZX Equities (Z),198459288.000000,189173594.000000,277521017.000000,665153899.000000,11316095484.766000,11806466507.680095,21442130591.258302,44564692583.704397,2984755,1314276,3525290,7824321
2026-05-14,NYSE American (A),7339605.000000,30706927.000000,8195185.000000,46241717.000000,400309799.800600,438264631.224800,529862956.514800,1368437387.540200,78567,107310,83095,268972
2026-05-14,NASDAQ Texas (B),14227566.000000,11499986.000000,23279059.000000,49006611.000000,999627797.336000,606326026.219700,1603177216.816400,3209131040.372100,203025,72121,292532,567678
2026-05-14,NYSE National (C),19624847.000000,13186299.000000,24174028.000000,56985174.000000,778835057.177400,511089365.531400,1022533397.091200,2312457819.800000,247915,76898,277217,602030
2026-05-14,FINRA / Nasdaq TRF Chicago (DB),16505958.205180,11246035.552580,48982677.082480,76734670.840240,901761531.774758,556520226.757859,3613565348.473304,5071847107.005921,138257,53596,347493,539346
2026-05-14,FINRA / NYSE TRF (DN),127705223.757708,84349830.004419,274798552.728937,486853606.491064,5976344741.108873,3421876994.311350,11390296315.644870,20788518051.065093,792091,293227,1391594,2476912
2026-05-14,FINRA / Nasdaq TRF Carteret (DQ),2315306375.851619,1847430745.259220,4942700881.098900,9105438002.209739,122853424634.113386,75446440680.472476,231395922128.039612,429695787442.625474,22376485,6297252,31199437,59873174
2026-05-14,24X National Exchange (G),1786273.000000,6967354.000000,6459780.000000,15213407.000000,51017656.417000,82984544.855100,172549540.451100,306551741.723200,8815,10892,28452,48159
2026-05-14,MIAX Pearl (H),24084869.000000,66451517.000000,112488056.000000,203024442.000000,968192835.367900,1690161283.006300,2685508933.063701,5343863051.437901,241499,209310,542779,993588
2026-05-14,EDGA Equities (J),27692910.000000,25395897.000000,90659998.000000,143748805.000000,1387667732.581000,1172874537.840900,2395623722.053401,4956165992.475301,392829,153326,643378,1189533
2026-05-14,EDGX Equities (K),173802772.000000,207642694.000000,501838787.000000,883284253.000000,8257357389.987602,8345066963.149803,24465486906.858122,41067911259.995527,1876697,1178962,3978478,7034137
2026-05-14,LTSE (L),682131.000000,368336.000000,2276999.000000,3327466.000000,33393541.995000,18993938.595600,46933577.816300,99321058.406900,8516,4066,18590,31172
2026-05-14,NYSE Texas (M),36871110.000000,17233352.000000,36804255.000000,90908717.000000,2986316688.189000,2039373951.540999,5484277550.170501,10509968189.900500,51217,17281,61745,130243
2026-05-14,NYSE (N),1229466339.000000,82412450.000000,158183562.000000,1470062351.000000,70519184428.778003,3526294919.203899,6077364352.519802,80122843700.501704,6222126,372609,1315619,7910354
2026-05-14,NYSE Arca (P),281259217.000000,546498882.000000,1185647360.000000,2013405459.000000,13673886702.560194,31303593729.038791,38895775812.311499,83873256243.910484,3453162,2969419,8811681,15234262
2026-05-14,NASDAQ (Q),517691104.000000,283133778.000000,1948914519.000000,2749739401.000000,28651069469.192415,18649541907.485696,139879628948.004722,187180240324.682833,7505031,2241924,15217837,24964792
2026-05-14,Members Exchange (U),74216406.000000,85831421.000000,268174654.000000,428222481.000000,3469356224.531600,3379350188.887499,9362757323.214701,16211463736.633800,732082,471931,1418989,2623002
2026-05-14,Investors Exchange (V),293029281.000000,162133501.000000,309898137.000000,765060919.000000,14748112936.038097,6245389135.957298,17393433280.132401,38386935352.127796,3297300,606632,3220419,7124351
2026-05-14,NASDAQ PSX (X),6779183.000000,4344671.000000,9395622.000000,20519476.000000,457869311.768900,488106664.524000,740587997.069600,1686563973.362500,81826,31008,123676,236510
2026-05-14,BYX Equities (Y),35914860.000000,27370753.000000,64318750.000000,127604363.000000,1547728429.391500,1245255842.454000,2649559023.265400,5442543295.110900,455725,162700,623935,1242360
2026-05-14,BZX Equities (Z),198596194.000000,159915738.000000,292725278.000000,651237210.000000,11169153644.201799,8642521703.705403,19675537058.506702,39487212406.413904,2875652,1142249,3580865,7598766
2026-05-13,NYSE American (A),8954808.000000,36219422.000000,9260984.000000,54435214.000000,409717836.313700,462636055.415900,521635608.673000,1393989500.402600,86860,102137,96371,285368
2026-05-13,NASDAQ Texas (B),16182554.000000,12797432.000000,25605902.000000,54585888.000000,1154544202.404900,651816414.931100,1686140203.253100,3492500820.589100,231879,77946,325053,634878
2026-05-13,NYSE National (C),20602800.000000,14456332.000000,26573244.000000,61632376.000000,869912688.154000,508405544.335800,978324727.953500,2356642960.443300,269295,75974,287249,632518
2026-05-13,FINRA / Nasdaq TRF Chicago (DB),18315089.834610,11627937.883760,43018286.137710,72961313.856080,998669073.559243,581250229.036893,3922805357.058564,5502724659.654700,148924,55156,337592,541672
2026-05-13,FINRA / NYSE TRF (DN),133477694.168232,86567805.837253,285952597.582933,505998097.588418,6158520024.480338,3882791774.725333,12182281767.763310,22223593566.968981,862417,340060,1447548,2650025
2026-05-13,FINRA / Nasdaq TRF Carteret (DQ),2550595743.876998,1844665625.839321,4632930876.640048,9028192246.356367,137584411693.905110,79773059392.254249,248859082362.972176,466216553449.131535,24286200,6494128,31237344,62017672
2026-05-13,24X National Exchange (G),2268498.000000,8023215.000000,7010579.000000,17302292.000000,64416871.114500,92756012.392900,194596072.809700,351768956.317100,10452,11901,26869,49222
2026-05-13,MIAX Pearl (H),26139139.000000,60401724.000000,107300579.000000,193841442.000000,981523532.819100,1731164276.060500,2629198930.093800,5341886738.973400,263088,188769,518894,970751
2026-05-13,EDGA Equities (J),32252749.000000,29852798.000000,90080788.000000,152186335.000000,1533789182.719600,1340467016.409200,2369926296.429200,5244182495.558000,432798,157323,638209,1228330
2026-05-13,EDGX Equities (K),178888206.000000,221639628.000000,492594871.000000,893122705.000000,8886621063.363403,8939670704.021095,25348705200.216695,43174996967.601193,2022727,1242831,4053105,7318663
2026-05-13,LTSE (L),705397.000000,793808.000000,2091337.000000,3590542.000000,32768105.230000,19757397.768300,48304267.362500,100829770.360800,8374,6778,16482,31634
2026-05-13,NYSE Texas (M),26434332.000000,14637127.000000,36665851.000000,77737310.000000,2436569503.886400,1474113097.750800,6236896068.505498,10147578670.142698,52180,16068,63614,131862
2026-05-13,NYSE (N),1319006699.000000,83297524.000000,154897647.000000,1557201870.000000,77013481854.714687,3714261377.601200,6612390453.559398,87340133685.875285,6789344,372251,1350838,8512433
2026-05-13,NYSE Arca (P),299662301.000000,582790267.000000,1175459185.000000,2057911753.000000,15002460787.497000,33548521392.243285,40327983700.997696,88878965880.737981,3824710,2985675,8709132,15519517
2026-05-13,NASDAQ (Q),587844434.000000,306860909.000000,2079111610.000000,2973816953.000000,32284038833.769195,19336011517.930610,155718655670.219575,207338706021.919380,8297797,2235218,15852511,26385526
2026-05-13,Members Exchange (U),78369836.000000,79669170.000000,262831802.000000,420870808.000000,3571651137.915900,3463955127.637299,10731829409.228000,17767435674.781199,791430,448773,1422874,2663077
2026-05-13,Investors Exchange (V),324287112.000000,162803688.000000,333460694.000000,820551494.000000,16896309345.376100,6670427020.219601,18414609999.721598,41981346365.317299,3671400,602904,3485953,7760257
2026-05-13,NASDAQ PSX (X),6530618.000000,4317144.000000,8708803.000000,19556565.000000,454950341.646500,416249601.935400,712092702.075500,1583292645.657400,84264,30363,121941,236568
2026-05-13,BYX Equities (Y),39333369.000000,31823846.000000,64825347.000000,135982562.000000,1853527741.448300,1325428298.018900,2871580570.956601,6050536610.423801,492133,162096,632287,1286516
2026-05-13,BZX Equities (Z),216816319.000000,171765151.000000,302795639.000000,691377109.000000,12313850206.003096,9524741873.058801,22524065617.114197,44362657696.176094,3125134,1107638,3775900,8008672
2026-05-12,NYSE American (A),6052314.000000,30880785.000000,7540149.000000,44473248.000000,339352784.562400,480761498.330900,542496661.571400,1362610944.464700,72311,105185,78335,255831
2026-05-12,NASDAQ Texas (B),13668892.000000,12802683.000000,21649716.000000,48121291.000000,922240714.845500,714120982.862800,1583195223.345100,3219556921.053400,201606,85641,276254,563501
2026-05-12,NYSE National (C),21608147.000000,20522409.000000,25150710.000000,67281266.000000,834437520.047300,721433729.667000,1110214716.042200,2666085965.756500,274154,92408,285191,651753
2026-05-12,FINRA / Nasdaq TRF Chicago (DB),18224145.347620,15078430.330820,45681321.617980,78983897.296420,1004987559.738393,752954325.830953,4375466442.714095,6133408328.283441,157749,75958,374924,608631
2026-05-12,FINRA / NYSE TRF (DN),127500327.424972,89437893.569566,272311987.552803,489250208.547341,6201604180.785915,3699264440.148474,11568404633.036530,21469273253.970919,864385,405618,1365049,2635052
2026-05-12,FINRA / Nasdaq TRF Carteret (DQ),2451353950.285073,2310102086.695501,4494900432.160971,9256356469.141545,138955526577.490926,101537598702.652534,261990945887.080260,502484071167.223720,23789008,7627049,31197320,62613377
2026-05-12,24X National Exchange (G),1813221.000000,8794846.000000,6501896.000000,17109963.000000,54940194.549000,112067331.574100,187654904.520500,354662430.643600,9026,13239,23525,45790
2026-05-12,MIAX Pearl (H),25064827.000000,76046394.000000,110290279.000000,211401500.000000,1013621652.424700,2377696970.272999,3108645113.820199,6499963736.517898,270598,250399,496572,1017569
2026-05-12,EDGA Equities (J),31285978.000000,30338062.000000,75624558.000000,137248598.000000,1533104112.051500,1520480218.611000,2722877389.359898,5776461720.022398,436449,176039,584696,1197184
2026-05-12,EDGX Equities (K),177797945.000000,269270258.000000,503814225.000000,950882428.000000,9102082303.110302,11461561644.070795,27354951612.013201,47918595559.194298,2195239,1613124,4045290,7853653
2026-05-12,LTSE (L),831927.000000,349497.000000,1434672.000000,2616096.000000,40212660.040000,23722620.520100,50725814.929500,114661095.489600,9734,3844,17467,31045
2026-05-12,NYSE Texas (M),21734933.000000,10776669.000000,39332266.000000,71843868.000000,1793644323.966400,1525378800.465500,5813777071.711502,9132800196.143402,46716,16457,54105,117278
2026-05-12,NYSE (N),1329558929.000000,99383363.000000,162492831.000000,1591435123.000000,78295235022.310102,5143646830.309299,7271839909.575097,90710721762.194498,7044302,486610,1398235,8929147
2026-05-12,NYSE Arca (P),303610746.000000,653400809.000000,1332250920.000000,2289262475.000000,15249906786.010901,40763678968.695889,43518429023.273700,99532014777.980490,4065906,3811951,8766644,16644501
2026-05-12,NASDAQ (Q),584246111.000000,344201799.000000,1975098083.000000,2903545993.000000,33647245705.773105,24880399616.637500,162181261213.125523,220708906535.536128,9001120,2827701,16474716,28303537
2026-05-12,Members Exchange (U),75309266.000000,101883591.000000,251642402.000000,428835259.000000,3676519386.723600,4456278422.625299,10883620995.182501,19016418804.531400,810668,574084,1398428,2783180
2026-05-12,Investors Exchange (V),307722897.000000,169667685.000000,321285143.000000,798675725.000000,16556454108.855201,7993804367.070798,19368041130.243299,43918299606.169298,3659379,700076,3442002,7801457
2026-05-12,NASDAQ PSX (X),6608059.000000,4883983.000000,8357007.000000,19849049.000000,496293391.662900,551964447.951400,845886122.099200,1894143961.713500,90444,37515,132928,260887
2026-05-12,BYX Equities (Y),38405374.000000,34221179.000000,58035686.000000,130662239.000000,1646273858.417000,1518710695.617400,2937348624.215901,6102333178.250301,472668,184548,599941,1257157
2026-05-12,BZX Equities (Z),214053593.000000,194873118.000000,299662312.000000,708589023.000000,12387592335.033005,12239457582.614804,23456391868.444504,48083441786.092313,3254029,1458099,3907322,8619450
2026-05-11,NYSE American (A),5657884.000000,33925823.000000,7592327.000000,47176034.000000,325997234.365500,456600968.828000,541026551.549200,1323624754.742700,66309,106534,81374,254217
2026-05-11,NASDAQ Texas (B),14714341.000000,11860191.000000,24477227.000000,51051759.000000,1044255979.019500,637460275.958600,1774887628.375199,3456603883.353299,213818,78991,304707,597516
2026-05-11,NYSE National (C),20482442.000000,13795702.000000,25698761.000000,59976905.000000,867905274.328700,554876400.342000,1144028117.477200,2566809792.147900,270008,79280,296683,645971
2026-05-11,FINRA / Nasdaq TRF Chicago (DB),19195908.866000,12188658.310670,51914684.428450,83299251.605120,1050347965.499136,653999050.984046,4396364741.458327,6100711757.941509,178423,67865,415757,662045
2026-05-11,FINRA / NYSE TRF (DN),147478769.736934,75402621.436671,349938621.201168,572820012.374773,6576938401.185119,2840808517.306750,12511931564.979666,21929678483.471535,932903,340910,1574388,2848201
2026-05-11,FINRA / Nasdaq TRF Carteret (DQ),2621919278.792410,1822312753.465765,5698181667.141755,10142413699.399930,145877920433.269972,79578756144.136969,282765090067.039947,508221766644.446888,25192175,7383154,34108792,66684121
2026-05-11,24X National Exchange (G),2125823.000000,8834421.000000,8305581.000000,19265825.000000,64014765.474500,110329408.794700,229797282.307600,404141456.576800,10412,13679,28000,52091
2026-05-11,MIAX Pearl (H),25966261.000000,63070859.000000,155357201.000000,244394321.000000,1097344033.785200,1888403954.153800,3110512939.566599,6096260927.505599,269680,192818,524913,987411
2026-05-11,EDGA Equities (J),31478926.000000,22019988.000000,135708834.000000,189207748.000000,1535631507.216600,1398303452.733201,2724523510.648902,5658458470.598703,431148,152941,675406,1259495
2026-05-11,EDGX Equities (K),187848970.000000,216656756.000000,672687927.000000,1077193653.000000,9548590169.916698,10121211063.983200,29595293026.317511,49265094260.217409,2184078,1328580,4339941,7852599
2026-05-11,LTSE (L),747775.000000,396236.000000,2711581.000000,3855592.000000,36166748.952500,18944363.410000,68932014.181100,124043126.543600,9382,4944,22578,36904
2026-05-11,NYSE Texas (M),17253441.000000,18076358.000000,24300955.000000,59630754.000000,1207667611.758400,1655916108.407500,4638808186.991002,7502391907.156902,48094,14717,56874,119685
2026-05-11,NYSE (N),1350933696.000000,83906464.000000,169074665.000000,1603914825.000000,80613372307.707707,4079475656.493500,7280933972.607698,91973781936.808905,6903372,401228,1407528,8712128
2026-05-11,NYSE Arca (P),306944481.000000,553233239.000000,1849670415.000000,2709848135.000000,15787934205.684305,34318112369.726512,45049478160.080295,95155524735.491112,4129590,3296372,9519847,16945809
2026-05-11,NASDAQ (Q),567118713.000000,285794383.000000,2085163110.000000,2938076206.000000,33358924783.777582,20715201211.628583,170377953828.269781,224452079823.675946,8467345,2350662,16259221,27077228
2026-05-11,Members Exchange (U),79933068.000000,84448954.000000,404078926.000000,568460948.000000,4047194989.446398,4144918238.364700,11501298488.503605,19693411716.314703,832200,456042,1533839,2822081
2026-05-11,Investors Exchange (V),316377249.000000,164181549.000000,350356663.000000,830915461.000000,17420404191.280498,6773985800.718403,20656017817.756295,44850407809.755196,3609283,627937,3506909,7744129
2026-05-11,NASDAQ PSX (X),6337046.000000,4396350.000000,9229978.000000,19963374.000000,437793929.715500,503159385.262600,939717637.788000,1880670952.766100,82263,31834,128244,242341
2026-05-11,BYX Equities (Y),40001650.000000,28220212.000000,71922257.000000,140144119.000000,1869783259.021400,1297214727.452900,3034950758.929600,6201948745.403900,504862,195241,635061,1335164
2026-05-11,BZX Equities (Z),225278770.000000,168176716.000000,331167358.000000,724622844.000000,13136535180.002497,10443639182.882008,24173256545.338301,47753430908.222806,3363475,1206312,4025692,8595479
2026-05-08,NYSE American (A),5948192.000000,25290710.000000,7795352.000000,39034254.000000,357057886.640700,370552069.439100,555790654.649800,1283400610.729600,72503,83726,82835,239064
2026-05-08,NASDAQ Texas (B),14268238.000000,11061556.000000,23904345.000000,49234139.000000,1011018441.130300,607739416.522900,1772193929.142400,3390951786.795600,207246,74169,306876,588291
2026-05-08,NYSE National (C),22187352.000000,13374730.000000,28907724.000000,64469806.000000,925043977.609600,590361218.562700,1214067142.003200,2729472338.175500,280789,81487,310010,672286
2026-05-08,FINRA / Nasdaq TRF Chicago (DB),15826883.860910,11673754.064450,44920841.972070,72421479.897430,915003924.755924,548788763.453381,4373405319.722416,5837198007.931721,144783,56544,378888,580215
2026-05-08,FINRA / NYSE TRF (DN),117864519.952484,71232176.973349,260833878.625798,449930575.551631,6522305619.147452,3373603768.243977,13141336809.921188,23037246197.312617,838901,285300,1350802,2475003
2026-05-08,FINRA / Nasdaq TRF Carteret (DQ),2350988721.558243,1695789693.381045,4511499727.205787,8558278142.145075,136200426054.628743,75439344710.561440,263827169893.091478,475466940658.281661,22411872,6343800,30708987,59464659
2026-05-08,24X National Exchange (G),2063585.000000,8111794.000000,6673249.000000,16848628.000000,76924961.649900,98461933.859100,256513854.773300,431900750.282300,11362,11859,25569,48790
2026-05-08,MIAX Pearl (H),24135063.000000,56109508.000000,115727868.000000,195972439.000000,1036343048.332500,1634161051.864299,3056747910.336499,5727252010.533298,256204,182990,502468,941662
2026-05-08,EDGA Equities (J),32840748.000000,25112538.000000,108633501.000000,166586787.000000,1506953648.019800,1224573272.790500,2729432558.637700,5460959479.448000,423709,147926,691702,1263337
2026-05-08,EDGX Equities (K),171014877.000000,196594213.000000,472610771.000000,840219861.000000,8822430576.198100,8440823905.454706,28518098318.762791,45781352800.415597,2000933,1197177,4011432,7209542
2026-05-08,LTSE (L),1002319.000000,193586.000000,1861823.000000,3057728.000000,46191018.215000,13854139.340300,56476486.231200,116521643.786500,11646,2353,17703,31702
2026-05-08,NYSE Texas (M),23798903.000000,14874764.000000,35003632.000000,73677299.000000,2468985542.844300,3302782023.854998,7387040515.008498,13158808081.707796,44446,14380,56204,115030
2026-05-08,NYSE (N),1256955278.000000,74440664.000000,148235126.000000,1479631068.000000,74855809047.906420,3563879754.948500,7194395190.764900,85614083993.619820,6848339,358855,1436241,8643435
2026-05-08,NYSE Arca (P),280809465.000000,520061387.000000,1120083337.000000,1920954189.000000,14447268359.315100,32443849521.562909,42039705704.456383,88930823585.334392,3745090,2895667,8665567,15306324
2026-05-08,NASDAQ (Q),536258267.000000,256671985.000000,2030467325.000000,2823397577.000000,31962203112.075798,18783567248.498204,169481166853.107938,220226937213.681940,8021995,2179360,16257888,26459243
2026-05-08,Members Exchange (U),71586205.000000,76774452.000000,265410543.000000,413771200.000000,3621462934.036901,3443234253.941001,11759777387.855592,18824474575.833494,755477,428536,1433566,2617579
2026-05-08,Investors Exchange (V),296923020.000000,138680281.000000,334643497.000000,770246798.000000,17232652099.788400,6335450048.029695,20725577078.268107,44293679226.086202,3612124,569198,3569411,7750733
2026-05-08,NASDAQ PSX (X),6365728.000000,4132869.000000,10456750.000000,20955347.000000,467053104.442700,408228630.416700,914449879.206000,1789731614.065400,85934,29134,137195,252263
2026-05-08,BYX Equities (Y),43084847.000000,26626120.000000,63941735.000000,133652702.000000,1945509713.762900,1264694477.613700,3019626729.378000,6229830920.754600,492664,156959,638927,1288550
2026-05-08,BZX Equities (Z),214787789.000000,147440961.000000,311761769.000000,673990519.000000,12885339870.385103,9094499999.415903,25954472620.467092,47934312490.268098,3264869,1122077,4081720,8468666
2026-05-07,NYSE American (A),6916196.000000,34325405.000000,7458098.000000,48699699.000000,356487710.286700,519428915.047500,528693084.047000,1404609709.381200,79362,101519,81513,262394
2026-05-07,NASDAQ Texas (B),18234615.000000,12456327.000000,24020945.000000,54711887.000000,1294075410.586200,728161173.850800,1904767646.932301,3927004231.369301,249341,82565,335679,667585
2026-05-07,NYSE National (C),22874660.000000,19977822.000000,24844864.000000,67697346.000000,1008327034.294100,786384372.181000,1152287226.158600,2946998632.633700,294328,102588,303898,700814
2026-05-07,FINRA / Nasdaq TRF Chicago (DB),19164829.765050,13397740.419310,42650339.691320,75212909.875680,1097186598.915576,680903918.835988,4074978549.805407,5853069067.556971,160676,62389,357152,580217
2026-05-07,FINRA / NYSE TRF (DN),148507729.215315,78687444.459417,236245653.270731,463440826.945463,7281764945.224704,3662153514.718352,12613844475.772074,23557762935.715130,976098,306213,1337189,2619500
2026-05-07,FINRA / Nasdaq TRF Carteret (DQ),2764182463.276250,1901118140.683239,4277983077.955211,8943283681.914700,157024545815.633755,86038833278.759680,253105603928.055561,496168983022.448996,25282648,6888500,30849650,63020798
2026-05-07,24X National Exchange (G),2236360.000000,11713872.000000,6412575.000000,20362807.000000,79170503.691000,153106868.398100,176087494.153500,408364866.242600,11148,16310,24448,51906
2026-05-07,MIAX Pearl (H),28129480.000000,75922441.000000,102047393.000000,206099314.000000,1196933032.681200,2394104357.783999,3057164257.360198,6648201647.825397,304345,251236,501916,1057497
2026-05-07,EDGA Equities (J),36429632.000000,30411994.000000,86415936.000000,153257562.000000,1826468200.655800,1654971801.472600,2751069814.280099,6232509816.408499,499464,186528,677489,1363481
2026-05-07,EDGX Equities (K),195185588.000000,232409884.000000,434007364.000000,861602836.000000,9992151787.957802,10825806638.001295,25880739641.588099,46698698067.547196,2389275,1500864,4081334,7971473
2026-05-07,LTSE (L),1376592.000000,425968.000000,1897504.000000,3700064.000000,70433825.030000,33530244.802800,80396166.909000,184360236.741800,16669,4308,21394,42371
2026-05-07,NYSE Texas (M),18744365.000000,19059198.000000,26425666.000000,64229229.000000,1487397245.179100,2692667653.725600,3915589854.606301,8095654753.511001,52650,20047,63051,135748
2026-05-07,NYSE (N),1469352935.000000,98889447.000000,161674898.000000,1729917280.000000,87413531286.268698,4673414713.016399,7605737150.211001,99692683149.496098,7813654,477503,1505029,9796186
2026-05-07,NYSE Arca (P),341062382.000000,635441339.000000,1035348760.000000,2011852481.000000,17659171003.473887,40281581260.236903,44688645969.373807,102629398233.084597,4589586,3751411,9029649,17370646
2026-05-07,NASDAQ (Q),642207407.000000,337966372.000000,2069213617.000000,3049387396.000000,37954540936.497499,25458204803.930514,165751680940.099800,229164426680.527813,9791175,2885877,17405567,30082619
2026-05-07,Members Exchange (U),82329532.000000,95499659.000000,229137685.000000,406966876.000000,4191848933.484699,4323446021.622799,10459873554.747500,18975168509.854998,908696,555278,1409865,2873839
2026-05-07,Investors Exchange (V),342541046.000000,171564613.000000,342896713.000000,857002372.000000,19417619532.659199,7554797154.714597,20427591309.923608,47400007997.297404,4105773,680286,3785112,8571171
2026-05-07,NASDAQ PSX (X),9192824.000000,5504380.000000,11101698.000000,25798902.000000,608610982.413800,588860158.200500,915637013.042700,2113108153.657000,115401,40114,159792,315307
2026-05-07,BYX Equities (Y),43701730.000000,32088149.000000,54590098.000000,130379977.000000,2101264237.754000,1557162748.930800,2933829201.598400,6592256188.283200,534178,183079,634063,1351320
2026-05-07,BZX Equities (Z),248694996.000000,197417771.000000,303820888.000000,749933655.000000,14718676717.392008,11965840535.003506,23722458675.132207,50406975927.527721,3783151,1480607,4214029,9477787
2026-05-06,NYSE American (A),7489444.000000,28393503.000000,7812055.000000,43695002.000000,417070399.407800,454312903.240600,643839745.494300,1515223048.142700,87245,94142,84727,266114
2026-05-06,NASDAQ Texas (B),17441670.000000,13041579.000000,22249566.000000,52732815.000000,1264028154.665800,735068776.782500,1891369642.810400,3890466574.258700,239039,83076,313050,635165
2026-05-06,NYSE National (C),23322092.000000,16341715.000000,23815156.000000,63478963.000000,1030802741.244700,679578237.789600,1101648783.426800,2812029762.461100,296600,88845,292204,677649
2026-05-06,FINRA / Nasdaq TRF Chicago (DB),19015912.851640,12105599.556800,39891389.341780,71012901.750220,1076347135.102828,649889112.024156,3972846406.802645,5699082653.929629,166092,61539,347444,575075
2026-05-06,FINRA / NYSE TRF (DN),152246157.682892,75777193.534292,230834606.195471,458857957.412655,7269598310.123062,3768242045.291293,13022764898.996301,24060605254.410656,1004059,339134,1454237,2797430
2026-05-06,FINRA / Nasdaq TRF Carteret (DQ),2848212390.295881,1823567463.489793,4076012618.009239,8747792471.794913,162513029057.253336,89972635519.228047,265890274563.512192,518375939139.993575,25913379,6969989,31620773,64504141
2026-05-06,24X National Exchange (G),2251624.000000,8811083.000000,9875674.000000,20938381.000000,78479362.489100,101345503.941000,197230475.810600,377055342.240700,12878,12763,26115,51756
2026-05-06,MIAX Pearl (H),28718594.000000,56549786.000000,96243077.000000,181511457.000000,1153267800.892500,1921812106.078900,2945206157.087003,6020286064.058403,292412,197073,498963,988448
2026-05-06,EDGA Equities (J),38778888.000000,29310671.000000,88446434.000000,156535993.000000,1917879674.052600,1556116955.656100,2595155434.945099,6069152064.653799,513918,171069,658587,1343574
2026-05-06,EDGX Equities (K),217907201.000000,227279230.000000,440484859.000000,885671290.000000,11192601475.695502,11107861099.097099,28406970769.263586,50707433344.056187,2499361,1451976,4176526,8127863
2026-05-06,LTSE (L),1088072.000000,318402.000000,1724517.000000,3130991.000000,56592674.935000,21551767.664900,65778272.084500,143922714.684400,12378,3614,19803,35795
2026-05-06,NYSE Texas (M),28526486.000000,14237423.000000,32433026.000000,75196935.000000,2446672931.915200,3028267520.879800,5572569003.978201,11047509456.773201,50213,15225,57380,122818
2026-05-06,NYSE (N),1572985500.000000,87192280.000000,162965107.000000,1823142887.000000,95223353471.114190,4456958766.446301,7740462045.049597,107420774282.610088,7848069,421728,1509276,9779073
2026-05-06,NYSE Arca (P),372227081.000000,642087419.000000,932338188.000000,1946652688.000000,19244938880.239594,42503745086.232299,48215893696.287513,109964577662.759406,4842249,3494747,9116679,17453675
2026-05-06,NASDAQ (Q),677701741.000000,320564137.000000,2068147911.000000,3066413789.000000,39967144890.482293,22508948430.594311,179495811684.558833,241971905005.635437,9724926,2509808,17367818,29602552
2026-05-06,Members Exchange (U),89128600.000000,91409513.000000,230582841.000000,411120954.000000,4663712477.868901,4173478755.951898,10644108222.475197,19481299456.295996,928134,480313,1421640,2830087
2026-05-06,Investors Exchange (V),348577236.000000,161037543.000000,333349301.000000,842964080.000000,19714220441.840599,7761493003.450098,21055374850.722111,48531088296.012808,4004853,623290,3659640,8287783
2026-05-06,NASDAQ PSX (X),8095922.000000,4687489.000000,10976856.000000,23760267.000000,578374185.780200,570765096.354100,1010765317.240000,2159904599.374300,105659,33296,149221,288176
2026-05-06,BYX Equities (Y),45343317.000000,32700794.000000,58303182.000000,136347293.000000,2174972248.128800,1543763502.725401,3028547552.262600,6747283303.116801,537726,181327,638291,1357344
2026-05-06,BZX Equities (Z),259390560.000000,183459037.000000,307319631.000000,750169228.000000,15432410126.488303,11329455087.794313,25151954725.375995,51913819939.658611,3766088,1257626,4145439,9169153
2026-05-05,NYSE American (A),6023320.000000,20715204.000000,6865545.000000,33604069.000000,309893025.289600,362144796.804100,467691312.407100,1139729134.500800,66080,74924,71499,212503
2026-05-05,NASDAQ Texas (B),13637319.000000,12024715.000000,20562279.000000,46224313.000000,1020741581.568100,639271387.948000,1579595181.020200,3239608150.536300,196658,79151,271140,546949
2026-05-05,NYSE National (C),18958025.000000,11843804.000000,20742804.000000,51544633.000000,832069821.317300,514407421.990200,1006787990.151400,2353265233.458900,252331,70240,259777,582348
2026-05-05,FINRA / Nasdaq TRF Chicago (DB),15756911.735560,9514751.539590,35621023.889350,60892687.164500,907442357.059228,512464414.586245,3556514647.411805,4976421419.057278,129591,49900,307678,487169
2026-05-05,FINRA / NYSE TRF (DN),131551941.365653,53877809.461369,221224447.838863,406654198.665885,5681563723.542909,2122237028.178644,10010667883.546842,17814468635.268395,799473,261738,1248097,2309308
2026-05-05,FINRA / Nasdaq TRF Carteret (DQ),2376237134.456106,1528336244.514934,3810096127.744494,7714669506.715534,129759051857.350799,73419858323.383116,238104026552.916483,441282936733.650398,22767751,6032855,29217496,58018102
2026-05-05,24X National Exchange (G),2460768.000000,7042730.000000,7421126.000000,16924624.000000,58873958.401700,86946502.553000,172006441.091800,317826902.046500,8552,9168,23851,41571
2026-05-05,MIAX Pearl (H),23442724.000000,50643047.000000,91357447.000000,165443218.000000,994576285.161000,1481255186.793600,2625756674.924999,5101588146.879599,236494,151570,450888,838952
2026-05-05,EDGA Equities (J),29840184.000000,20338440.000000,79904962.000000,130083586.000000,1445334311.693700,1135628506.266100,2171568432.578200,4752531250.538000,384278,124623,554977,1063878
2026-05-05,EDGX Equities (K),160380250.000000,166800497.000000,403551055.000000,730731802.000000,8190017033.223100,7966617110.924101,24081522231.837591,40238156375.984792,1807431,1116689,3647310,6571430
2026-05-05,LTSE (L),831128.000000,239694.000000,1121158.000000,2191980.000000,38995913.190000,12755318.175000,61029417.454400,112780648.819400,9905,2549,14356,26810
2026-05-05,NYSE Texas (M),15016036.000000,13699411.000000,24689107.000000,53404554.000000,1374623007.898000,2704875395.490000,5476262853.522004,9555761256.910004,35297,10588,47069,92954
2026-05-05,NYSE (N),1229876394.000000,66276186.000000,137230806.000000,1433383386.000000,73687883205.959201,3231017467.480001,6012322136.379698,82931222809.818900,6388788,309328,1199554,7897670
2026-05-05,NYSE Arca (P),280148622.000000,440114223.000000,898804632.000000,1619067477.000000,14324346517.202794,30214852305.148496,39700435382.865715,84239634205.217005,3631636,2670074,8129958,14431668
2026-05-05,NASDAQ (Q),521360689.000000,226831686.000000,1751532587.000000,2499724962.000000,31031586979.274696,16693640865.753399,144504485505.329427,192229713350.357522,7759039,1911547,14733793,24404379
2026-05-05,Members Exchange (U),67024257.000000,65375445.000000,218022069.000000,350421771.000000,3366196922.375500,3091013322.428101,10972569895.198900,17429780140.002501,677176,391548,1298982,2367706
2026-05-05,Investors Exchange (V),285415464.000000,123743876.000000,288253755.000000,697413095.000000,16376235011.541504,5913684041.701403,18133160677.925899,40423079731.168806,3441596,502779,3158668,7103043
2026-05-05,NASDAQ PSX (X),6096055.000000,3532329.000000,8067204.000000,17695588.000000,453501309.035100,391766511.918000,720530582.183100,1565798403.136200,82390,26739,114960,224089
2026-05-05,BYX Equities (Y),35548773.000000,24608643.000000,48170158.000000,108327574.000000,1837277350.945300,1209866070.118199,2693442628.547800,5740586049.611299,450424,145195,532158,1127777
2026-05-05,BZX Equities (Z),199979479.000000,132282809.000000,257574977.000000,589837265.000000,11966694180.649796,8365739556.726800,19529109591.869290,39861543329.245886,3002168,998839,3457689,7458696
2026-05-04,NYSE American (A),6211445.000000,23723622.000000,7223229.000000,37158296.000000,346682765.487600,426357567.752100,463109766.568800,1236150099.808500,69570,86172,69515,225257
2026-05-04,NASDAQ Texas (B),14408589.000000,13312089.000000,20384140.000000,48104818.000000,1108726275.380400,776253565.287100,1477479486.049800,3362459326.717300,223562,99173,287571,610306
2026-05-04,NYSE National (C),20157934.000000,15844916.000000,21976872.000000,57979722.000000,818935828.256300,685458193.733200,789683000.148200,2294077022.137700,245553,93322,236655,575530
2026-05-04,FINRA / Nasdaq TRF Chicago (DB),15303417.081160,10205831.775950,35267179.575740,60776428.432850,909914382.973387,577513027.890538,3316221142.890942,4803648553.754867,141712,56494,302653,500859
2026-05-04,FINRA / NYSE TRF (DN),119892418.567821,61921651.297532,235297593.354329,417111663.219682,5440039558.744526,2873808272.568545,9753018485.087947,18066866316.401018,883596,304472,1342380,2530448
2026-05-04,FINRA / Nasdaq TRF Carteret (DQ),2254673730.259973,1594682905.176984,3698143929.943111,7547500565.380068,122846814239.626482,78140545464.323632,207433349987.032232,408420709690.982346,23533041,6791449,29047142,59371632
2026-05-04,24X National Exchange (G),2277636.000000,11115713.000000,8719143.000000,22112492.000000,70853802.624400,128480434.617200,162252091.249700,361586328.491300,8699,12765,24159,45623
2026-05-04,MIAX Pearl (H),22052911.000000,65848453.000000,82000870.000000,169902234.000000,866588959.009200,2179367403.265000,2340708675.758999,5386665038.033199,228060,214704,433552,876316
2026-05-04,EDGA Equities (J),33815860.000000,25950409.000000,63107843.000000,122874112.000000,1496009431.401500,1675190229.036800,2094637092.114602,5265836752.552902,426296,174224,574907,1175427
2026-05-04,EDGX Equities (K),163661540.000000,198029304.000000,381465810.000000,743156654.000000,8499003710.632396,9110697515.783499,21186279507.190493,38795980733.606388,1918935,1257079,3607679,6783693
2026-05-04,LTSE (L),777054.000000,294014.000000,1590998.000000,2662066.000000,39242758.660000,23908366.159000,49338167.041500,112489291.860500,9274,3766,17830,30870
2026-05-04,NYSE Texas (M),38489650.000000,19256304.000000,28547607.000000,86293561.000000,2581149827.336700,2811742750.697000,5070674742.609202,10463567320.642902,36577,12074,48870,97521
2026-05-04,NYSE (N),1201349683.000000,85146273.000000,138895602.000000,1425391558.000000,71369755477.178204,4151212182.305701,5802444489.127499,81323412148.611404,6497615,389130,1216901,8103646
2026-05-04,NYSE Arca (P),279805440.000000,525920307.000000,830140866.000000,1635866613.000000,14055777789.065491,35053060065.763178,34578457648.335309,83687295503.163978,3656000,3130107,8121258,14907365
2026-05-04,NASDAQ (Q),530405784.000000,299378366.000000,1686304612.000000,2516088762.000000,31134462603.557794,22648678293.676813,128034887152.237056,181818028049.471663,8217497,2471179,14514385,25203061
2026-05-04,Members Exchange (U),70584175.000000,79389396.000000,190323296.000000,340296867.000000,3382522636.589800,3876954206.621697,8867319701.264600,16126796544.476097,701214,471399,1166749,2339362
2026-05-04,Investors Exchange (V),279054928.000000,141774307.000000,291236458.000000,712065693.000000,15187414091.981200,6334975691.164501,16203019793.906105,37725409577.051806,3407744,566496,3067220,7041460
2026-05-04,NASDAQ PSX (X),9747912.000000,4503383.000000,8456184.000000,22707479.000000,520144427.565200,539080237.417100,702940829.170000,1762165494.152300,89842,33267,119571,242680
2026-05-04,BYX Equities (Y),35374829.000000,26569908.000000,44754550.000000,106699287.000000,1719485466.145900,1468012373.636600,2151325696.351901,5338823536.134401,449121,175123,522291,1146535
2026-05-04,BZX Equities (Z),197194821.000000,167587552.000000,253221390.000000,618003763.000000,11564045514.053405,10586983848.929901,18784619503.383407,40935648866.366713,3047298,1225866,3462324,7735488
2026-05-01,NYSE American (A),5409098.000000,21616638.000000,6937288.000000,33963024.000000,308114804.734000,364830629.115100,486550003.861700,1159495437.710800,62770,81277,68052,212099
2026-05-01,NASDAQ Texas (B),12430823.000000,11747793.000000,19389627.000000,43568243.000000,909866117.799700,742296959.651900,1372499028.445800,3024662105.897400,185967,88062,246982,521011
2026-05-01,NYSE National (C),16449916.000000,11889727.000000,22097847.000000,50437490.000000,669699156.568500,590610769.974400,775069345.408800,2035379271.951700,209287,75672,209686,494645
2026-05-01,FINRA / Nasdaq TRF Chicago (DB),14538015.992180,9494602.071230,34326044.465420,58358662.528830,822995187.988411,559822970.508228,3392497001.937912,4775315160.434551,123645,48808,284824,457277
2026-05-01,FINRA / NYSE TRF (DN),112837516.675129,53086393.893553,196883598.600625,362807509.169307,5186155720.256049,2655239033.766589,8894077843.783138,16735472597.805776,760678,224571,1065602,2050851
2026-05-01,FINRA / Nasdaq TRF Carteret (DQ),2135090905.496776,1436325008.625965,3577016146.165082,7148432060.287823,121437537851.113172,75445678156.899196,214321328891.783762,411204544899.796130,22305928,5988812,27173807,55468547
2026-05-01,24X National Exchange (G),1701482.000000,7704963.000000,11810348.000000,21216793.000000,63594628.961600,108747479.491700,184267352.918600,356609461.371900,8686,10072,21342,40100
2026-05-01,MIAX Pearl (H),22652134.000000,52719411.000000,82471502.000000,157843047.000000,921127095.270300,1845612514.794600,2534307251.332000,5301046861.396900,225462,178659,407824,811945
2026-05-01,EDGA Equities (J),28146643.000000,22326368.000000,60567620.000000,111040631.000000,1285807346.198900,1272699329.296300,1972781229.726100,4531287905.221300,366036,138550,498138,1002724
2026-05-01,EDGX Equities (K),149920936.000000,165425986.000000,363675587.000000,679022509.000000,7726879920.839299,8469223928.806702,22302914798.572993,38499018648.218994,1758610,1036789,3268173,6063572
2026-05-01,LTSE (L),884832.000000,239956.000000,1349542.000000,2474330.000000,48102885.839500,16866497.412000,46372510.732600,111341893.984100,10166,2837,15346,28349
2026-05-01,NYSE Texas (M),20227344.000000,10785262.000000,26373779.000000,57386385.000000,3079847253.362001,1887600176.058202,4967450537.527698,9934897966.947901,34548,11459,42403,88410
2026-05-01,NYSE (N),1115505081.000000,67364324.000000,153476298.000000,1336345703.000000,65923887664.631104,3756002770.489200,6516664673.650400,76196555108.770704,6355685,347148,1204736,7907569
2026-05-01,NYSE Arca (P),242062816.000000,456078306.000000,745750469.000000,1443891591.000000,12466361494.333704,32664316676.291498,35195498944.805182,80326177115.430384,3335942,2612997,6938965,12887904
2026-05-01,NASDAQ (Q),489013035.000000,250731899.000000,1603620721.000000,2343365655.000000,29521049034.764801,19482529155.891102,128684993990.671487,177688572181.327390,7612774,2002528,13658218,23273520
2026-05-01,Members Exchange (U),64414363.000000,61880566.000000,175344098.000000,301639027.000000,3101949493.158700,3672062614.396800,8487403306.005300,15261415413.560800,637520,383556,1087708,2108784
2026-05-01,Investors Exchange (V),264014816.000000,126299231.000000,285967771.000000,676281818.000000,15392642176.750899,6236006803.675099,16662957922.097102,38291606902.523100,3338986,497995,3050024,6887005
2026-05-01,NASDAQ PSX (X),7470978.000000,4275970.000000,14298891.000000,26045839.000000,495106998.750000,522135174.270900,842090277.053500,1859332450.074400,90110,31725,124026,245861
2026-05-01,BYX Equities (Y),30366385.000000,24311932.000000,49229834.000000,103908151.000000,1552692831.086500,1398289956.399199,2073811999.793499,5024794787.279198,406023,155350,476557,1037930
2026-05-01,BZX Equities (Z),191173341.000000,142613720.000000,257765831.000000,591552892.000000,11419206894.541102,9410383537.389904,21315895903.189709,42145486335.120715,2933480,1036802,3337820,7308102
2026-04-30,NYSE American (A),6991812.000000,31715290.000000,7514381.000000,46221483.000000,408758893.703100,463329662.579900,610394134.078600,1482482690.361600,75085,87761,75990,238836
2026-04-30,NASDAQ Texas (B),14196137.000000,13665819.000000,19457037.000000,47318993.000000,1187571865.406700,854827957.811500,1731828580.597900,3774228403.816100,219290,86810,275179,581279
2026-04-30,NYSE National (C),20532334.000000,13476789.000000,20620724.000000,54629847.000000,943053252.093800,639632672.668000,917364797.251800,2500050722.013600,250788,81147,231566,563501
2026-04-30,FINRA / Nasdaq TRF Chicago (DB),14217857.239480,11292860.929240,33994584.518490,59505302.687210,840480011.715131,600914316.912581,3606639963.497697,5048034292.125409,121316,47656,305452,474424
2026-04-30,FINRA / NYSE TRF (DN),117922674.036402,66239594.045979,213350692.024784,397512960.107165,6211221746.324359,3177893979.492852,11507714058.254981,20896829784.072192,846598,308891,1276323,2431812
2026-04-30,FINRA / Nasdaq TRF Carteret (DQ),2444634267.028475,1620801928.815824,3835928763.032237,7901364958.876536,147582541790.050925,94341807598.956065,258478918566.777315,500403267955.784305,23566303,5829925,28563337,57959565
2026-04-30,24X National Exchange (G),2056094.000000,8434299.000000,10961597.000000,21451990.000000,57171254.190000,106642377.451100,186646063.392200,350459695.033300,8421,9910,21563,39894
2026-04-30,MIAX Pearl (H),22375610.000000,57281271.000000,81533317.000000,161190198.000000,929371448.851700,1898988415.185300,2541256624.676801,5369616488.713801,237405,172270,395882,805557
2026-04-30,EDGA Equities (J),31884123.000000,25728762.000000,65919959.000000,123532844.000000,1653564156.323300,1553537266.073400,2717218255.641901,5924319678.038601,445792,159849,583694,1189335
2026-04-30,EDGX Equities (K),155809022.000000,177088790.000000,325560360.000000,658458172.000000,8731796372.668799,9542037086.247200,24102125913.228791,42375959372.144790,1850928,1104313,3453729,6408970
2026-04-30,LTSE (L),1060969.000000,281367.000000,1343332.000000,2685668.000000,61916991.365000,16463708.288000,79269231.471800,157649931.124800,12304,2682,16158,31144
2026-04-30,NYSE Texas (M),23791253.000000,11615068.000000,31126601.000000,66532922.000000,1796784933.601400,2642452815.868000,6537357815.837696,10976595565.307096,41943,12994,49874,104811
2026-04-30,NYSE (N),1496534570.000000,76905724.000000,146855699.000000,1720295993.000000,101929550239.883893,4398264476.533300,7294581597.901999,113622396314.319192,6716434,376973,1261496,8354903
2026-04-30,NYSE Arca (P),284187371.000000,543525123.000000,780178674.000000,1607891168.000000,15883886008.641293,40735498247.510509,44323805094.755480,100943189350.907282,3735927,2787863,7723061,14246851
2026-04-30,NASDAQ (Q),575050714.000000,287257514.000000,2008404285.000000,2870712513.000000,37532021038.040102,22375141212.828599,184305866755.466394,244213029006.335095,8723803,2155672,15051248,25930723
2026-04-30,Members Exchange (U),63997921.000000,69716493.000000,163859002.000000,297573416.000000,3505014418.894001,3804512938.647700,9236597189.422906,16546124546.964607,697199,429291,1137458,2263948
2026-04-30,Investors Exchange (V),299702826.000000,135391381.000000,304177971.000000,739272178.000000,18393600011.737806,7236358612.519101,20416929607.332611,46046888231.589518,3724064,542111,3317945,7584120
2026-04-30,NASDAQ PSX (X),5969502.000000,4007883.000000,8158638.000000,18136023.000000,460837326.696300,446415741.556600,808300009.064600,1715553077.317500,84544,27107,114533,226184
2026-04-30,BYX Equities (Y),34857325.000000,27959778.000000,52369289.000000,115186392.000000,1855244388.693200,1481501973.211400,2718618082.090999,6055364443.995599,458317,156990,527190,1142497
2026-04-30,BZX Equities (Z),207022383.000000,154152009.000000,251578719.000000,612753111.000000,13357889061.519098,10666828698.920310,23023680734.773595,47048398495.213003,3176816,1090798,3542061,7809675
2026-04-29,NYSE American (A),5857580.000000,25173723.000000,6822292.000000,37853595.000000,398055485.309900,391376794.636000,488598451.690600,1278030731.636500,72260,89504,71282,233046
2026-04-29,NASDAQ Texas (B),12934204.000000,12023703.000000,21530648.000000,46488555.000000,1014936831.477400,703117230.840900,1365464174.137200,3083518236.455500,198172,85000,259307,542479
2026-04-29,NYSE National (C),18381575.000000,13115354.000000,24338435.000000,55835364.000000,812794691.609700,595177643.910000,876266933.966100,2284239269.485800,227075,77625,239415,544115
2026-04-29,FINRA / Nasdaq TRF Chicago (DB),14150545.110690,9648541.859380,38210846.909170,62009933.879240,774917851.025689,602981434.665285,3153521853.731116,4531421139.422090,116141,43832,274544,434517
2026-04-29,FINRA / NYSE TRF (DN),118317955.267436,69644081.128031,232100177.301023,420062213.696490,6430474289.885668,2999705363.315505,9124614822.430353,18554794475.631526,841049,260154,1139504,2240707
2026-04-29,FINRA / Nasdaq TRF Carteret (DQ),2271078322.026246,1498783435.310523,3899244643.031386,7669106400.368155,131863659743.305226,69624627231.747941,213058297194.748745,414546584169.801912,22272514,5542395,26882733,54697642
2026-04-29,24X National Exchange (G),1745966.000000,9958905.000000,10776929.000000,22481800.000000,46808213.260000,120179680.532100,172553761.250200,339541655.042300,7967,11455,19830,39252
2026-04-29,MIAX Pearl (H),20420533.000000,58848292.000000,91686309.000000,170955134.000000,832517294.538200,1707008815.214600,1977075460.125702,4516601569.878502,217224,162041,371315,750580
2026-04-29,EDGA Equities (J),30441170.000000,23559001.000000,84511282.000000,138511453.000000,1557818188.135500,1295285112.439800,2317892812.637100,5170996113.212400,430133,148778,576285,1155196
2026-04-29,EDGX Equities (K),150443832.000000,185474756.000000,409145613.000000,745064201.000000,8049961253.191900,8280143135.727992,20305000467.138600,36635104856.058492,1852892,1100615,3315126,6268633
2026-04-29,LTSE (L),981036.000000,480038.000000,1529616.000000,2990690.000000,51646090.317500,18692126.943000,72093226.695800,142431443.956300,11976,3183,18397,33556
2026-04-29,NYSE Texas (M),21498900.000000,15952332.000000,38327868.000000,75779100.000000,2441995473.177500,2139494928.869001,5514662798.194802,10096153200.241303,62338,14415,64758,141511
2026-04-29,NYSE (N),1159259540.000000,83233926.000000,148820257.000000,1391313723.000000,71113117881.510104,3767441135.806001,6247960042.173903,81128519059.490008,6337595,373836,1250945,7962376
2026-04-29,NYSE Arca (P),271254912.000000,499351038.000000,972876281.000000,1743482231.000000,14602210729.759600,32538434376.643795,39117992064.116613,86258637170.520008,3590711,2749920,7345945,13686576
2026-04-29,NASDAQ (Q),535965481.000000,272667500.000000,1645084737.000000,2453717718.000000,33560910329.266492,20328001718.502103,126415226332.563210,180304138380.331805,8088511,2043238,13701399,23833148
2026-04-29,Members Exchange (U),59495883.000000,76157192.000000,212629545.000000,348282620.000000,3188658265.503199,3228001458.885899,8821522825.558001,15238182549.947099,665613,410771,1122803,2199187
2026-04-29,Investors Exchange (V),291198588.000000,140598699.000000,297160625.000000,728957912.000000,17128276566.379704,5863069580.226299,17171723616.233401,40163069762.839404,3562926,485738,3129913,7178577
2026-04-29,NASDAQ PSX (X),7288033.000000,3748699.000000,8355726.000000,19392458.000000,512667391.807800,448735059.759900,675987250.788400,1637389702.356100,95828,27268,107043,230139
2026-04-29,BYX Equities (Y),35408959.000000,23926676.000000,66300953.000000,125636588.000000,1739083168.787100,1347441708.615801,2319054618.035199,5405579495.438100,455432,150035,553367,1158834
2026-04-29,BZX Equities (Z),194840200.000000,142197677.000000,247113643.000000,584151520.000000,12164640928.199702,8747719151.711098,17816101895.588402,38728461975.499202,3047264,1022307,3270516,7340087
2026-04-28,NYSE American (A),6522439.000000,24294446.000000,7102673.000000,37919558.000000,422386389.182000,348593595.833600,482008626.400400,1252988611.416000,73471,74536,72138,220145
2026-04-28,NASDAQ Texas (B),13297835.000000,11479729.000000,17160239.000000,41937803.000000,952269508.191700,596370315.264500,1165686137.079700,2714325960.535900,180200,74243,226649,481092
2026-04-28,NYSE National (C),17438539.000000,11118554.000000,18461785.000000,47018878.000000,763988606.857900,507119794.550600,752394792.528000,2023503193.936500,205933,67436,219026,492395
2026-04-28,FINRA / Nasdaq TRF Chicago (DB),13951959.298530,11422010.503150,33622629.737120,58996599.538800,831724228.708510,587974151.182899,3058227306.815421,4477925686.706830,121601,51450,250492,423543
2026-04-28,FINRA / NYSE TRF (DN),108269408.117034,80044017.615752,196573112.404228,384886538.137014,6317078076.294144,3551707883.805078,8243183417.275482,18111969377.374704,766533,335342,1082519,2184394
2026-04-28,FINRA / Nasdaq TRF Carteret (DQ),2175188767.065201,1525524366.346660,3559543911.963515,7260257045.375376,128667541678.425921,72380148115.519203,200173219836.314798,401220909630.259922,22213555,5897638,26383285,54494478
2026-04-28,24X National Exchange (G),2749060.000000,8291362.000000,13043751.000000,24084173.000000,71350912.179400,111993799.125100,198150641.048300,381495352.352800,11689,11704,25792,49185
2026-04-28,MIAX Pearl (H),22564572.000000,51144017.000000,77527848.000000,151236437.000000,985421034.367700,1648156675.065000,2052994843.373599,4686572552.806299,232028,162549,377233,771810
2026-04-28,EDGA Equities (J),27939716.000000,22593335.000000,59765431.000000,110298482.000000,1343397141.680500,1077915226.481700,1772512168.174100,4193824536.336300,374569,136806,510560,1021935
2026-04-28,EDGX Equities (K),148569933.000000,204407260.000000,367141596.000000,720118789.000000,8357971895.704304,8188952854.837301,19514430223.511590,36061354974.053195,1811281,1150947,3165354,6127582
2026-04-28,LTSE (L),619719.000000,190636.000000,1160672.000000,1971027.000000,38155894.664000,13372285.211000,46263552.615900,97791732.490900,7970,2143,15623,25736
2026-04-28,NYSE Texas (M),17071418.000000,18519695.000000,34706267.000000,70297380.000000,1720575819.256800,3635207985.020500,6258609940.415103,11614393744.692403,35754,10188,44824,90766
2026-04-28,NYSE (N),1128591879.000000,72120229.000000,145363930.000000,1346076038.000000,69779370607.727622,3506698690.504199,5832745997.063598,79118815295.295419,5965027,339091,1191059,7495177
2026-04-28,NYSE Arca (P),256778772.000000,523904314.000000,887303332.000000,1667986418.000000,14571931210.478601,30998353838.287014,35183577923.182266,80753862971.947881,3457194,2773616,7017895,13248705
2026-04-28,NASDAQ (Q),512073647.000000,251985922.000000,1582948956.000000,2347008525.000000,32804699211.809807,17668000337.054005,126620685247.985353,177093384796.849165,7829823,1911148,13043347,22784318
2026-04-28,Members Exchange (U),61893205.000000,81114626.000000,186956974.000000,329964805.000000,3283755733.001898,3338879498.864999,7311397432.956104,13934032664.823001,651091,429035,1001629,2081755
2026-04-28,Investors Exchange (V),269678129.000000,123050921.000000,261670561.000000,654399611.000000,15926142381.297201,5899247909.911199,15730541551.909692,37555931843.118092,3310941,477160,2915411,6703512
2026-04-28,NASDAQ PSX (X),6548146.000000,3584020.000000,7770919.000000,17903085.000000,489450833.798700,383364271.718400,638371443.794700,1511186549.311800,91951,28075,111647,231673
2026-04-28,BYX Equities (Y),30951053.000000,21136613.000000,40785194.000000,92872860.000000,1598999247.269500,1086212249.039100,1851868280.077999,4537079776.386599,400419,133162,463067,996648
2026-04-28,BZX Equities (Z),178466722.000000,136738628.000000,218923120.000000,534128470.000000,11470303978.302798,8309907561.542399,16613289565.337498,36393501105.182695,2875172,963615,3079846,6918633
2026-04-27,NYSE American (A),6570440.000000,26240593.000000,7440352.000000,40251385.000000,379461183.725100,337549374.826000,489356201.413000,1206366759.964100,67531,77643,75785,220959
2026-04-27,NASDAQ Texas (B),13127784.000000,11557431.000000,20414521.000000,45099736.000000,977034797.496600,516648219.253100,1283720856.575300,2777403873.325000,195798,69108,246121,511027
2026-04-27,NYSE National (C),18181567.000000,10853359.000000,19744340.000000,48779266.000000,788120222.375100,444734727.876800,823839707.695700,2056694657.947600,225335,65544,227631,518510
2026-04-27,FINRA / Nasdaq TRF Chicago (DB),13618806.658310,10145617.962180,39444164.352560,63208588.973050,756913343.027288,584761959.713497,3410590433.926373,4752265736.667158,118304,50738,289642,458684
2026-04-27,FINRA / NYSE TRF (DN),102996436.498798,64994854.509739,214268549.414252,382259840.422789,5246576937.621756,3239982488.055277,8544352607.816184,17030912033.493217,760839,296899,1199269,2257007
2026-04-27,FINRA / Nasdaq TRF Carteret (DQ),2100089745.550430,1352758194.676578,3893382224.869723,7346230165.096731,120454168739.427778,64020039616.042555,207108549498.095565,391582757853.565898,21230556,5629139,25966880,52826575
2026-04-27,24X National Exchange (G),2987583.000000,9141039.000000,20669183.000000,32797805.000000,94251471.082400,135431523.384600,248129524.449000,477812518.916000,13471,13815,31103,58389
2026-04-27,MIAX Pearl (H),21878604.000000,42088649.000000,82142314.000000,146109567.000000,875137439.157100,1369913072.479100,2044819877.713899,4289870389.350099,220514,138227,393106,751847
2026-04-27,EDGA Equities (J),27441911.000000,19119644.000000,78834109.000000,125395664.000000,1277094721.717800,1063196715.091900,1869142164.241800,4209433601.051500,374908,130059,558264,1063231
2026-04-27,EDGX Equities (K),136831399.000000,154314182.000000,370254766.000000,661400347.000000,7205873688.119300,6903749037.915307,19795761966.234413,33905384692.269020,1642589,993978,3168344,5804911
2026-04-27,LTSE (L),485248.000000,110443.000000,1423901.000000,2019592.000000,25205346.639000,8088217.565000,39791045.210500,73084609.414500,6260,1752,10966,18978
2026-04-27,NYSE Texas (M),17856228.000000,13759612.000000,22528855.000000,54144695.000000,1548656421.326600,2494772644.780001,5981400686.745602,10024829752.852203,35835,10152,39526,85513
2026-04-27,NYSE (N),1140161706.000000,61890542.000000,146069995.000000,1348122243.000000,71360737895.562197,3050119332.401001,6018717574.084499,80429574802.047697,5743844,288142,1249077,7281063
2026-04-27,NYSE Arca (P),261347146.000000,417474219.000000,973872597.000000,1652693962.000000,13087854873.952801,26096552031.242722,33883209259.578788,73067616164.774311,3214157,2274916,7215278,12704351
2026-04-27,NASDAQ (Q),476160249.000000,218025755.000000,1672328518.000000,2366514522.000000,28473500664.677504,14840702454.423103,127371521143.556530,170685724262.657137,6963486,1682328,12968073,21613887
2026-04-27,Members Exchange (U),57479639.000000,63450283.000000,218044825.000000,338974747.000000,2971992358.620000,3111572765.377000,8205696807.236492,14289261931.233492,603131,373993,1103022,2080146
2026-04-27,Investors Exchange (V),256622324.000000,109071778.000000,267045443.000000,632739545.000000,14590070123.408401,5087476723.687901,15711327462.145302,35388874309.241604,3148677,443668,2934807,6527152
2026-04-27,NASDAQ PSX (X),5955276.000000,3087469.000000,6821205.000000,15863950.000000,341349091.419000,320163928.495800,524542003.827900,1186055023.742700,61663,23368,90600,175631
2026-04-27,BYX Equities (Y),33930004.000000,21972377.000000,43817092.000000,99719473.000000,1578751401.494200,1001203094.763900,1988243520.087399,4568198016.345499,423431,140018,500336,1063785
2026-04-27,BZX Equities (Z),173134143.000000,125837473.000000,238426722.000000,537398338.000000,10363452862.499999,7542392344.090806,17510368720.619705,35416213927.210510,2692250,889936,3194546,6776732
2026-04-24,NYSE American (A),5608000.000000,23641512.000000,7529298.000000,36778810.000000,332735747.781000,387993301.340500,547894380.102700,1268623429.224200,60270,86823,69194,216287
2026-04-24,NASDAQ Texas (B),12906091.000000,11784904.000000,25010360.000000,49701355.000000,955700304.954600,703366307.745100,1488808240.647900,3147874853.347600,204406,80771,277879,563056
2026-04-24,NYSE National (C),16738848.000000,13019181.000000,20619039.000000,50377068.000000,701980782.369100,582280500.591100,878991727.406300,2163253010.366500,204125,73787,230361,508273
2026-04-24,FINRA / Nasdaq TRF Chicago (DB),11896373.198430,10301521.707390,40553759.464390,62751654.370210,740377874.008845,513331115.826953,3243554812.340658,4497263802.176456,109382,44334,273169,426885
2026-04-24,FINRA / NYSE TRF (DN),105196917.142170,58290308.008468,246262104.759545,409749329.910183,5112565824.034519,3290322642.788635,10538157846.405111,18941046313.228265,738971,237026,1090169,2066166
2026-04-24,FINRA / Nasdaq TRF Carteret (DQ),2048481708.613887,1464361604.264627,4972971754.055849,8485815066.934363,122090794202.489098,68775619269.814595,225117645248.044165,415984058720.347858,19960151,5672678,26271939,51904768
2026-04-24,24X National Exchange (G),2585691.000000,7496536.000000,23409678.000000,33491905.000000,58468118.012000,114685794.210900,266321560.323000,439475472.545900,10378,14689,31929,56996
2026-04-24,MIAX Pearl (H),21057342.000000,47736163.000000,113379104.000000,182172609.000000,896143283.516700,1829242059.664700,2511116884.120898,5236502227.302298,231580,173224,432412,837216
2026-04-24,EDGA Equities (J),24748105.000000,25830472.000000,108629000.000000,159207577.000000,1215023949.664500,1348738609.697400,2054350840.396900,4618113399.758800,369072,154954,582562,1106588
2026-04-24,EDGX Equities (K),143313510.000000,182744509.000000,488425714.000000,814483733.000000,7683139410.650699,8817753928.038706,22445026177.942801,38945919516.632206,1763313,1188342,3371349,6323004
2026-04-24,LTSE (L),821537.000000,308345.000000,1172327.000000,2302209.000000,36700518.354000,16886250.604500,49702121.653700,103288890.612200,8685,3562,15468,27715
2026-04-24,NYSE Texas (M),23183889.000000,13730436.000000,36204268.000000,73118593.000000,2942219870.894300,2876463427.990199,7129864694.645000,12948547993.529499,52619,11942,56385,120946
2026-04-24,NYSE (N),1059665800.000000,71860299.000000,145708368.000000,1277234467.000000,65241177986.972584,3637916735.862200,7344127076.605700,76223221799.440484,5893050,362005,1374630,7629685
2026-04-24,NYSE Arca (P),254587794.000000,485335977.000000,1706349322.000000,2446273093.000000,13397413106.987498,31480250983.270001,38171095238.291269,83048759328.548768,3342492,2679064,7640370,13661926
2026-04-24,NASDAQ (Q),470642182.000000,261273540.000000,1709743315.000000,2441659037.000000,29771354913.447614,19471122095.258292,137977758077.358648,187220235086.064554,7206327,2013021,13829106,23048454
2026-04-24,Members Exchange (U),61417577.000000,83082186.000000,312385421.000000,456885184.000000,3316347981.283799,4232511072.378301,10015094693.124893,17563953746.786993,674939,434769,1293479,2403187
2026-04-24,Investors Exchange (V),248184367.000000,117109056.000000,277086563.000000,642379986.000000,14222220082.990601,5388684016.989800,17113339086.144498,36724243186.124899,3159649,464454,3037618,6661721
2026-04-24,NASDAQ PSX (X),4862455.000000,3522858.000000,7674002.000000,16059315.000000,353395416.028800,397250806.930700,638480730.173400,1389126953.132900,71937,28076,116143,216156
2026-04-24,BYX Equities (Y),32339474.000000,24707278.000000,46253694.000000,103300446.000000,1602459264.028800,1207304014.872600,2248535408.177500,5058298687.078900,418217,143071,512285,1073573
2026-04-24,BZX Equities (Z),176594345.000000,148375657.000000,297993364.000000,622963366.000000,10990910195.733596,9087759591.964398,20654683867.431192,40733353655.129186,2811362,987180,3406753,7205295
2026-04-23,NYSE American (A),5839559.000000,31197839.000000,6831497.000000,43868895.000000,312378230.939000,443415370.301300,445482458.963000,1201276060.203300,64326,107290,65844,237460
2026-04-23,NASDAQ Texas (B),13949544.000000,16500763.000000,20338133.000000,50788440.000000,1134037465.837900,880718549.192800,1442000572.998700,3456756588.029400,218266,112051,266525,596842
2026-04-23,NYSE National (C),20195918.000000,20822577.000000,23704188.000000,64722683.000000,902389518.509200,841110114.530200,945796370.769300,2689296003.808700,247144,108197,251519,606860
2026-04-23,FINRA / Nasdaq TRF Chicago (DB),16018656.593650,13740756.188910,37615659.853090,67375072.635650,966366132.133000,670586615.932090,3465474845.255156,5102427593.320246,138084,58455,286413,482952
2026-04-23,FINRA / NYSE TRF (DN),122374466.527153,94032934.212628,213892766.280953,430300167.020734,6058856528.322854,4059882394.633165,8184834522.592253,18303573445.548272,800998,303381,1103947,2208326
2026-04-23,FINRA / Nasdaq TRF Carteret (DQ),2328633140.060108,2098518036.587473,3846042393.235825,8273193569.883406,136005789929.944720,81840072411.645202,213130666829.975736,430976529171.565658,22183050,6659162,26577969,55420181
2026-04-23,24X National Exchange (G),3045040.000000,11651589.000000,15992784.000000,30689413.000000,79611907.238000,172864125.458800,182089282.395900,434565315.092700,12182,16671,28457,57310
2026-04-23,MIAX Pearl (H),26184370.000000,68788493.000000,67672707.000000,162645570.000000,1041743244.277900,2567445408.068000,2196555515.602500,5805744167.948400,275827,261174,399505,936506
2026-04-23,EDGA Equities (J),32476378.000000,49369799.000000,62077365.000000,143923542.000000,1663842979.398000,1816138884.135899,2111113895.082900,5591095758.616799,475745,243624,569117,1288486
2026-04-23,EDGX Equities (K),177481486.000000,240908558.000000,402338694.000000,820728738.000000,9119436021.263201,10942942438.778101,20961187042.837492,41023565502.878794,2211406,1460004,3535111,7206521
2026-04-23,LTSE (L),994168.000000,551000.000000,1454030.000000,2999198.000000,51889076.905000,34078403.781800,60164269.948900,146131750.635700,13110,5102,17546,35758
2026-04-23,NYSE Texas (M),15531217.000000,14685306.000000,25260729.000000,55477252.000000,1481322250.774800,2180753097.654700,3760120179.852399,7422195528.281899,60679,16219,58675,135573
2026-04-23,NYSE (N),1150851657.000000,89141501.000000,135153877.000000,1375147035.000000,71289561547.087798,4877201338.509001,6321044788.681099,82487807674.277898,6776657,471954,1348630,8597241
2026-04-23,NYSE Arca (P),312122223.000000,651437975.000000,836710397.000000,1800270595.000000,16070945487.306701,39276539907.767370,36874684991.981321,92222170387.055392,4083272,3531742,7696719,15311733
2026-04-23,NASDAQ (Q),556871196.000000,351338646.000000,1696492228.000000,2604702070.000000,34332440272.637696,25821909371.722694,129013688505.871950,189168038150.232340,8358173,2597438,14324099,25279710
2026-04-23,Members Exchange (U),73509588.000000,114799083.000000,197666360.000000,385975031.000000,3843228055.516202,5060645507.399899,8877208340.772796,17781081903.688897,791198,567488,1188560,2547246
2026-04-23,Investors Exchange (V),275957232.000000,149472007.000000,275610216.000000,701039455.000000,15907443918.450799,6860214421.545301,15475993306.983796,38243651646.979896,3472580,566575,3073137,7112292
2026-04-23,NASDAQ PSX (X),6167399.000000,5753132.000000,7625569.000000,19546100.000000,449011945.137500,663019563.802100,663041074.117800,1775072583.057400,89144,43758,115898,248800
2026-04-23,BYX Equities (Y),34275269.000000,32173280.000000,46013069.000000,112461618.000000,1817235755.484500,1544582683.832400,2130890898.519300,5492709337.836200,458289,180011,514407,1152707
2026-04-23,BZX Equities (Z),212275889.000000,199667845.000000,261870747.000000,673814481.000000,13264809625.374906,12532491124.222503,18422614075.653094,44219914825.250503,3377130,1335986,3490432,8203548
2026-04-22,NYSE American (A),7087492.000000,27891186.000000,7335946.000000,42314624.000000,484038667.524100,430806240.404500,550503772.395900,1465348680.324500,80720,90339,76737,247796
2026-04-22,NASDAQ Texas (B),11618296.000000,10015154.000000,19929428.000000,41562878.000000,964818967.761100,554030641.119700,1198531404.266000,2717381013.146800,190693,70752,252855,514300
2026-04-22,NYSE National (C),16645158.000000,13058012.000000,21781728.000000,51484898.000000,742747086.391800,529935385.620600,841115531.580000,2113798003.592400,214160,77793,245945,537898
2026-04-22,FINRA / Nasdaq TRF Chicago (DB),14687148.393140,10810130.999130,36103625.881480,61600905.273750,909774074.699477,509799635.998729,3026027269.005322,4445600979.703528,121597,46208,258297,426102
2026-04-22,FINRA / NYSE TRF (DN),108294906.546209,59531173.272103,224013500.313919,391839580.132231,6222185193.194735,2527331365.926180,8571263602.871526,17320780161.992441,738578,232896,1067112,2038586
2026-04-22,FINRA / Nasdaq TRF Carteret (DQ),2150742684.022576,1592348723.302754,3944743981.050024,7687835388.375354,125748380262.577724,71396731909.742345,197710106705.043099,394855218877.363168,20620987,5478113,25008017,51107117
2026-04-22,24X National Exchange (G),3391776.000000,8832661.000000,14373764.000000,26598201.000000,68852412.756000,123391981.718600,198090109.566700,390334504.041300,12810,13133,34252,60195
2026-04-22,MIAX Pearl (H),22920755.000000,49261442.000000,79056076.000000,151238273.000000,898646499.164300,1515848742.318600,2007795352.198600,4422290593.681500,239683,154307,378632,772622
2026-04-22,EDGA Equities (J),26906495.000000,24061126.000000,77843779.000000,128811400.000000,1327430384.454700,1070679321.828700,1840789243.434200,4238898949.717600,390523,137313,556714,1084550
2026-04-22,EDGX Equities (K),161142365.000000,165940858.000000,402651969.000000,729735192.000000,8814760277.753199,7264641198.578499,19786927240.767500,35866328717.099198,1931391,963551,3314024,6208966
2026-04-22,LTSE (L),814051.000000,244824.000000,1248691.000000,2307566.000000,42590109.000000,14649739.369500,46790905.378800,104030753.748300,10273,2085,15816,28174
2026-04-22,NYSE Texas (M),17325371.000000,10815190.000000,20857113.000000,48997674.000000,1624948851.975400,1311105922.428300,3716308831.966998,6652363606.370698,38346,11194,41263,90803
2026-04-22,NYSE (N),1149889042.000000,71395984.000000,133857958.000000,1355142984.000000,72859717603.532599,3413570335.829200,5525574497.318500,81798862436.680299,6158243,329872,1249313,7737428
2026-04-22,NYSE Arca (P),271730697.000000,456362497.000000,939425981.000000,1667519175.000000,15043092719.253298,28753635321.129693,33125634552.646798,76922362593.029789,3593387,2350714,7405025,13349126
2026-04-22,NASDAQ (Q),511079090.000000,237282082.000000,1673022482.000000,2421383654.000000,32498527601.815901,16504631584.127193,121853585589.117097,170856744775.060191,7753933,1700093,13020711,22474737
2026-04-22,Members Exchange (U),67089496.000000,76141519.000000,216330160.000000,359561175.000000,3651357501.516001,3375058649.089101,8294511338.737804,15320927489.342906,715823,365549,1154790,2236162
2026-04-22,Investors Exchange (V),265948272.000000,126414929.000000,275736263.000000,668099464.000000,15885354649.538403,5213319512.031101,14563210045.031602,35661884206.601106,3335633,469411,2935576,6740620
2026-04-22,NASDAQ PSX (X),6012880.000000,3608590.000000,6859934.000000,16481404.000000,440813764.964300,376152500.025000,553860286.660100,1370826551.649400,89595,25002,100744,215341
2026-04-22,BYX Equities (Y),31608726.000000,21011743.000000,44916791.000000,97537260.000000,1612733281.711700,990569786.501600,1961714123.349001,4565017191.562301,418820,144364,498177,1061361
2026-04-22,BZX Equities (Z),187044761.000000,137213727.000000,244586276.000000,568844764.000000,11784259786.809704,8081392870.974304,16476143242.118492,36341795899.902500,2973130,911241,3191467,7075838
2026-04-21,NYSE American (A),5959616.000000,28023577.000000,6907531.000000,40890724.000000,337505566.323400,435374194.923900,395750029.541800,1168629790.789100,63768,100010,66822,230600
2026-04-21,NASDAQ Texas (B),13328006.000000,13345427.000000,21220999.000000,47894432.000000,1070349435.598300,889903218.925300,1227841570.835000,3188094225.358600,212997,99733,260900,573630
2026-04-21,NYSE National (C),17149895.000000,17257682.000000,22834279.000000,57241856.000000,746631858.830400,780868061.068500,798412293.213800,2325912213.112700,214118,99627,242933,556678
2026-04-21,FINRA / Nasdaq TRF Chicago (DB),16865379.852300,11801877.614700,40723401.829480,69390659.296480,946838496.499666,666680672.939408,3066342117.040679,4679861286.479753,135782,54837,268775,459394
2026-04-21,FINRA / NYSE TRF (DN),111196729.055627,69068638.082150,266636751.006792,446902118.144569,6041163270.146710,2544021820.191374,8840750120.949065,17425935211.287149,766162,235731,1062740,2064633
2026-04-21,FINRA / Nasdaq TRF Carteret (DQ),2289452941.891020,1829322837.229072,4613914760.719568,8732690539.839660,136074950058.289436,83912763736.210507,192942698094.797599,412930411889.297542,21623612,6204258,25877453,53705323
2026-04-21,24X National Exchange (G),3313006.000000,11479794.000000,16115133.000000,30907933.000000,82068563.122500,188965143.542600,206335935.601600,477369642.266700,15004,18401,36086,69491
2026-04-21,MIAX Pearl (H),24165827.000000,68206566.000000,101501889.000000,193874282.000000,1019571347.434700,2477924621.407600,2108259604.057700,5605755572.900000,259497,231541,425938,916976
2026-04-21,EDGA Equities (J),29028280.000000,34170681.000000,114745363.000000,177944324.000000,1504934332.869800,1525450492.571300,1881609850.626300,4911994676.067400,422240,183341,620139,1225720
2026-04-21,EDGX Equities (K),178046759.000000,195270528.000000,454752720.000000,828070007.000000,8784972448.926699,9900454161.884296,17848055595.014795,36533482205.825790,2084045,1202016,3298563,6584624
2026-04-21,LTSE (L),864782.000000,374684.000000,1714553.000000,2954019.000000,47497892.514800,28837899.120000,50894415.852900,127230207.487700,11161,3177,16732,31070
2026-04-21,NYSE Texas (M),17140726.000000,10430220.000000,26533586.000000,54104532.000000,1498032726.305000,1544806462.964699,5223586940.049501,8266426129.319200,43444,14020,48269,105733
2026-04-21,NYSE (N),1142325275.000000,98685516.000000,153921348.000000,1394932139.000000,69740363793.744296,5013605082.177399,5657566178.998598,80411535054.920293,6455956,463506,1293567,8213029
2026-04-21,NYSE Arca (P),291603176.000000,576300963.000000,1115447799.000000,1983351938.000000,15106674271.984396,39918360000.453105,31135323899.860212,86160358172.297713,3736729,3022792,7313767,14073288
2026-04-21,NASDAQ (Q),520488278.000000,321996452.000000,1746224684.000000,2588709414.000000,32822332182.697421,25605751439.135007,115376929181.119900,173805012802.952328,8087700,2345622,13379894,23813216
2026-04-21,Members Exchange (U),74933530.000000,102315514.000000,259449904.000000,436698948.000000,3773392004.276701,5016595685.287998,7297040423.372598,16087028112.937297,781422,510827,1228147,2520396
2026-04-21,Investors Exchange (V),274467981.000000,147756177.000000,294704254.000000,716928412.000000,15765635635.182404,6740071615.161499,14764069760.421302,37269777010.765205,3376686,545675,3014030,6936391
2026-04-21,NASDAQ PSX (X),5944101.000000,4876685.000000,7947502.000000,18768288.000000,440494408.692600,634631090.740800,563272826.049000,1638398325.482400,89259,35668,107168,232095
2026-04-21,BYX Equities (Y),31794807.000000,27903314.000000,55341212.000000,115039333.000000,1543532381.906300,1526074024.769200,1824752734.439801,4894359141.115301,406880,172998,509529,1089407
2026-04-21,BZX Equities (Z),201498067.000000,179687106.000000,259234460.000000,640419633.000000,12365692132.466100,12034764361.820103,15677259687.107690,40077716181.393893,3160232,1191350,3268074,7619656
2026-04-20,NYSE American (A),5655543.000000,28337493.000000,7509942.000000,41502978.000000,316145314.838400,371092332.544500,406110317.788400,1093347965.171300,65717,89845,69131,224693
2026-04-20,NASDAQ Texas (B),12501188.000000,10449408.000000,21424899.000000,44375495.000000,892011315.069900,533032398.788100,1091668563.184200,2516712277.042200,194455,72127,256144,522726
2026-04-20,NYSE National (C),16918447.000000,12502290.000000,21979771.000000,51400508.000000,687877219.795100,521791008.638100,712681522.741600,1922349751.174800,212206,72704,238348,523258
2026-04-20,FINRA / Nasdaq TRF Chicago (DB),14462577.008760,12103781.224500,38806206.859560,65372565.092820,726796077.047100,648835925.636942,2801344170.008782,4176976172.692824,116259,49830,267577,433666
2026-04-20,FINRA / NYSE TRF (DN),101072607.430951,114138689.261799,246567666.277023,461778962.969773,4900677813.984413,2606637669.700163,8264334617.631789,15771650101.316365,697376,353213,1241464,2292053
2026-04-20,FINRA / Nasdaq TRF Carteret (DQ),2066906922.121439,1731053954.586672,4077836573.935970,7875797450.644081,111691932298.473840,71188449799.421434,182890632788.668546,365771014886.563820,19701966,5841684,24468613,50012263
2026-04-20,24X National Exchange (G),2931675.000000,11228099.000000,16834720.000000,30994494.000000,62077870.785500,140746639.246700,196306070.314000,399130580.346200,11477,15003,31060,57540
2026-04-20,MIAX Pearl (H),21718578.000000,51963422.000000,90546305.000000,164228305.000000,853465943.164300,1557478448.566800,1939251559.462601,4350195951.193701,221000,162229,422557,805786
2026-04-20,EDGA Equities (J),23424756.000000,43261481.000000,98748097.000000,165434334.000000,1081835056.581200,1002099516.777400,1489594468.650800,3573529042.009400,341489,166282,568575,1076346
2026-04-20,EDGX Equities (K),142881290.000000,193777313.000000,434023343.000000,770681946.000000,6983226986.462904,6670948903.780996,16850671450.593900,30504847340.837800,1687397,954811,3424649,6066857
2026-04-20,LTSE (L),508736.000000,609849.000000,1554756.000000,2673341.000000,26662041.667500,20151957.537000,47187898.891900,94001898.096400,6578,2051,17677,26306
2026-04-20,NYSE Texas (M),25231517.000000,13237824.000000,31019727.000000,69489068.000000,1844505495.089800,2230142664.966000,4536651651.580700,8611299811.636500,59695,12174,64017,135886
2026-04-20,NYSE (N),1087887744.000000,78127428.000000,162084004.000000,1328099176.000000,67202212646.096301,3531413597.994700,5621803538.705099,76355429782.796100,5681382,341506,1285869,7308757
2026-04-20,NYSE Arca (P),251419219.000000,567852531.000000,977986516.000000,1797258266.000000,12534838776.029497,27692952201.058314,29014589774.868401,69242380751.956212,3155684,2475275,7281172,12912131
2026-04-20,NASDAQ (Q),463166292.000000,239408956.000000,1634466197.000000,2337041445.000000,27921495033.425300,16534827544.309594,106808543873.878772,151264866451.613666,7037265,1692707,12601019,21330991
2026-04-20,Members Exchange (U),61434282.000000,99343310.000000,229635720.000000,390413312.000000,2991567809.559900,3342933690.654197,7449235984.600699,13783737484.814796,645398,381501,1205798,2232697
2026-04-20,Investors Exchange (V),239610843.000000,114706408.000000,272869426.000000,627186677.000000,13081582940.335200,4964144009.971100,12953447478.806407,30999174429.112707,3036017,437839,2829737,6303593
2026-04-20,NASDAQ PSX (X),5946294.000000,3850318.000000,8005342.000000,17801954.000000,439020169.017300,356254486.444300,548695518.183100,1343970173.644700,81244,25417,104652,211313
2026-04-20,BYX Equities (Y),28806869.000000,23453121.000000,45709646.000000,97969636.000000,1218980159.289400,1039747478.372300,1551172971.668000,3809900609.329700,369077,132470,470697,972244
2026-04-20,BZX Equities (Z),170382734.000000,140638926.000000,238616067.000000,549637727.000000,9832568743.681102,8118759428.550899,14918479384.641501,32869807556.873502,2734586,900153,3108835,6743574
2026-04-17,NYSE American (A),7736318.000000,31457542.000000,9658396.000000,48852256.000000,447992903.623200,551182292.697900,559311383.617400,1558486579.938500,85462,103996,89147,278605
2026-04-17,NASDAQ Texas (B),15091883.000000,14772480.000000,23368818.000000,53233181.000000,1035819372.217200,898359803.365300,1277257303.420500,3211436479.003000,213913,96345,260851,571109
2026-04-17,NYSE National (C),18924304.000000,18479604.000000,23883109.000000,61287017.000000,747439670.990700,845251154.730600,771859473.742700,2364550299.464000,226399,105914,244473,576786
2026-04-17,FINRA / Nasdaq TRF Chicago (DB),20219218.186500,14219894.976750,43105977.301940,77545090.465190,1029906258.021772,716199930.243851,3275786649.650405,5021892837.916028,150637,63590,292863,507090
2026-04-17,FINRA / NYSE TRF (DN),129906242.276361,86147036.980987,317092499.514985,533145778.772333,6521288847.887701,4014186232.253783,12171366717.475562,22706841797.617046,836801,255042,1341680,2433523
2026-04-17,FINRA / Nasdaq TRF Carteret (DQ),2592395518.677098,1906020317.740420,4785124014.262182,9283539850.679700,146950670972.017687,103003190807.878677,234817572229.498891,484771434009.395255,23290220,6877879,28438878,58606977
2026-04-17,24X National Exchange (G),4206049.000000,13607548.000000,15785641.000000,33599238.000000,87353879.769000,211289891.834200,256550114.988300,555193886.591500,15998,20640,38783,75421
2026-04-17,MIAX Pearl (H),27202510.000000,74296126.000000,94697832.000000,196196468.000000,1027185316.591400,2487146703.387999,2304271718.450499,5818603738.429898,268810,229657,446408,944875
2026-04-17,EDGA Equities (J),29564420.000000,33556420.000000,107625709.000000,170746549.000000,1379257163.968200,1588751273.691400,1930558185.998000,4898566623.657600,421761,176402,589964,1188127
2026-04-17,EDGX Equities (K),200762597.000000,214975667.000000,502064468.000000,917802732.000000,9829778045.521601,10879979022.244900,21749436601.887497,42459193669.653998,2174781,1292250,3818814,7285845
2026-04-17,LTSE (L),642056.000000,291246.000000,1115125.000000,2048427.000000,33928405.531400,19301054.475000,36034608.113700,89264068.120100,8002,2234,12874,23110
2026-04-17,NYSE Texas (M),41440827.000000,32704375.000000,61393455.000000,135538657.000000,4607753863.950901,4821928019.994400,11478978095.875601,20908659979.820902,66210,16419,70265,152894
2026-04-17,NYSE (N),1500111150.000000,112407834.000000,160592938.000000,1773111922.000000,97061713707.967096,5949573201.365501,6986161993.665699,109997448902.998296,6846917,506969,1409534,8763420
2026-04-17,NYSE Arca (P),328573461.000000,668572284.000000,1157220407.000000,2154366152.000000,16766041858.551099,43434291571.378496,37730477649.254072,97930811079.183667,4068337,3225447,8360597,15654381
2026-04-17,NASDAQ (Q),617937965.000000,344290147.000000,2108415578.000000,3070643690.000000,37211593447.079706,27330422375.269798,155498699089.252540,220040714911.602044,8871812,2444941,14573681,25890434
2026-04-17,Members Exchange (U),84963676.000000,108256676.000000,286804879.000000,480025231.000000,4188694812.191999,5542970155.995396,9682504648.979502,19414169617.166897,823084,521524,1340329,2684937
2026-04-17,Investors Exchange (V),311172335.000000,167365592.000000,310190149.000000,788728076.000000,16702876535.229601,7847421373.973404,16116028108.246799,40666326017.449804,3604189,606632,3155447,7366268
2026-04-17,NASDAQ PSX (X),6354249.000000,4936876.000000,8477547.000000,19768672.000000,458704235.794900,550743305.185600,691516420.849100,1700963961.829600,85849,36549,110053,232451
2026-04-17,BYX Equities (Y),36403829.000000,29288940.000000,50926236.000000,116619005.000000,1555571916.861500,1529550457.297100,1931056236.558100,5016178610.716700,441815,185781,514657,1142253
2026-04-17,BZX Equities (Z),237840275.000000,198400137.000000,285498210.000000,721738622.000000,13783359072.558801,13270516718.048407,20140081924.068902,47193957714.676110,3457843,1261283,3619860,8338986
2026-04-16,NYSE American (A),6810189.000000,25254776.000000,8437795.000000,40502760.000000,395481663.980000,407017829.177800,497050909.481100,1299550402.638900,81239,91950,85356,258545
2026-04-16,NASDAQ Texas (B),14062064.000000,11101914.000000,24630106.000000,49794084.000000,948625516.518900,644024920.340100,1134859282.592200,2727509719.451200,199748,75382,250134,525264
2026-04-16,NYSE National (C),18024424.000000,13762565.000000,21772924.000000,53559913.000000,720470565.860000,618476395.759700,666156603.477400,2005103565.097100,218694,85656,228643,532993
2026-04-16,FINRA / Nasdaq TRF Chicago (DB),17352203.615960,10236852.747490,44627784.921160,72216841.284610,927132879.757067,599588505.622916,3178859853.884061,4705581239.264044,133028,48073,279523,460624
2026-04-16,FINRA / NYSE TRF (DN),116626923.901079,65120468.596676,303793173.735247,485540566.233002,5641631196.836398,3199203857.052757,8727916043.848356,17568751097.737511,797025,260939,1346240,2404204
2026-04-16,FINRA / Nasdaq TRF Carteret (DQ),2279166011.477806,1538222206.197784,4818059021.155018,8635447238.830608,125120648112.011410,79068667186.919935,202580848283.177535,406770163582.108880,21386750,5655280,27619295,54661325
2026-04-16,24X National Exchange (G),3548635.000000,9388706.000000,16263324.000000,29200665.000000,87237859.065500,151029541.424800,289054398.155500,527321798.645800,14682,14391,40257,69330
2026-04-16,MIAX Pearl (H),23247038.000000,53528251.000000,116068253.000000,192843542.000000,864106497.696100,1753274243.321700,2010691361.903700,4628072102.921500,233685,165226,443397,842308
2026-04-16,EDGA Equities (J),28176749.000000,23454668.000000,113376642.000000,165008059.000000,1353271707.233700,1130440853.429200,1766620159.721000,4250332720.383900,402093,132797,595127,1130017
2026-04-16,EDGX Equities (K),165066622.000000,145565871.000000,542282272.000000,852914765.000000,8440497370.833601,6978813451.218596,18786183669.755591,34205494491.807788,1973212,927095,3620139,6520446
2026-04-16,LTSE (L),550307.000000,253217.000000,1676820.000000,2480344.000000,27790263.035000,10050143.410000,35926876.469000,73767282.914000,6951,1880,18761,27592
2026-04-16,NYSE Texas (M),22753535.000000,18416475.000000,31066503.000000,72236513.000000,1990709670.668500,3912043530.555899,5176732204.138100,11079485405.362499,57295,12897,66177,136369
2026-04-16,NYSE (N),1185987646.000000,83652577.000000,150134810.000000,1419775033.000000,71131563362.383291,4178851966.995300,5769621366.516602,81080036695.895193,6062000,364586,1258378,7684964
2026-04-16,NYSE Arca (P),284832081.000000,455131831.000000,1365225009.000000,2105188921.000000,14750347960.559298,29740718665.044878,32554006751.910303,77045073377.514479,3693477,2379045,8484346,14556868
2026-04-16,NASDAQ (Q),508507275.000000,240622542.000000,1788553411.000000,2537683228.000000,30762644512.690595,18237636628.665901,119985619544.689396,168985900686.045892,7701471,1810257,13437979,22949707
2026-04-16,Members Exchange (U),76756534.000000,74441023.000000,285607771.000000,436805328.000000,3872658790.000501,3806842056.416300,8075165433.118202,15754666279.535003,786929,418719,1319311,2524959
2026-04-16,Investors Exchange (V),267149049.000000,127586019.000000,285365223.000000,680100291.000000,14489934820.989998,6133316964.917901,14373247411.799997,34996499197.707896,3255593,509458,2941164,6706215
2026-04-16,NASDAQ PSX (X),4256329.000000,3431954.000000,6589650.000000,14277933.000000,291585131.699600,400826515.548200,451915471.960500,1144327119.208300,61587,23449,87018,172054
2026-04-16,BYX Equities (Y),33663803.000000,23788985.000000,48476424.000000,105929212.000000,1462590146.387700,1318335893.777599,1737399529.018700,4518325569.183999,399068,156646,493472,1049186
2026-04-16,BZX Equities (Z),190825685.000000,136719815.000000,257460764.000000,585006264.000000,11173321444.113701,9236710230.634903,16721141149.306403,37131172824.055007,2926701,972069,3233995,7132765
2026-04-15,NYSE American (A),7134482.000000,26341517.000000,9210950.000000,42686949.000000,385231842.934600,377644663.663200,512445605.304400,1275322111.902200,78297,84962,85273,248532
2026-04-15,NASDAQ Texas (B),12163861.000000,11133789.000000,24816680.000000,48114330.000000,960266571.598000,620985121.334600,1252083708.426800,2833335401.359400,198708,69584,266222,534514
2026-04-15,NYSE National (C),18542159.000000,11864828.000000,24728281.000000,55135268.000000,920996792.930400,547583616.961400,879462317.492300,2348042727.384100,243420,72508,264479,580407
2026-04-15,FINRA / Nasdaq TRF Chicago (DB),17333690.998030,11403804.774940,45567154.754350,74304650.527320,909084869.831404,678279538.194502,3640807949.647122,5228172357.673028,139190,54046,305892,499128
2026-04-15,FINRA / NYSE TRF (DN),114378807.110508,76442129.409349,334155346.472734,524976282.992591,5341265998.426800,3151203144.641687,8721515388.644208,17213984531.712695,780809,316553,1344702,2442064
2026-04-15,FINRA / Nasdaq TRF Carteret (DQ),2387658244.601903,1549071318.667064,5043161367.823789,8979890931.092756,127988184088.895450,81172110657.429265,223828269478.617630,432988564224.942345,21314669,5995443,28344919,55655031
2026-04-15,24X National Exchange (G),3935913.000000,8690684.000000,22541588.000000,35168185.000000,93115405.312500,134939105.825800,562249157.801700,790303668.940000,14841,13002,41656,69499
2026-04-15,MIAX Pearl (H),23602029.000000,48763001.000000,114673802.000000,187038832.000000,860339844.397900,1709539753.451300,2366623777.974500,4936503375.823700,224981,155736,452322,833039
2026-04-15,EDGA Equities (J),29875074.000000,22821585.000000,148580205.000000,201276864.000000,1483132951.639400,1225274748.788400,2204028877.293699,4912436577.721499,408588,122307,714111,1245006
2026-04-15,EDGX Equities (K),166783463.000000,158636550.000000,507598135.000000,833018148.000000,8201414647.054001,7645968104.576298,21286670625.620099,37134053377.250398,1900421,949686,3604474,6454581
2026-04-15,LTSE (L),477985.000000,264011.000000,1725135.000000,2467131.000000,21347901.160000,13100578.317400,33974171.351000,68422650.828400,5977,1404,18976,26357
2026-04-15,NYSE Texas (M),17970736.000000,16727469.000000,24078776.000000,58776981.000000,1245072255.873400,2331663255.625500,4628018672.707301,8204754184.206201,42400,10427,50155,102982
2026-04-15,NYSE (N),1189108760.000000,78480034.000000,174720482.000000,1442309276.000000,70550032427.747286,4419066033.565700,6483199637.854501,81452298099.167487,6041920,360374,1290171,7692465
2026-04-15,NYSE Arca (P),284757764.000000,480065282.000000,1310377674.000000,2075200720.000000,14082475556.470702,30733094588.769703,36217175071.977113,81032745217.217518,3595224,2453312,8846437,14894973
2026-04-15,NASDAQ (Q),511418098.000000,233371408.000000,1780603082.000000,2525392588.000000,30120669001.998801,18003057895.876194,130221085305.488400,178344812203.363395,7582378,1761244,13513432,22857054
2026-04-15,Members Exchange (U),70738943.000000,73641902.000000,326582517.000000,470963362.000000,3474489596.547101,4189585659.488199,9002416082.139502,16666491338.174802,710654,410682,1320195,2441531
2026-04-15,Investors Exchange (V),272923311.000000,126281005.000000,306936735.000000,706141051.000000,14402341606.689004,6154219039.027800,15720846314.728001,36277406960.444805,3212686,490622,2964580,6667888
2026-04-15,NASDAQ PSX (X),4778093.000000,3483429.000000,7425688.000000,15687210.000000,334591219.716600,462954829.465600,633409470.181200,1430955519.363400,64222,24344,93101,181667
2026-04-15,BYX Equities (Y),32152830.000000,21818931.000000,53889890.000000,107861651.000000,1484894354.196500,1168373413.637099,1923681237.903402,4576949005.737001,431349,138301,528712,1098362
2026-04-15,BZX Equities (Z),196737035.000000,137862577.000000,266737599.000000,601337211.000000,11206029342.425403,9525207560.219403,19212420965.915800,39943657868.560606,2904958,940947,3315020,7160925
2026-04-14,NYSE American (A),4721905.000000,29569327.000000,6530260.000000,40821492.000000,277219777.369400,404340352.100000,373781425.387800,1055341554.857200,56217,99329,61988,217534
2026-04-14,NASDAQ Texas (B),13860926.000000,14816564.000000,22918408.000000,51595898.000000,922335989.909200,680971129.232900,1214997550.028900,2818304669.171000,211345,94712,259300,565357
2026-04-14,NYSE National (C),17450681.000000,13370047.000000,22876600.000000,53697328.000000,732378229.754000,617888991.853200,799490032.796900,2149757254.404100,224841,82256,238944,546041
2026-04-14,FINRA / Nasdaq TRF Chicago (DB),16900399.727170,12885657.270710,52117043.909150,81903100.907030,969699967.703219,679166106.445287,3196185314.006593,4845051388.155099,135609,59791,312171,507571
2026-04-14,FINRA / NYSE TRF (DN),101205580.207946,82106535.857237,233993349.209757,417305465.274940,4987367224.179071,4529628663.926712,7936370062.943502,17453365951.049285,716442,310516,1182323,2209281
2026-04-14,FINRA / Nasdaq TRF Carteret (DQ),2323435516.094268,1926012198.713068,4518645872.374460,8768093587.181796,131496491279.717426,89059281063.383012,217355962113.080894,437911734456.181332,21116258,6780663,26695258,54592179
2026-04-14,24X National Exchange (G),3809857.000000,10014491.000000,20519924.000000,34344272.000000,89732398.466000,133623750.596400,332685245.575400,556041394.637800,13566,14246,37286,65098
2026-04-14,MIAX Pearl (H),22058121.000000,61661919.000000,100561320.000000,184281360.000000,798155125.135000,1696796548.104700,2023189135.724800,4518140808.964500,217084,183701,398747,799532
2026-04-14,EDGA Equities (J),28836345.000000,42452581.000000,108813318.000000,180102244.000000,1374919585.545500,1350150239.161600,2128009386.198200,4853079210.905300,394168,191116,622782,1208066
2026-04-14,EDGX Equities (K),154144498.000000,189865479.000000,496787561.000000,840797538.000000,7950929794.542197,8360297239.839894,20705427210.002704,37016654244.384795,1764185,1138569,3329237,6231991
2026-04-14,LTSE (L),333486.000000,484005.000000,1133608.000000,1951099.000000,18430704.000000,11497058.430000,34995134.680400,64922897.110400,4483,3075,11672,19230
2026-04-14,NYSE Texas (M),20677612.000000,21389480.000000,32835662.000000,74902754.000000,1861043718.713700,2461222705.672300,6519027474.355599,10841293898.741599,28687,9638,38840,77165
2026-04-14,NYSE (N),1131793553.000000,83640201.000000,171355450.000000,1386789204.000000,67317426607.238209,4451983204.856500,6138349224.324901,77907759036.419610,5859180,394924,1245580,7499684
2026-04-14,NYSE Arca (P),271264313.000000,661193621.000000,1099888001.000000,2032345935.000000,13879281658.117103,33756514092.980308,33385849882.878030,81021645633.975441,3354645,3129317,7165397,13649359
2026-04-14,NASDAQ (Q),485204557.000000,259742484.000000,1712836772.000000,2457783813.000000,29215001982.550101,19033391075.753601,122119857164.759936,170368250223.063638,7266246,1951733,12754724,21972703
2026-04-14,Members Exchange (U),68110081.000000,109127631.000000,293302693.000000,470540405.000000,3434207601.613100,4408720342.507198,8642430194.028498,16485358138.148796,666998,475985,1216626,2359609
2026-04-14,Investors Exchange (V),251830508.000000,127895382.000000,281089038.000000,660814928.000000,13589405452.595900,6397085359.941701,14934745010.772299,34921235823.309900,3059084,525339,2801910,6386333
2026-04-14,NASDAQ PSX (X),5702135.000000,4005984.000000,7221317.000000,16929436.000000,349934980.456300,452407003.973400,532615884.700700,1334957869.130400,69232,27202,89625,186059
2026-04-14,BYX Equities (Y),32045492.000000,26309202.000000,50139695.000000,108494389.000000,1362782852.621400,1342377644.018400,1820544540.485200,4525705037.125000,406386,159653,484119,1050158
2026-04-14,BZX Equities (Z),192310477.000000,149969976.000000,262129275.000000,604409728.000000,10945736421.630798,10023913072.139496,17400966774.556797,38370616268.327091,2837956,989452,3147042,6974450
2026-04-13,NYSE American (A),4398305.000000,28891307.000000,6055480.000000,39345092.000000,242312089.770500,472534961.070600,326702347.878700,1041549398.719800,55214,89250,55466,199930
2026-04-13,NASDAQ Texas (B),12917071.000000,11162304.000000,18329506.000000,42408881.000000,878892900.770500,645860730.107900,1030578641.368400,2555332272.246800,198368,76869,234077,509314
2026-04-13,NYSE National (C),16075986.000000,13065328.000000,20741848.000000,49883162.000000,634480930.168100,609544946.644300,684196893.319700,1928222770.132100,217626,77127,235071,529824
2026-04-13,FINRA / Nasdaq TRF Chicago (DB),14400535.858710,11153382.462550,34452677.990450,60006596.311710,796526997.769267,591229509.719290,2718773360.334002,4106529867.822559,117860,52061,253420,423341
2026-04-13,FINRA / NYSE TRF (DN),92276637.438517,70642076.492239,196344299.696362,359263013.627118,4579752982.967919,2772693246.309321,6609387412.362954,13961833641.640194,656372,274553,1028962,1959887
2026-04-13,FINRA / Nasdaq TRF Carteret (DQ),2120517788.294127,1556748404.175840,3905381576.350640,7582647768.820607,115389674264.477605,83401127083.293591,181692239651.622815,380483040999.394011,20063519,5978918,25072253,51114690
2026-04-13,24X National Exchange (G),4162864.000000,11339946.000000,26110237.000000,41613047.000000,81634121.590000,185341970.166700,323864055.170800,590840146.927500,13160,17831,34151,65142
2026-04-13,MIAX Pearl (H),21721397.000000,54987823.000000,91976693.000000,168685913.000000,793029172.988700,1991272248.544701,1933112977.668699,4717414399.202100,214531,183972,401294,799797
2026-04-13,EDGA Equities (J),23363969.000000,26424321.000000,80564190.000000,130352480.000000,1079052035.980200,1244709258.002300,1549755194.104899,3873516488.087399,325044,135627,514856,975527
2026-04-13,EDGX Equities (K),137745647.000000,165022584.000000,408922897.000000,711691128.000000,7013784214.164299,8000840265.155391,16622122970.103705,31636747449.423395,1563714,1003374,3081469,5648557
2026-04-13,LTSE (L),482714.000000,148721.000000,1867237.000000,2498672.000000,22469850.168600,8135897.377800,34101043.145900,64706790.692300,5807,1097,21459,28363
2026-04-13,NYSE Texas (M),11145157.000000,12145083.000000,18713445.000000,42003685.000000,1115714122.097600,1600884613.126000,2650416676.934800,5367015412.158400,29284,9123,35316,73723
2026-04-13,NYSE (N),1182347679.000000,84290710.000000,146245778.000000,1412884167.000000,70945039574.870106,4349368537.963201,5408740096.997501,80703148209.830808,5943515,389474,1174014,7507003
2026-04-13,NYSE Arca (P),245285948.000000,533064834.000000,887750455.000000,1666101237.000000,12489744017.472399,32555739130.052121,29636686543.317271,74682169690.841791,3013695,2653079,6821699,12488473
2026-04-13,NASDAQ (Q),444231308.000000,245064550.000000,1606869839.000000,2296165697.000000,27372451586.269601,18379461341.276909,109598053255.210486,155349966182.756996,6819763,1804554,12053918,20678235
2026-04-13,Members Exchange (U),59530223.000000,88045059.000000,225146100.000000,372721382.000000,2937449971.506699,4639696426.303101,6832659346.960201,14409805744.770001,616274,441902,1120920,2179096
2026-04-13,Investors Exchange (V),236939368.000000,115424046.000000,254333606.000000,606697020.000000,12696434455.815704,5842682175.206999,12692274932.968302,31231391563.991005,2846618,463766,2567457,5877841
2026-04-13,NASDAQ PSX (X),6524908.000000,4132874.000000,9664365.000000,20322147.000000,495840395.854200,452499169.842400,656251287.628200,1604590853.324800,96342,26609,113938,236889
2026-04-13,BYX Equities (Y),30383209.000000,22988085.000000,43881617.000000,97252911.000000,1287505226.979200,1253501698.703300,1592113865.492300,4133120791.174800,384557,140035,469305,993897
2026-04-13,BZX Equities (Z),185227038.000000,149662260.000000,240881494.000000,575770792.000000,11061251316.301598,9270712678.895293,15442433711.069096,35774397706.265987,2818595,952489,3053087,6824171
2026-04-10,NYSE American (A),4062809.000000,22580705.000000,5299789.000000,31943303.000000,231678351.437000,320201899.565000,313713634.795500,865593885.797500,48392,73650,52408,174450
2026-04-10,NASDAQ Texas (B),11059257.000000,9572550.000000,20569535.000000,41201342.000000,795656964.574300,521784305.965500,1105283542.501900,2422724813.041700,175128,66820,243247,485195
2026-04-10,NYSE National (C),16298776.000000,10820627.000000,18881798.000000,46001201.000000,624506219.052100,485147336.395000,671377794.618100,1781031350.065200,202036,71143,218343,491522
2026-04-10,FINRA / Nasdaq TRF Chicago (DB),12566610.375260,9185386.711540,35260444.828210,57012441.915010,690281483.497707,521430937.384026,2847423504.618019,4059135925.499752,107622,46488,254146,408256
2026-04-10,FINRA / NYSE TRF (DN),88817060.202261,63850729.427089,256309220.957656,408977010.587006,4415562439.441874,3123872588.500552,7285313932.301173,14824748960.243599,649265,235267,1092718,1977250
2026-04-10,FINRA / Nasdaq TRF Carteret (DQ),1893133577.154001,1428377601.156582,4354905415.369365,7676416593.679948,106103642178.994961,68991299693.773863,182672263917.914229,357767205790.683053,19224260,5379372,25384274,49987906
2026-04-10,24X National Exchange (G),3682499.000000,6990313.000000,19186835.000000,29859647.000000,48273986.605000,84551243.834800,244909490.095100,377734720.534900,8091,8947,28366,45404
2026-04-10,MIAX Pearl (H),18472113.000000,42003003.000000,102519764.000000,162994880.000000,676385792.728200,1542922029.949500,1865097175.503800,4084404998.181500,174831,159229,390990,725050
2026-04-10,EDGA Equities (J),23627189.000000,21034847.000000,117763937.000000,162425973.000000,1100116474.471500,1041042694.741300,1618248008.011400,3759407177.224200,331508,123593,596614,1051715
2026-04-10,EDGX Equities (K),122875164.000000,135506722.000000,422701138.000000,681083024.000000,6274618207.669199,6570699184.696600,16719103161.878994,29564420554.244793,1422651,875388,2908358,5206397
2026-04-10,LTSE (L),329678.000000,118682.000000,1265995.000000,1714355.000000,16739626.790000,8206349.020000,18094197.350900,43040173.160900,4229,888,11459,16576
2026-04-10,NYSE Texas (M),13553053.000000,14101547.000000,33905681.000000,61560281.000000,1357078447.869500,2514481988.446199,5857354202.509300,9728914638.824999,47083,9060,48156,104299
2026-04-10,NYSE (N),1066428870.000000,76176752.000000,144339892.000000,1286945514.000000,65172476001.330990,3756580309.232300,5889647851.891699,74818704162.454989,5550596,355014,1212871,7118481
2026-04-10,NYSE Arca (P),234209466.000000,423613411.000000,1052139323.000000,1709962200.000000,12275426310.062202,28147030192.767503,30690021186.957800,71112477689.787505,2944204,2262563,6836331,12043098
2026-04-10,NASDAQ (Q),439530176.000000,218242169.000000,1539616832.000000,2197389177.000000,26767233217.690594,16585250057.017800,110078014887.201853,153430498161.910247,6679279,1648021,12359512,20686812
2026-04-10,Members Exchange (U),55974639.000000,68615218.000000,284926563.000000,409516420.000000,3021765454.049901,3318116558.553800,7670571261.055798,14010453273.659499,585946,371009,1167966,2124921
2026-04-10,Investors Exchange (V),234256951.000000,107655696.000000,265750142.000000,607662789.000000,12721062619.370799,5161965301.288502,14492997436.585794,32376025357.245095,2851216,450057,2691658,5992931
2026-04-10,NASDAQ PSX (X),7248350.000000,3835912.000000,10252236.000000,21336498.000000,509453252.590000,375840577.755300,769679325.534400,1654973155.879700,100415,25602,132278,258295
2026-04-10,BYX Equities (Y),29015645.000000,19820246.000000,45413317.000000,94249208.000000,1228935894.349200,1021975862.886800,1595106563.904800,3846018321.140800,379584,124996,467237,971817
2026-04-10,BZX Equities (Z),170574655.000000,128898360.000000,238163153.000000,537636168.000000,10135603779.093202,7872900610.361294,16702085102.850700,34710589492.305196,2607175,851353,3098870,6557398
2026-04-09,NYSE American (A),4447106.000000,27313371.000000,5588518.000000,37348995.000000,221967420.417900,374179820.542900,333915103.933500,930062344.894300,48066,90316,55976,194358
2026-04-09,NASDAQ Texas (B),14282749.000000,13217255.000000,21970591.000000,49470595.000000,878273671.550800,684478273.195100,1129048271.209500,2691800215.955400,207409,82460,265802,555671
2026-04-09,NYSE National (C),17354450.000000,13396266.000000,21625164.000000,52375880.000000,644734657.597200,618605938.846200,727445982.153300,1990786578.596700,222760,80285,254434,557479
2026-04-09,FINRA / Nasdaq TRF Chicago (DB),15139545.081760,11819047.438940,36649595.449470,63608187.970170,793299707.279044,734993558.997284,2910896756.615604,4439190022.891932,114261,52946,255771,422978
2026-04-09,FINRA / NYSE TRF (DN),96925306.270266,86442570.146866,239050283.965333,422418160.382465,4626927016.830701,3370843918.175183,7409684789.455834,15407455724.461718,667082,235919,1047674,1950675
2026-04-09,FINRA / Nasdaq TRF Carteret (DQ),2157762305.734815,1720557643.335936,4208467905.215523,8086787854.286274,116517301887.958910,80265178780.681891,191405518314.996238,388187998983.637039,20281104,5725325,25424985,51431414
2026-04-09,24X National Exchange (G),3664147.000000,12060946.000000,19880540.000000,35605633.000000,51280764.356400,143610619.386300,210070801.637700,404962185.380400,9498,13232,29178,51908
2026-04-09,MIAX Pearl (H),21344024.000000,54256626.000000,92580684.000000,168181334.000000,817334705.899900,1938260858.913500,1932714216.746100,4688309781.559500,218500,183834,408589,810923
2026-04-09,EDGA Equities (J),23622636.000000,37705985.000000,98357741.000000,159686362.000000,1067205253.933800,1386526332.083700,1640341216.272700,4094072802.290200,346603,149659,572680,1068942
2026-04-09,EDGX Equities (K),141866458.000000,166305401.000000,444146404.000000,752318263.000000,6984450405.254903,8544521753.798595,17352324420.459904,32881296579.513402,1664202,1043085,3182518,5889805
2026-04-09,LTSE (L),767718.000000,642657.000000,1976439.000000,3386814.000000,29924933.410000,15372513.456200,33513937.846100,78811384.712300,9664,2508,22268,34440
2026-04-09,NYSE Texas (M),18115224.000000,20368443.000000,23985003.000000,62468670.000000,1623424605.709600,3761201426.635600,3437735847.275600,8822361879.620800,59577,13590,63406,136573
2026-04-09,NYSE (N),1175477085.000000,101463576.000000,172090192.000000,1449030853.000000,68258338932.535888,4739523448.642199,5898231978.951600,78896094360.129687,6129025,419649,1317063,7865737
2026-04-09,NYSE Arca (P),257305139.000000,553902851.000000,1028411400.000000,1839619390.000000,12777691004.859904,35314266773.954378,30552427033.015286,78644384811.829568,3216057,2799799,7087581,13103437
2026-04-09,NASDAQ (Q),501337200.000000,286451646.000000,1677490006.000000,2465278852.000000,29272742105.285013,22092736280.817606,112656732757.484955,164022211143.587574,7666555,2115595,13288857,23071007
2026-04-09,Members Exchange (U),62848939.000000,98479986.000000,299835432.000000,461164357.000000,3047913203.796600,4532829057.038398,7239641609.527703,14820383870.362701,642743,480294,1241778,2364815
2026-04-09,Investors Exchange (V),254509528.000000,128834737.000000,274206320.000000,657550585.000000,13515174163.170798,6317819643.481198,14149365040.414797,33982358847.066793,3089398,505657,2818950,6414005
2026-04-09,NASDAQ PSX (X),7012788.000000,3937143.000000,9036418.000000,19986349.000000,518629889.655500,440007478.602600,745012777.533700,1703650145.791800,106083,25602,124271,255956
2026-04-09,BYX Equities (Y),34486210.000000,25139489.000000,49087406.000000,108713105.000000,1406132526.500400,1346229186.213700,1834596119.220000,4586957831.934100,424085,143619,526519,1094223
2026-04-09,BZX Equities (Z),185746175.000000,170162098.000000,261914452.000000,617822725.000000,10577042385.842603,10544627424.946101,16150290189.056901,37271959999.845605,2876649,1133072,3217044,7226765
2026-04-08,NYSE American (A),5823414.000000,38975506.000000,6686852.000000,51485772.000000,316056919.684300,678837895.549600,420614485.811700,1415509301.045600,61061,103718,62548,227327
2026-04-08,NASDAQ Texas (B),16124173.000000,14299790.000000,26250221.000000,56674184.000000,1154536844.355100,862584172.828600,1438032986.599500,3455154003.783200,238131,99559,288910,626600
2026-04-08,NYSE National (C),20458208.000000,14941869.000000,25761549.000000,61161626.000000,881035198.803400,742790782.850000,937060090.915300,2560886072.568700,267498,101315,277779,646592
2026-04-08,FINRA / Nasdaq TRF Chicago (DB),15589970.236110,14420034.434760,36142637.324280,66152641.995150,881172606.515455,909006190.235912,3009596315.417456,4799775112.168823,129368,66987,263833,460188
2026-04-08,FINRA / NYSE TRF (DN),108192601.013399,97420238.337380,345969738.935442,551582578.286221,5585013000.019850,4355875311.005990,9433346921.506301,19374235232.532141,813413,361543,1339429,2514385
2026-04-08,FINRA / Nasdaq TRF Carteret (DQ),2492370207.175479,2028036444.333320,5051236713.367301,9571643364.876100,134026972922.481897,110577777515.151544,217513759047.260311,462118509484.893752,22706681,6958676,27243325,56908682
2026-04-08,24X National Exchange (G),4490969.000000,12205715.000000,21835670.000000,38532354.000000,83168407.305000,178033182.834700,512443142.148000,773644732.287700,13116,15684,34246,63046
2026-04-08,MIAX Pearl (H),23826245.000000,63919205.000000,125025841.000000,212771291.000000,852221493.029400,2741987101.457900,2185469038.911700,5779677633.399000,234681,248285,444857,927823
2026-04-08,EDGA Equities (J),29908065.000000,35269893.000000,136742883.000000,201920841.000000,1446951392.232400,1906840013.000700,2059778127.036600,5413569532.269700,430249,199698,614332,1244279
2026-04-08,EDGX Equities (K),176125480.000000,233040662.000000,518824849.000000,927990991.000000,9008031312.580696,12229499278.756407,20853213882.256307,42090744473.593410,2047668,1433942,3599608,7081218
2026-04-08,LTSE (L),646425.000000,356031.000000,2447182.000000,3449638.000000,26583191.105000,11799585.150800,36347432.403700,74730208.659500,9045,1910,21792,32747
2026-04-08,NYSE Texas (M),19680032.000000,16828055.000000,26545980.000000,63054067.000000,1646324856.682399,2669082707.633700,3865835202.014801,8181242766.330900,59894,13378,60372,133644
2026-04-08,NYSE (N),1498429041.000000,127987048.000000,179708991.000000,1806125080.000000,87695950054.491716,7045011309.710500,7562868177.110001,102303829541.312217,7009429,562776,1450505,9022710
2026-04-08,NYSE Arca (P),325972237.000000,787549418.000000,1277704207.000000,2391225862.000000,17184451456.916605,53588826452.426639,39637294611.630980,110410572520.974224,3919723,3681536,7889486,15490745
2026-04-08,NASDAQ (Q),612160007.000000,387180174.000000,2043057490.000000,3042397671.000000,37630139428.196795,32128994004.208892,144762169788.914343,214521303221.320030,9118848,2864921,14709122,26692891
2026-04-08,Members Exchange (U),74777987.000000,113352160.000000,365462431.000000,553592578.000000,3637054213.113000,5899796447.464501,8904280720.302302,18441131380.879803,743152,558870,1312448,2614470
2026-04-08,Investors Exchange (V),300382232.000000,153164382.000000,298300815.000000,751847429.000000,16455935905.423002,8592132581.869802,16311100321.001695,41359168808.294499,3506527,638896,3040214,7185637
2026-04-08,NASDAQ PSX (X),9270726.000000,5489080.000000,10385924.000000,25145730.000000,767593307.345500,748681942.489100,1000548175.913900,2516823425.748500,139255,37433,148559,325247
2026-04-08,BYX Equities (Y),37635650.000000,28656881.000000,58401353.000000,124693884.000000,1748155098.952200,1743601808.209601,2211534972.265201,5703291879.427002,471653,180101,540746,1192500
2026-04-08,BZX Equities (Z),231745420.000000,214463350.000000,292632135.000000,738840905.000000,13637839646.080595,15138086175.888311,20335656759.849499,49111582581.818405,3459332,1418921,3606162,8484415
2026-04-07,NYSE American (A),6099928.000000,33091555.000000,7829960.000000,47021443.000000,327377636.817900,573154274.002600,457835452.700300,1358367363.520800,65266,107527,70584,243377
2026-04-07,NASDAQ Texas (B),12593102.000000,14827239.000000,26206387.000000,53626728.000000,878856992.130700,939143545.225800,1104268489.954800,2922269027.311300,202304,100130,256805,559239
2026-04-07,NYSE National (C),17563271.000000,16999229.000000,22534128.000000,57096628.000000,635830895.498300,798567358.671200,765223142.353400,2199621396.522900,221321,105262,249216,575799
2026-04-07,FINRA / Nasdaq TRF Chicago (DB),10941010.225570,10223947.633140,36514189.921710,57679147.780420,554875592.669598,623666336.881890,2226730625.676120,3405272555.227608,89644,47930,194748,332322
2026-04-07,FINRA / NYSE TRF (DN),89755727.009572,65747857.056174,291691038.965992,447194623.031738,4567789386.687004,3253082885.713014,6153416410.696666,13974288683.096684,637857,245557,977287,1860701
2026-04-07,FINRA / Nasdaq TRF Carteret (DQ),2012152933.305868,1604594801.624434,5278098398.722940,8894846133.653242,105794331281.577459,79833818837.594772,164939623813.759470,350567773932.931701,18888033,5960469,23445718,48294220
2026-04-07,24X National Exchange (G),5042074.000000,13567381.000000,19533612.000000,38143067.000000,61953715.580000,216277508.227000,364449953.952500,642681177.759500,10595,18280,29649,58524
2026-04-07,MIAX Pearl (H),19641444.000000,68644506.000000,134409276.000000,222695226.000000,660898325.927500,2702145874.788600,2025923078.146000,5388967278.862100,195523,253451,419916,868890
2026-04-07,EDGA Equities (J),22560222.000000,31754999.000000,210539580.000000,264854801.000000,1013522500.112500,1642422600.580300,1715981895.957499,4371926996.650299,333942,166080,636161,1136183
2026-04-07,EDGX Equities (K),135937578.000000,204622366.000000,721919710.000000,1062479654.000000,6374182442.668300,10579434608.702902,16295213347.428412,33248830398.799614,1595161,1362651,3183118,6140930
2026-04-07,LTSE (L),674175.000000,415305.000000,3251300.000000,4340780.000000,24219435.005000,15429898.704100,27650550.995300,67299884.704400,7916,2265,18017,28198
2026-04-07,NYSE Texas (M),12860795.000000,16586019.000000,21342143.000000,50788957.000000,1404234653.354300,2097067608.983401,2878633450.497003,6379935712.834704,51817,15958,53773,121548
2026-04-07,NYSE (N),1112402502.000000,119932212.000000,168249896.000000,1400584610.000000,61330552729.162801,5839178400.902900,6080635473.706801,73250366603.772502,5627046,536388,1256393,7419827
2026-04-07,NYSE Arca (P),249199125.000000,631224733.000000,1712649647.000000,2593073505.000000,12194485232.068500,43530844153.175416,31532152430.889800,87257481816.133716,3077606,3501223,6798575,13377404
2026-04-07,NASDAQ (Q),473974318.000000,346908122.000000,1679783858.000000,2500666298.000000,26730389000.591905,26745004385.641603,102563902500.946972,156039295887.180480,7286586,2689530,12627553,22603669
2026-04-07,Members Exchange (U),62132372.000000,114243534.000000,487297550.000000,663673456.000000,2849198322.643500,5465882135.521198,6626795622.135000,14941876080.299698,609545,566529,1287942,2464016
2026-04-07,Investors Exchange (V),231728426.000000,137695445.000000,261667623.000000,631091494.000000,11926837056.873097,7075458675.423401,11908950491.496397,30911246223.792895,2896590,539528,2533695,5969813
2026-04-07,NASDAQ PSX (X),5725045.000000,4749069.000000,7213026.000000,17687140.000000,467621190.556000,678646810.073200,707042212.222600,1853310212.851800,95719,35867,110876,242462
2026-04-07,BYX Equities (Y),29763578.000000,30428415.000000,53505829.000000,113697822.000000,1230520768.840100,1759368099.129000,1788960678.563900,4778849546.533000,383473,176211,461024,1020708
2026-04-07,BZX Equities (Z),175277255.000000,193167604.000000,308831781.000000,677276640.000000,9133324041.181704,11741989399.342798,13647796554.175906,34523109994.700408,2678930,1318044,2941778,6938752
2026-04-06,NYSE American (A),4470237.000000,28917504.000000,5619344.000000,39007085.000000,196572458.259800,413825506.144500,330475497.458200,940873461.862500,48422,90067,56219,194708
2026-04-06,NASDAQ Texas (B),9649613.000000,10056881.000000,19645481.000000,39351975.000000,721815921.849700,557115563.912800,970653043.478700,2249584529.241200,163078,75504,219970,458552
2026-04-06,NYSE National (C),13327072.000000,11574549.000000,17786083.000000,42687704.000000,545111108.783800,498605456.417300,609183533.564400,1652900098.765500,176730,80648,211652,469030
2026-04-06,FINRA / Nasdaq TRF Chicago (DB),10880717.525960,9914946.946500,29902265.009830,50697929.482290,476852482.904997,510841840.218733,2104017355.410627,3091711678.534357,83782,48125,197605,329512
2026-04-06,FINRA / NYSE TRF (DN),74877266.035713,54565073.672915,224554722.966388,353997062.675016,3408303427.243644,1981732971.207038,5170722813.989199,10560759212.439881,516554,237703,919069,1673326
2026-04-06,FINRA / Nasdaq TRF Carteret (DQ),1726882797.792730,1457786236.136080,3979754586.329900,7164423620.258710,84424370139.153717,70515653347.567724,150159636806.000057,305099660292.721498,16838982,5937767,22420656,45197405
2026-04-06,24X National Exchange (G),3883165.000000,11531854.000000,19388178.000000,34803197.000000,38628046.552000,138314513.185600,315712805.760900,492655365.498500,7421,12944,26165,46530
2026-04-06,MIAX Pearl (H),16750975.000000,52973039.000000,113062529.000000,182786543.000000,536367386.112200,1601250785.946300,1510241071.145700,3647859243.204200,165450,175721,347599,688770
2026-04-06,EDGA Equities (J),18296791.000000,22217407.000000,136860943.000000,177375141.000000,784549636.605800,1064640601.802200,1392430020.231500,3241620258.639500,261067,119639,489504,870210
2026-04-06,EDGX Equities (K),110119056.000000,161023630.000000,421970939.000000,693113625.000000,4906972793.207901,6733193961.090799,13473691421.413909,25113858175.712609,1306260,1026962,2721564,5054786
2026-04-06,LTSE (L),478201.000000,359967.000000,1747484.000000,2585652.000000,17513534.765000,9039641.655000,21766430.381100,48319606.801100,5577,1824,14366,21767
2026-04-06,NYSE Texas (M),11428632.000000,11514887.000000,18702639.000000,41646158.000000,1195868114.445300,1926165705.801000,1963866359.958300,5085900180.204600,33886,9864,36837,80587
2026-04-06,NYSE (N),1037620649.000000,92468540.000000,148788894.000000,1278878083.000000,56297241980.188496,3937226258.967698,5024968069.291102,65259436308.447296,4836744,410311,1104940,6351995
2026-04-06,NYSE Arca (P),192911340.000000,474802129.000000,1081219598.000000,1748933067.000000,9075707476.483601,28360856236.314897,24185465390.363399,61622029103.161897,2485085,2507211,5929771,10922067
2026-04-06,NASDAQ (Q),347905823.000000,243896631.000000,1472242045.000000,2064044499.000000,19303286427.878392,16260814172.586805,89291134299.815389,124855234900.280586,5703543,1881339,10608791,18193673
2026-04-06,Members Exchange (U),46753653.000000,83050946.000000,345631392.000000,475435991.000000,2085437656.343500,3671761825.466999,5397446040.944500,11154645522.754999,482184,434738,1010019,1926941
2026-04-06,Investors Exchange (V),186889655.000000,120569836.000000,224687744.000000,532147235.000000,9175213558.904801,5299063416.832500,10207850375.958504,24682127351.695805,2352372,442504,2216966,5011842
2026-04-06,NASDAQ PSX (X),4079055.000000,2973445.000000,6727664.000000,13780164.000000,336444854.546000,365868802.734900,597997040.743500,1300310698.024400,69427,22759,91425,183611
2026-04-06,BYX Equities (Y),23154079.000000,21107238.000000,45994607.000000,90255924.000000,887939248.652900,1065819229.230800,1539706965.963100,3493465443.846800,294892,139809,407058,841759
2026-04-06,BZX Equities (Z),138749818.000000,148681659.000000,230513271.000000,517944748.000000,7301393887.535803,7897195424.909098,11697309756.925198,26895899069.370099,2231974,985175,2561875,5779024
2026-04-02,NYSE American (A),4902398.000000,29318333.000000,6094122.000000,40314853.000000,239875510.680800,465988955.991300,411648801.709500,1117513268.381600,57688,99774,63396,220858
2026-04-02,NASDAQ Texas (B),12620161.000000,14396089.000000,19055644.000000,46071894.000000,907995443.371400,950028394.859700,1179364356.047600,3037388194.278700,203244,106462,249390,559096
2026-04-02,NYSE National (C),16477937.000000,16841341.000000,20640447.000000,53959725.000000,633951493.877200,765330786.248400,715665599.028800,2114947879.154400,215699,97904,228658,542261
2026-04-02,FINRA / Nasdaq TRF Chicago (DB),13017169.911480,12766597.578470,32758341.155780,58542108.645730,638350167.824800,848111177.792188,2491223559.613774,3977684905.230762,96748,59189,211427,367364
2026-04-02,FINRA / NYSE TRF (DN),89876230.731236,81283087.162533,220286289.981798,391445607.875567,4556222612.193634,3637749497.657389,6652077548.850359,14846049658.701382,640151,343047,1010668,1993866
2026-04-02,FINRA / Nasdaq TRF Carteret (DQ),2056854909.549859,1812346818.790808,3940902298.166165,7810104026.506832,103339930215.799351,95980220250.606657,169121258720.135872,368441409186.541880,19225984,6465214,23225059,48916257
2026-04-02,24X National Exchange (G),5726855.000000,9804051.000000,15476042.000000,31006948.000000,54399850.920000,140742990.828500,292790887.479600,487933729.228100,9301,14354,23091,46746
2026-04-02,MIAX Pearl (H),20298466.000000,67107225.000000,94639314.000000,182045005.000000,684445191.073300,2347178957.459300,1941398910.966301,4973023059.498901,215021,236916,387032,838969
2026-04-02,EDGA Equities (J),26029718.000000,32732149.000000,121108005.000000,179869872.000000,1120156517.030800,1812612378.363000,1708449262.176400,4641218157.570200,353023,188434,581183,1122640
2026-04-02,EDGX Equities (K),145666840.000000,223361472.000000,393486124.000000,762514436.000000,6778140912.466696,9917653766.760494,16311901180.485609,33007695859.712799,1744169,1600327,3001833,6346329
2026-04-02,LTSE (L),915483.000000,473617.000000,1748192.000000,3137292.000000,35302947.525000,19400920.395000,36696988.699300,91400856.619300,12655,2928,19848,35431
2026-04-02,NYSE Texas (M),19170229.000000,12861018.000000,24839382.000000,56870629.000000,1597217215.634600,3128660143.938000,4120896231.433000,8846773591.005600,36090,10826,40696,87612
2026-04-02,NYSE (N),1114412147.000000,127824263.000000,157997098.000000,1400233508.000000,60739592017.236709,5927663428.921900,5891883803.176200,72559139249.334809,5975390,547071,1317981,7840442
2026-04-02,NYSE Arca (P),256120039.000000,683285102.000000,941739783.000000,1881144924.000000,12043359204.323198,42493733186.535919,29475100077.621801,84012192468.480918,3194595,3944133,6401100,13539828
2026-04-02,NASDAQ (Q),505728109.000000,372320577.000000,1610017740.000000,2488066426.000000,27777794467.860611,29138861029.315186,105349373139.337710,162266028636.513507,7751097,3230486,12845581,23827164
2026-04-02,Members Exchange (U),63346387.000000,107571351.000000,279040960.000000,449958698.000000,2898154409.764600,5120418717.491500,7011994087.142203,15030567214.398303,658704,597451,1104173,2360328
2026-04-02,Investors Exchange (V),243602775.000000,127710741.000000,259025285.000000,630338801.000000,12180936152.452103,6668369988.580098,12388286059.954699,31237592200.986900,2971277,565820,2592333,6129430
2026-04-02,NASDAQ PSX (X),6539734.000000,5082919.000000,7504686.000000,19127339.000000,458703051.136400,715362065.015600,690746498.384300,1864811614.536300,107489,41831,123590,272910
2026-04-02,BYX Equities (Y),30993124.000000,29427414.000000,44249501.000000,104670039.000000,1327259515.161600,1594009755.250301,1656095038.082000,4577364308.493901,390459,171936,464194,1026589
2026-04-02,BZX Equities (Z),187922983.000000,194485328.000000,255375956.000000,637784267.000000,10060104726.151304,12203996420.386295,15538514496.254899,37802615642.792498,2917005,1576525,3088759,7582289
2026-04-01,NYSE American (A),5608594.000000,30917154.000000,6458573.000000,42984321.000000,298134531.104900,569147724.962000,379609279.672200,1246891535.739100,67470,100935,62424,230829
2026-04-01,NASDAQ Texas (B),16498595.000000,15597985.000000,22079982.000000,54176562.000000,1289959027.581300,992052876.608800,1497625854.726901,3779637758.917001,260786,119301,295512,675599
2026-04-01,NYSE National (C),21849149.000000,21199784.000000,23982886.000000,67031819.000000,1070272322.723000,1263489743.952100,1286415231.587700,3620177298.262800,271545,135906,281769,689220
2026-04-01,FINRA / Nasdaq TRF Chicago (DB),15535121.590560,13672807.919610,34379588.948190,63587518.458360,822789690.604287,800859938.911879,2717031823.871546,4340681453.387712,128954,65588,242830,437372
2026-04-01,FINRA / NYSE TRF (DN),88289742.252827,90203762.075839,265718697.195151,444212201.523817,4548622629.159055,4416391227.883291,7378608946.184586,16343622803.226932,683622,377046,1177313,2237981
2026-04-01,FINRA / Nasdaq TRF Carteret (DQ),2481676315.780523,1986719926.892736,4219955354.301682,8688351596.974941,133356438811.043561,112819644389.675208,197266118251.666098,443442201452.384867,22015485,7140476,25563038,54718999
2026-04-01,24X National Exchange (G),4802262.000000,13745404.000000,20839058.000000,39386724.000000,63401921.140000,222115713.079000,513751301.472200,799268935.691200,10529,18393,30857,59779
2026-04-01,MIAX Pearl (H),24715995.000000,73459939.000000,83620600.000000,181796534.000000,900451988.869900,3594791851.373099,2605244516.381800,7100488356.624799,261617,323141,433182,1017940
2026-04-01,EDGA Equities (J),32476962.000000,36868872.000000,89456952.000000,158802786.000000,1515247240.593200,2823567108.661499,2610337899.170600,6949152248.425299,463953,231920,598828,1294701
2026-04-01,EDGX Equities (K),170943975.000000,223972419.000000,458520706.000000,853437100.000000,8721942593.052999,13333050201.349003,19906310193.188894,41961302987.590896,2041071,1743678,3413793,7198542
2026-04-01,LTSE (L),488189.000000,173742.000000,612406.000000,1274337.000000,29832105.720000,11389236.775000,28632765.454200,69854107.949200,4977,1060,5866,11903
2026-04-01,NYSE Texas (M),18289333.000000,26705150.000000,23906222.000000,68900705.000000,1762597798.723500,4062250224.412500,3488408558.343801,9313256581.479801,40411,14211,42992,97614
2026-04-01,NYSE (N),1304127075.000000,156104690.000000,186499266.000000,1646731031.000000,71756722619.722577,9600630319.363300,7304960130.163199,88662313069.249076,7118446,747036,1433947,9299429
2026-04-01,NYSE Arca (P),321013173.000000,761741339.000000,1022969530.000000,2105724042.000000,15774008284.843805,62957231595.416499,39888600151.739119,118619840031.999423,3822337,4321890,7384443,15528670
2026-04-01,NASDAQ (Q),591087705.000000,435730731.000000,1710470506.000000,2737288942.000000,35870921665.376706,41420939575.944096,126455656712.557074,203747517953.877876,8836113,3761906,14202869,26800888
2026-04-01,Members Exchange (U),75771968.000000,124245062.000000,280239730.000000,480256760.000000,3686971243.623400,7253914913.816898,8972536478.750004,19913422636.190302,780164,755472,1209951,2745587
2026-04-01,Investors Exchange (V),280710916.000000,173999193.000000,283047344.000000,737757453.000000,15131920958.082204,9630326785.947798,15095559489.278002,39857807233.308004,3334153,699109,2811916,6845178
2026-04-01,NASDAQ PSX (X),8891812.000000,5494490.000000,10038898.000000,24425200.000000,652601197.262000,789352148.309900,952482415.816400,2394435761.388300,134356,40335,154249,328940
2026-04-01,BYX Equities (Y),38817986.000000,35469869.000000,45592208.000000,119880063.000000,1660301228.933900,2245868316.082897,2356483759.474001,6262653304.490798,479344,232156,545884,1257384
2026-04-01,BZX Equities (Z),225972060.000000,253641001.000000,285862545.000000,765475606.000000,12999329835.653603,17990692147.324704,20209244953.052002,51199266936.030309,3417230,1945519,3522703,8885452
2026-03-31,NYSE American (A),6938750.000000,49370907.000000,8905497.000000,65215154.000000,374551052.567000,943249147.140000,559271706.408600,1877071906.115600,80507,130582,78333,289422
2026-03-31,NASDAQ Texas (B),20165854.000000,17418763.000000,25882804.000000,63467421.000000,1342590862.440800,1183964931.273400,1590889137.898100,4117444931.612300,280282,125306,313192,718780
2026-03-31,NYSE National (C),25080942.000000,23003718.000000,28135275.000000,76219935.000000,1035478260.203500,1145477986.265800,1074031606.700100,3254987853.169400,286925,136779,299564,723268
2026-03-31,FINRA / Nasdaq TRF Chicago (DB),18020187.988550,14384102.825370,38333486.763800,70737777.577720,859992716.723660,860923686.826230,2759321761.579718,4480238165.129608,125885,65867,248148,439900
2026-03-31,FINRA / NYSE TRF (DN),102497054.595704,102703147.273804,298252775.624782,503452977.494290,4836319684.976158,6091392277.190488,8633318452.991535,19561030415.158181,720840,334183,1056034,2111057
2026-03-31,FINRA / Nasdaq TRF Carteret (DQ),2595815931.619154,2269733470.773369,4849232546.076629,9714781948.469152,136501392158.648052,135047151079.473241,217972629728.260668,489521172966.381961,21892515,7554377,25915083,55361975
2026-03-31,24X National Exchange (G),7638840.000000,17061841.000000,22194858.000000,46895539.000000,82971532.982100,329455676.746200,474013910.408200,886441120.136500,13524,24773,34552,72849
2026-03-31,MIAX Pearl (H),30858648.000000,87398175.000000,112052917.000000,230309740.000000,1044178484.697300,4041728285.083201,2684158970.302699,7770065740.083200,298658,372411,474206,1145275
2026-03-31,EDGA Equities (J),38418378.000000,40997740.000000,121923851.000000,201339969.000000,1589068322.087600,2731144375.417099,2944482586.638699,7264695284.143398,426430,234495,615613,1276538
2026-03-31,EDGX Equities (K),196003497.000000,275335885.000000,547396823.000000,1018736205.000000,8829095061.539301,15636599408.339706,21126269957.020312,45591964426.899319,2201538,2058194,3603003,7862735
2026-03-31,LTSE (L),562497.000000,875580.000000,1163455.000000,2601532.000000,29337896.685000,47772074.942200,32518741.712000,109628713.339200,6138,1296,7295,14729
2026-03-31,NYSE Texas (M),20664304.000000,13970613.000000,26493835.000000,61128752.000000,1940707788.890501,2510853265.440399,3998506404.533699,8450067458.864599,46838,17421,47849,112108
2026-03-31,NYSE (N),1743973413.000000,205986134.000000,215865005.000000,2165824552.000000,97725940347.798090,13065265804.979897,9256290463.188501,120047496615.966488,7625766,970491,1663041,10259298
2026-03-31,NYSE Arca (P),352563006.000000,980628588.000000,1307962600.000000,2641154194.000000,16547795431.379604,80111191339.043322,45246404015.193305,141905390785.616231,4093488,5501159,7871979,17466626
2026-03-31,NASDAQ (Q),663215624.000000,570867036.000000,2294363152.000000,3528445812.000000,38079537771.949112,56213885510.466078,174598244397.952963,268891667680.368153,9647162,4920955,16269140,30837257
2026-03-31,Members Exchange (U),83717465.000000,152622308.000000,329637633.000000,565977406.000000,3819941992.062901,8925563190.249596,8838611440.335202,21584116622.647699,822600,920693,1317125,3060418
2026-03-31,Investors Exchange (V),306742890.000000,195873424.000000,323631033.000000,826247347.000000,15606536586.510501,11016213718.202797,17248538236.992502,43871288541.705800,3461756,790994,3085025,7337775
2026-03-31,NASDAQ PSX (X),9994822.000000,7729850.000000,12268291.000000,29992963.000000,757204554.296100,1244658499.652200,1148560709.326900,3150423763.275200,152228,60099,179324,391651
2026-03-31,BYX Equities (Y),46341525.000000,40196431.000000,58429345.000000,144967301.000000,1879477048.246100,2547715249.610698,2567356369.554801,6994548667.411599,532580,243667,606423,1382670
2026-03-31,BZX Equities (Z),257050192.000000,315043421.000000,347573305.000000,919666918.000000,13496408421.768299,21725137797.244517,22507383754.431599,57728929973.444415,3627132,2385752,3890157,9903041
2026-03-30,NYSE American (A),7025678.000000,35741545.000000,7955028.000000,50722251.000000,354536552.952800,682419340.848100,519390923.519200,1556346817.320100,74464,108383,73989,256836
2026-03-30,NASDAQ Texas (B),15145582.000000,12875492.000000,22171677.000000,50192751.000000,1035771324.600300,932567272.721300,1221443519.300400,3189782116.622000,236194,101984,266939,605117
2026-03-30,NYSE National (C),20869832.000000,16780468.000000,23398005.000000,61048305.000000,780966243.931000,857905162.172400,834256579.472200,2473127985.575600,250172,105129,257415,612716
2026-03-30,FINRA / Nasdaq TRF Chicago (DB),13571907.565880,10870437.423560,33934738.773050,58377083.762490,704695168.089858,635669137.098406,2352805059.722812,3693169364.911076,120139,60691,245832,426662
2026-03-30,FINRA / NYSE TRF (DN),97723601.009288,79376033.951849,258812776.064644,435912411.025781,4535834348.006368,4816165417.070392,7070429743.481913,16422429508.558673,717981,340332,1106529,2164842
2026-03-30,FINRA / Nasdaq TRF Carteret (DQ),2310758784.109665,1848806180.781512,4406390760.731647,8565955725.622824,122569152280.204672,105401617698.823145,190921040786.245979,418891810765.273796,21336001,7012999,26259947,54608947
2026-03-30,24X National Exchange (G),5612540.000000,14827649.000000,23020213.000000,43460402.000000,79768244.785000,282858504.968000,595032951.372300,957659701.125300,11823,19479,36665,67967
2026-03-30,MIAX Pearl (H),24790710.000000,68553429.000000,85816877.000000,179161016.000000,918264046.283500,3074812265.571600,2289655115.895500,6282731427.750600,272149,288250,424045,984444
2026-03-30,EDGA Equities (J),32285981.000000,32255459.000000,90573042.000000,155114482.000000,1327280390.072000,1843677843.201799,1842388997.284100,5013347230.557899,439496,196063,560698,1196257
2026-03-30,EDGX Equities (K),165313092.000000,200047592.000000,469048533.000000,834409217.000000,7643707510.514998,12224186364.355700,18374578493.182499,38242472368.053197,2045044,1655972,3525615,7226631
2026-03-30,LTSE (L),589349.000000,204776.000000,847914.000000,1642039.000000,35767205.975000,13560336.890000,40834717.422000,90162260.287000,5969,1140,6235,13344
2026-03-30,NYSE Texas (M),14053169.000000,14600072.000000,33336465.000000,61989706.000000,1013044549.930000,3174627709.043000,4240660525.458901,8428332784.431901,52459,13955,50816,117230
2026-03-30,NYSE (N),1379207887.000000,145890521.000000,207924091.000000,1733022499.000000,76616364510.501212,8928655063.865301,8147711950.436600,93692731524.803113,7092985,714240,1564240,9371465
2026-03-30,NYSE Arca (P),295914182.000000,681481767.000000,1141382998.000000,2118778947.000000,13980580761.698705,50637833304.084379,36659697848.260011,101278111914.043095,3701538,4130912,7461648,15294098
2026-03-30,NASDAQ (Q),563965704.000000,400059710.000000,1808910202.000000,2772935616.000000,32812152207.861103,38144604007.966611,129753373605.726080,200710129821.553794,8803456,3528018,15022693,27354167
2026-03-30,Members Exchange (U),72693453.000000,121620666.000000,267874038.000000,462188157.000000,3492723402.972200,6664682380.678702,7766532653.192503,17923938436.843405,783702,761036,1236799,2781537
2026-03-30,Investors Exchange (V),269213209.000000,146184894.000000,286532305.000000,701930408.000000,13804778891.204200,7993232930.305393,14830981988.703097,36628993810.212690,3294151,629438,2836380,6759969
2026-03-30,NASDAQ PSX (X),6888903.000000,4360287.000000,8528334.000000,19777524.000000,521891109.711100,696012901.194700,773719406.096900,1991623417.002700,103787,34636,126033,264456
2026-03-30,BYX Equities (Y),36754267.000000,28444089.000000,49676939.000000,114875295.000000,1515851107.971200,1882394104.922098,2080167554.899900,5478412767.793198,458819,192834,536679,1188332
2026-03-30,BZX Equities (Z),216670286.000000,224573439.000000,300065673.000000,741309398.000000,11673791173.865604,15790843582.303306,19509018721.897297,46973653478.066207,3407718,1805052,3646665,8859435
2026-03-27,NYSE American (A),5578176.000000,32619141.000000,6500204.000000,44697521.000000,255824135.787900,547050508.985000,391293197.310000,1194167842.082900,60122,102153,64002,226277
2026-03-27,NASDAQ Texas (B),16365926.000000,13059878.000000,22437263.000000,51863067.000000,1102697495.533000,875503908.960600,1241982636.823900,3220184041.317500,246233,105408,276141,627782
2026-03-27,NYSE National (C),20029434.000000,19315449.000000,23519819.000000,62864702.000000,790939605.387200,1082732885.213300,1066337024.487500,2940009515.088000,251195,114725,264821,630741
2026-03-27,FINRA / Nasdaq TRF Chicago (DB),15050423.255730,13445427.523440,35630745.571940,64126596.351110,706803899.781988,776077127.057982,2440930938.998626,3923811965.838596,120448,64433,243939,428820
2026-03-27,FINRA / NYSE TRF (DN),91686118.745310,81516771.525167,221122684.350769,394325574.621246,4198085015.801474,3854559044.227364,6770781095.738248,14823425155.767086,729438,343777,1098612,2171827
2026-03-27,FINRA / Nasdaq TRF Carteret (DQ),2321173847.523624,1854748491.318851,4059187443.931873,8235109782.774348,115124419472.613702,104799308215.478448,181172625866.584658,401096353554.676808,20781043,7348525,25902277,54031845
2026-03-27,24X National Exchange (G),5114194.000000,10278268.000000,17701475.000000,33093937.000000,63409125.027000,183381573.647300,443026250.344400,689816949.018700,12549,15799,32140,60488
2026-03-27,MIAX Pearl (H),23523826.000000,56306659.000000,79668391.000000,159498876.000000,800428504.002200,3209658542.938000,2410294847.346700,6420381894.286900,252036,296180,427252,975468
2026-03-27,EDGA Equities (J),32087109.000000,32728298.000000,111724608.000000,176540015.000000,1345397700.007800,2079018731.470901,2270504479.747300,5694920911.226001,431630,205585,606761,1243976
2026-03-27,EDGX Equities (K),161747709.000000,206030243.000000,441196337.000000,808974289.000000,7526607828.733803,12817341787.825709,18705954455.145489,39049904071.705001,1947312,1679764,3568939,7196015
2026-03-27,LTSE (L),658500.000000,133240.000000,1620248.000000,2411988.000000,32155097.670000,10104012.345000,22127269.507500,64386379.522500,5260,1172,6112,12544
2026-03-27,NYSE Texas (M),14709835.000000,14648712.000000,27523282.000000,56881829.000000,1274636468.142900,2282581416.644000,3862070299.349801,7419288184.136701,45608,11994,46320,103922
2026-03-27,NYSE (N),1267477815.000000,129183360.000000,163873315.000000,1560534490.000000,70268160828.660103,8681895163.424800,7695455104.023701,86645511096.108604,6746904,683113,1430148,8860165
2026-03-27,NYSE Arca (P),292129128.000000,716502879.000000,1151639186.000000,2160271193.000000,13643128720.971393,53767211899.963010,39773262942.107112,107183603563.041515,3619895,4286636,7491786,15398317
2026-03-27,NASDAQ (Q),540341975.000000,411145365.000000,1728014146.000000,2679501486.000000,31832764017.014999,39040701529.099716,125392133588.801486,196265599134.916201,8324027,3600067,14424458,26348552
2026-03-27,Members Exchange (U),70214364.000000,107654972.000000,266258178.000000,444127514.000000,3343022008.792100,6683792361.239798,7744285259.231803,17771099629.263701,764300,729995,1249347,2743642
2026-03-27,Investors Exchange (V),255972246.000000,143053719.000000,282006310.000000,681032275.000000,13443399814.394599,8111690351.548798,14728176543.191897,36283266709.135294,3151617,637451,2766370,6555438
2026-03-27,NASDAQ PSX (X),7088624.000000,5436238.000000,8487526.000000,21012388.000000,536293941.895100,831545080.002500,863536621.294000,2231375643.191600,105474,39510,124679,269663
2026-03-27,BYX Equities (Y),35378230.000000,31045950.000000,50734268.000000,117158448.000000,1478472673.466700,2120297231.441698,2005803507.032900,5604573411.941298,446784,199965,506888,1153637
2026-03-27,BZX Equities (Z),204050845.000000,235646699.000000,294985787.000000,734683331.000000,11451502994.945399,16250570274.175208,19697353445.026517,47399426714.147124,3171701,1843194,3587806,8602701
2026-03-26,NYSE American (A),5516517.000000,34158931.000000,6747358.000000,46422806.000000,291735496.637600,623863500.456000,467490015.357800,1383089012.451400,64203,107507,70421,242131
2026-03-26,NASDAQ Texas (B),15178647.000000,13994164.000000,20135267.000000,49308078.000000,1069494561.777400,938675184.896500,1360631570.158600,3368801316.832500,231420,106003,273658,611081
2026-03-26,NYSE National (C),18234613.000000,18786900.000000,21566884.000000,58588397.000000,746073534.118500,957951259.404300,952880163.061800,2656904956.584600,238604,107397,259088,605089
2026-03-26,FINRA / Nasdaq TRF Chicago (DB),13787160.698540,10849989.320930,31457070.091810,56094220.111280,664304344.923377,593913980.761170,2628849191.371221,3887067517.055768,102224,55261,234704,392189
2026-03-26,FINRA / NYSE TRF (DN),88297194.631507,80824460.997584,199378291.900084,368499947.529175,4171318283.321271,4222144668.768561,6910779645.425092,15304242597.514924,674100,375843,1011017,2060960
2026-03-26,FINRA / Nasdaq TRF Carteret (DQ),2079563974.417336,1694480031.549428,3720963604.411748,7495007610.378512,106465459380.873503,89076365701.670977,188482602600.105701,384024427682.650181,19453390,6717538,25197402,51368330
2026-03-26,24X National Exchange (G),5657697.000000,9640248.000000,17018738.000000,32316683.000000,62725707.636000,176564674.890900,375658970.700200,614949353.227100,10959,13398,36173,60530
2026-03-26,MIAX Pearl (H),20172471.000000,52061608.000000,57473122.000000,129707201.000000,750940828.818200,2980636429.839100,2445943200.112001,6177520458.769301,227342,292461,423792,943595
2026-03-26,EDGA Equities (J),29648248.000000,33195204.000000,74732136.000000,137575588.000000,1265295777.883200,2307083436.825901,2388253202.852500,5960632417.561601,397782,219005,561518,1178305
2026-03-26,EDGX Equities (K),139536063.000000,205362850.000000,341727919.000000,686626832.000000,7046737309.912200,12258141175.671286,18950075812.515800,38254954298.099286,1753659,1701146,3358420,6813225
2026-03-26,LTSE (L),563177.000000,357391.000000,537499.000000,1458067.000000,25003879.495000,24590569.750000,24770373.065900,74364822.310900,4608,1119,5970,11697
2026-03-26,NYSE Texas (M),19681627.000000,15437637.000000,33715245.000000,68834509.000000,1537731198.008100,2160281282.964599,3703970911.815599,7401983392.788298,46102,13164,49205,108471
2026-03-26,NYSE (N),1176883191.000000,126783090.000000,150273372.000000,1453939653.000000,67585662309.051616,8465508648.547999,8427880277.861901,84479051235.461516,6357119,671478,1472423,8501020
2026-03-26,NYSE Arca (P),270147662.000000,691447766.000000,793184296.000000,1754779724.000000,12895088314.590704,54661641036.865700,39575274320.986818,107132003672.443222,3316066,4414400,7221085,14951551
2026-03-26,NASDAQ (Q),512360953.000000,387853340.000000,1718297764.000000,2618512057.000000,30555225202.511393,37931400140.892005,135505726395.292236,203992351738.695634,7930073,3582035,14865825,26377933
2026-03-26,Members Exchange (U),64167596.000000,99820621.000000,211125793.000000,375114010.000000,3105484121.771800,6451422197.921498,8365158107.633798,17922064427.327096,685609,729066,1235168,2649843
2026-03-26,Investors Exchange (V),246479306.000000,143347016.000000,268310120.000000,658136442.000000,12975065070.475099,7627624991.883507,15755851186.657995,36358541249.016601,3019690,625374,2770221,6415285
2026-03-26,NASDAQ PSX (X),6374439.000000,5018771.000000,10204188.000000,21597398.000000,435867057.977100,828267417.334200,783119419.699100,2047253895.010400,92438,36680,129463,258581
2026-03-26,BYX Equities (Y),34760709.000000,30969609.000000,46375901.000000,112106219.000000,1456832490.332900,2154050178.386099,2107513434.685701,5718396103.404700,437513,193254,523885,1154652
2026-03-26,BZX Equities (Z),187379024.000000,219225732.000000,264820941.000000,671425697.000000,10653776079.662899,16236557041.678595,20511416652.391698,47401749773.733192,2964727,1882883,3529637,8377247
2026-03-25,NYSE American (A),5351077.000000,31853424.000000,7049223.000000,44253724.000000,264461238.033300,478502996.622500,346290955.596600,1089255190.252400,62387,117182,63860,243429
2026-03-25,NASDAQ Texas (B),13861349.000000,13341245.000000,20305338.000000,47507932.000000,948073511.630800,792840470.116800,1244735212.805900,2985649194.553500,214867,104218,273706,592791
2026-03-25,NYSE National (C),18805007.000000,14806052.000000,22461008.000000,56072067.000000,736408359.960800,808559115.955200,784774335.085400,2329741811.001400,235299,97758,256696,589753
2026-03-25,FINRA / Nasdaq TRF Chicago (DB),13295425.726850,10119532.308860,38076810.042830,61491768.078540,700961664.901316,644762713.011073,2426788368.598447,3772512746.510836,105544,47297,235713,388554
2026-03-25,FINRA / NYSE TRF (DN),89824950.890833,83789625.188900,225875068.765719,399489644.845452,4190938845.876358,3575718575.069673,6764569928.630608,14531227349.576639,697518,308281,1032512,2038311
2026-03-25,FINRA / Nasdaq TRF Carteret (DQ),2129799155.246526,1804513783.784058,3781442505.106439,7715755444.137023,108662703936.370679,106218134364.539106,176175682127.053976,391056520427.963761,19291812,5910695,23910985,49113492
2026-03-25,24X National Exchange (G),5651215.000000,11562535.000000,16940805.000000,34154555.000000,68884697.768600,287200027.610400,443926945.692100,800011671.071100,12483,19469,35464,67416
2026-03-25,MIAX Pearl (H),23029590.000000,63082453.000000,83463245.000000,169575288.000000,825322954.982700,2914007761.022900,2215102189.398699,5954432905.404299,242556,273363,428312,944231
2026-03-25,EDGA Equities (J),29725957.000000,35596634.000000,99865165.000000,165187756.000000,1240974900.950400,2023314040.130499,1969352150.716600,5233641091.797499,390581,201382,585032,1176995
2026-03-25,EDGX Equities (K),146689130.000000,217879481.000000,384754358.000000,749322969.000000,7311207157.091798,11478462039.900300,18890749208.163202,37680418405.155300,1806212,1633107,3208178,6647497
2026-03-25,LTSE (L),465214.000000,474974.000000,862366.000000,1802554.000000,27793220.630000,27429493.300000,35641876.145200,90864590.075200,4821,988,7622,13431
2026-03-25,NYSE Texas (M),18956678.000000,19860547.000000,21235246.000000,60052471.000000,1900856246.114700,2623218726.229000,2835810513.615202,7359885485.958902,44552,12594,48002,105148
2026-03-25,NYSE (N),1186482144.000000,135705725.000000,168764140.000000,1490952009.000000,68162715154.903105,8947005439.216305,7528893007.209698,84638613601.329108,6633128,701943,1451647,8786718
2026-03-25,NYSE Arca (P),278186312.000000,730457733.000000,863204634.000000,1871848679.000000,13904815235.880300,53390691056.164921,39323750578.866110,106619256870.911331,3528837,4131677,7054173,14714687
2026-03-25,NASDAQ (Q),522513950.000000,408872758.000000,1686877854.000000,2618264562.000000,31422562075.165692,38622950650.312591,117581380972.523725,187626893698.002008,8161974,3623094,14266026,26051094
2026-03-25,Members Exchange (U),71042199.000000,145180079.000000,275147823.000000,491370101.000000,3501074840.256600,6485942351.921299,8131845134.124592,18118862326.302491,722495,717506,1234732,2674733
2026-03-25,Investors Exchange (V),233419940.000000,143669178.000000,265077396.000000,642166514.000000,12462307303.726099,7527267850.891997,13762483025.283704,33752058179.901800,2897549,570506,2617479,6085534
2026-03-25,NASDAQ PSX (X),6528152.000000,4674008.000000,9665838.000000,20867998.000000,492177041.297100,654533088.999100,794344634.248100,1941054764.544300,95772,36722,125319,257813
2026-03-25,BYX Equities (Y),33633303.000000,28212558.000000,45564801.000000,107410662.000000,1392193677.482900,1774287433.563201,1925834035.430100,5092315146.476201,417686,179262,513073,1110021
2026-03-25,BZX Equities (Z),195182470.000000,237541458.000000,286331795.000000,719055723.000000,11257673790.316899,15309620006.661398,18835590705.630818,45402884502.609115,3076023,1820079,3461288,8357390
2026-03-24,NYSE American (A),6090288.000000,43508598.000000,7723312.000000,57322198.000000,316418434.698200,868581444.177400,417384627.890900,1602384506.766500,71112,115786,71452,258350
2026-03-24,NASDAQ Texas (B),14162729.000000,15382901.000000,21056691.000000,50602321.000000,973332663.051000,1072195280.837300,1078148396.970700,3123676340.859000,213171,121063,262895,597129
2026-03-24,NYSE National (C),18420254.000000,18599327.000000,22749803.000000,59769384.000000,844429889.898700,962785893.904500,760987002.119300,2568202785.922500,240523,112597,243884,597004
2026-03-24,FINRA / Nasdaq TRF Chicago (DB),13842626.605360,10441162.637500,31935103.484220,56218892.727080,798427192.915474,622868680.710671,2318701911.371311,3739997784.997456,110882,48469,214070,373421
2026-03-24,FINRA / NYSE TRF (DN),82596752.159239,84735583.119105,229432462.342474,396764797.620818,4312663876.283405,3857353816.580366,6404058936.527012,14574076629.390783,681330,347929,982859,2012118
2026-03-24,FINRA / Nasdaq TRF Carteret (DQ),2273994227.062781,1854728808.953225,3998718168.797903,8127441204.813909,123804056349.256097,106048807219.843751,181445617906.316493,411298481475.416341,20250256,6239071,23854749,50344076
2026-03-24,24X National Exchange (G),6827976.000000,12133375.000000,16774568.000000,35735919.000000,87310044.975000,708494633.409000,467853817.244300,1263658495.628300,14505,25537,38083,78125
2026-03-24,MIAX Pearl (H),22128465.000000,69417764.000000,87167447.000000,178713676.000000,881299478.022400,3536795907.300297,2087030901.152802,6505126286.475499,246184,325531,430680,1002395
2026-03-24,EDGA Equities (J),31929434.000000,35777758.000000,173477331.000000,241184523.000000,1485771364.816700,2275347766.964600,2018049264.133300,5779168395.914600,424998,212292,668962,1306252
2026-03-24,EDGX Equities (K),154428567.000000,216234244.000000,393554778.000000,764217589.000000,7990497052.486499,13425004896.255794,18112412341.319698,39527914290.061991,1869890,1729153,3179777,6778820
2026-03-24,LTSE (L),471088.000000,358881.000000,1129680.000000,1959649.000000,24856126.395000,22413081.355000,42488507.760300,89757715.510300,5569,1216,6925,13710
2026-03-24,NYSE Texas (M),24743372.000000,17639907.000000,23937305.000000,66320584.000000,1811213173.259000,2310656958.490000,3120464633.831298,7242334765.580298,53897,16874,54523,125294
2026-03-24,NYSE (N),1412575442.000000,145948337.000000,181059470.000000,1739583249.000000,79399271468.682810,9907769617.142697,7722635574.563199,97029676660.388706,6737258,758417,1421878,8917553
2026-03-24,NYSE Arca (P),277472186.000000,709582476.000000,915244840.000000,1902299502.000000,14135177749.304503,55413089733.550216,34529388036.215172,104077655519.069891,3442968,4312528,6679661,14435157
2026-03-24,NASDAQ (Q),517123741.000000,432630892.000000,1797425275.000000,2747179908.000000,31396603465.793391,40819290671.655794,118475069662.834779,190690963800.283964,7988189,3802930,13671310,25462429
2026-03-24,Members Exchange (U),71274926.000000,123558322.000000,300217519.000000,495050767.000000,3601606449.279100,7086808081.090898,7266025742.148900,17954440272.518898,727567,765563,1264027,2757157
2026-03-24,Investors Exchange (V),261780100.000000,167214881.000000,276109128.000000,705104109.000000,13742514072.555001,9185544956.451798,13688054492.849703,36616113521.856502,3169684,675043,2710313,6555040
2026-03-24,NASDAQ PSX (X),7654698.000000,6029988.000000,9240072.000000,22924758.000000,547350267.388600,1088742404.122301,715754459.778300,2351847131.289201,109737,47125,130354,287216
2026-03-24,BYX Equities (Y),36269891.000000,31627148.000000,54461149.000000,122358188.000000,1673090558.851900,2139512325.573600,2073883992.805299,5886486877.230799,460313,202132,524061,1186506
2026-03-24,BZX Equities (Z),202477629.000000,252832937.000000,294734776.000000,750045342.000000,11689769297.664098,16927865141.422198,17680972980.682795,46298607419.769091,3124367,1970638,3320626,8415631
2026-03-23,NYSE American (A),6418164.000000,54577197.000000,8408770.000000,69404131.000000,344451684.320800,1089340895.744900,519043680.603300,1952836260.669000,77320,148356,73456,299132
2026-03-23,NASDAQ Texas (B),17368546.000000,24246565.000000,22381340.000000,63996451.000000,1165440677.419600,1620669365.936300,1402068455.832400,4188178499.188300,256537,169241,284056,709834
2026-03-23,NYSE National (C),23207146.000000,26268032.000000,25521057.000000,74996235.000000,1035539267.512300,1385268935.891400,1078777970.733700,3499586174.137400,292166,146695,282528,721389
2026-03-23,FINRA / Nasdaq TRF Chicago (DB),15886575.293130,15457635.511800,33659442.422870,65003653.227800,813477614.246511,860509718.541972,2490398869.431986,4164386202.220469,124098,70173,232398,426669
2026-03-23,FINRA / NYSE TRF (DN),96153743.794186,129420911.890871,230565108.475294,456139764.160351,4777735862.784937,6446037522.991194,7990528269.857453,19214301655.633584,794564,551700,1190462,2536726
2026-03-23,FINRA / Nasdaq TRF Carteret (DQ),2461572075.758134,2488768644.726432,3954073783.827493,8904414504.312059,129643858963.098123,148591135218.706360,192949300176.988279,471184294358.792762,22040926,8260910,24987774,55289610
2026-03-23,24X National Exchange (G),7839629.000000,15600433.000000,23110918.000000,46550980.000000,97879264.084200,1092389530.394900,583048725.192100,1773317519.671200,16227,40090,40689,97006
2026-03-23,MIAX Pearl (H),23890176.000000,83744888.000000,83678914.000000,191313978.000000,867899077.998800,4601711145.249400,2606230067.206900,8075840290.455100,267970,427540,452520,1148030
2026-03-23,EDGA Equities (J),35214577.000000,71467288.000000,102118336.000000,208800201.000000,1628563973.671500,3393376445.504800,2417997589.334200,7439938008.510500,508773,315488,668459,1492720
2026-03-23,EDGX Equities (K),184662166.000000,309230853.000000,429773182.000000,923666201.000000,9334734067.687101,19789919123.975095,22788480386.415408,51913133578.077604,2232041,2572316,3672512,8476869
2026-03-23,LTSE (L),538185.000000,186797.000000,824110.000000,1549092.000000,31593568.590000,13191966.540000,32857502.058600,77643037.188600,5912,1555,6352,13819
2026-03-23,NYSE Texas (M),20521235.000000,23311390.000000,27787171.000000,71619796.000000,1561062793.042800,2834292459.879800,3240672629.254400,7636027882.177000,37054,18607,41765,97426
2026-03-23,NYSE (N),1557222269.000000,191624121.000000,209817078.000000,1958663468.000000,86803631962.545718,13697088491.253600,9708117889.855997,110208838343.655315,7444003,1069219,1563480,10076702
2026-03-23,NYSE Arca (P),333831436.000000,1131064721.000000,988594959.000000,2453491116.000000,16375543644.752303,83235759427.817491,44966232661.269302,144577535733.839096,3993890,6305414,7488649,17787953
2026-03-23,NASDAQ (Q),637511784.000000,649325774.000000,1987483775.000000,3274321333.000000,37655511179.950503,58688969055.927126,146889032787.077581,243233513022.955210,9489232,5499290,15431403,30419925
2026-03-23,Members Exchange (U),81394029.000000,216462780.000000,285085913.000000,582942722.000000,3995251636.344300,10581300230.728001,9886868708.635491,24463420575.707792,836241,1116099,1422606,3374946
2026-03-23,Investors Exchange (V),303585419.000000,195540634.000000,309693930.000000,808819983.000000,15472753985.611297,11529321794.914800,15596373791.178398,42598449571.704495,3518614,867190,2898527,7284331
2026-03-23,NASDAQ PSX (X),8481271.000000,7991597.000000,9946402.000000,26419270.000000,543081595.449000,1186065362.415200,896091527.269800,2625238485.134000,125967,66223,152615,344805
2026-03-23,BYX Equities (Y),42362511.000000,48088438.000000,51217229.000000,141668178.000000,1846757887.210600,3089512307.646902,2468038154.359800,7404308349.217302,522803,272910,565840,1361553
2026-03-23,BZX Equities (Z),240807489.000000,370489994.000000,325952125.000000,937249608.000000,13681987086.666901,24862763894.649909,22473319951.649686,61018070932.966496,3692412,2716047,3870830,10279289
2026-03-20,NYSE American (A),5568760.000000,206346014.000000,7020435.000000,218935209.000000,305508643.846300,2116074255.033500,419049101.134600,2840632000.014400,64916,149437,59385,273738
2026-03-20,NASDAQ Texas (B),18245590.000000,19251270.000000,22696782.000000,60193642.000000,1219647900.060300,1380892940.376600,1443694238.601400,4044235079.038300,262564,146892,282679,692135
2026-03-20,NYSE National (C),23481388.000000,24044020.000000,24549554.000000,72074962.000000,915671573.887900,1267357540.466100,925498495.606100,3108527609.960100,281902,137717,269561,689180
2026-03-20,FINRA / Nasdaq TRF Chicago (DB),16258219.589770,13100865.468120,31061601.163480,60420686.221370,825188281.637084,694136157.849022,2378563961.483910,3897888400.970016,136650,65828,231728,434206
2026-03-20,FINRA / NYSE TRF (DN),102716418.793732,125755724.290790,230633663.525454,459105806.609976,5296123122.357119,6352648547.616564,8973982809.979185,20622754479.952868,763506,402766,1053150,2219422
2026-03-20,FINRA / Nasdaq TRF Carteret (DQ),3604980242.986128,2466653491.992062,4816738163.554817,10888371898.533007,224880165673.620145,145923054571.211293,264790596366.995368,635593816611.826806,22212591,8208605,24745542,55166738
2026-03-20,24X National Exchange (G),7078338.000000,13804267.000000,15530323.000000,36412928.000000,78364423.125000,404590589.190800,369800055.636500,852755067.952300,15493,27849,33676,77018
2026-03-20,MIAX Pearl (H),27141779.000000,82310287.000000,75520372.000000,184972438.000000,1002090437.735100,4510533714.254900,2278247629.276699,7790871781.266699,285647,392670,416785,1095102
2026-03-20,EDGA Equities (J),37438028.000000,74780131.000000,76370877.000000,188589036.000000,1617900930.547400,3030647055.669300,2032978377.043300,6681526363.260000,475671,295364,539460,1310495
2026-03-20,EDGX Equities (K),182199956.000000,274961325.000000,426906480.000000,884067761.000000,8911273003.378396,15609572718.281403,20685377450.141896,45206223171.801695,2219622,2048111,3566453,7834186
2026-03-20,LTSE (L),528494.000000,687723.000000,964213.000000,2180430.000000,27160253.110000,18257022.923600,43534962.780900,88952238.814500,5685,1653,7033,14371
2026-03-20,NYSE Texas (M),39437530.000000,45541702.000000,70223022.000000,155202254.000000,5814539689.631100,10790733170.876198,11482807007.530198,28088079868.037496,34876,15358,34316,84550
2026-03-20,NYSE (N),4687985135.000000,174894439.000000,185055784.000000,5047935358.000000,295862741261.927380,12616862828.913904,8897694372.048398,317377298462.889682,7551930,918681,1477971,9948582
2026-03-20,NYSE Arca (P),341702069.000000,1000198729.000000,895170137.000000,2237070935.000000,16940887253.912798,75443581830.999711,42626776028.763409,135011245113.675918,4394510,5322329,7257747,16974586
2026-03-20,NASDAQ (Q),647051933.000000,549977425.000000,4441065022.000000,5638094380.000000,38992472416.294400,51783316761.834019,305254367650.834415,396030156828.962834,9812922,4514505,15634120,29961547
2026-03-20,Members Exchange (U),85718301.000000,185990191.000000,238651559.000000,510360051.000000,4227825024.522101,8618014884.185305,8820972725.300400,21666812634.007806,914683,955000,1360422,3230105
2026-03-20,Investors Exchange (V),292296021.000000,196158586.000000,290997288.000000,779451895.000000,15316657896.623403,10846047651.355505,15341576669.919499,41504282217.898407,3474363,814232,2813632,7102227
2026-03-20,NASDAQ PSX (X),9427383.000000,7429524.000000,10259727.000000,27116634.000000,712728736.880300,1278443673.383600,915847631.705500,2907020041.969400,140336,58355,156223,354914
2026-03-20,BYX Equities (Y),45280957.000000,45966584.000000,50847560.000000,142095101.000000,1910816168.725700,2972003584.384900,2335147903.543400,7217967656.654000,520811,256565,547916,1325292
2026-03-20,BZX Equities (Z),244823085.000000,322950691.000000,309393777.000000,877167553.000000,14198018895.395700,22355611088.302701,21742843171.258408,58296473154.956809,3700196,2327496,3749750,9777442
2026-03-19,NYSE American (A),6826506.000000,61406332.000000,7331019.000000,75563857.000000,356538399.637500,1077813018.833100,458894729.515800,1893246147.986400,75776,167000,63949,306725
2026-03-19,NASDAQ Texas (B),21764461.000000,20552171.000000,23785788.000000,66102420.000000,1308723167.474100,1334141462.668899,1364323625.963700,4007188256.106699,283156,151097,291303,725556
2026-03-19,NYSE National (C),23712383.000000,25829282.000000,24744096.000000,74285761.000000,937805351.871800,1128680393.707800,887162783.643500,2953648529.223100,282077,143011,272594,697682
2026-03-19,FINRA / Nasdaq TRF Chicago (DB),17493011.871610,16140077.421120,31157761.823060,64790851.115790,905016941.289709,883599219.737953,2546266138.249323,4334882299.276985,131440,73638,217620,422698
2026-03-19,FINRA / NYSE TRF (DN),124486455.345853,118657857.984351,239596172.772914,482740486.103118,5979133551.637677,5910745018.466598,7743524787.968909,19633403358.073184,815065,454111,1044726,2313902
2026-03-19,FINRA / Nasdaq TRF Carteret (DQ),2568773535.084734,2391375516.943237,3971150252.985013,8931299305.012984,133686675246.716435,119599615140.069721,188174112843.987730,441460403230.773886,22803886,8179275,24271069,55254230
2026-03-19,24X National Exchange (G),5967521.000000,15830175.000000,15929764.000000,37727460.000000,74484360.314000,452594349.848000,253620196.128100,780698906.290100,13641,32409,30053,76103
2026-03-19,MIAX Pearl (H),25309594.000000,90811789.000000,80209037.000000,196330420.000000,998834729.662800,4578689084.136399,2770855885.907099,8348379699.706298,263253,439541,416434,1119228
2026-03-19,EDGA Equities (J),36177640.000000,49378188.000000,96596584.000000,182152412.000000,1729216848.897300,2970284391.877601,2370805582.137700,7070306822.912601,493185,292555,599736,1385476
2026-03-19,EDGX Equities (K),179922827.000000,292119276.000000,429528994.000000,901571097.000000,9258145049.213200,16811794594.365996,19711887940.824614,45781827584.403810,2283894,2431870,3646337,8362101
2026-03-19,LTSE (L),551508.000000,619362.000000,860867.000000,2031737.000000,32893862.535000,49323141.666000,35773904.938900,117990909.139900,5409,1214,5544,12167
2026-03-19,NYSE Texas (M),13813614.000000,20740540.000000,22741879.000000,57296033.000000,1299896096.375000,3703801390.197799,3136001298.317900,8139698784.890699,33273,17480,33082,83835
2026-03-19,NYSE (N),1396944065.000000,203604867.000000,195137918.000000,1795686850.000000,78723602012.201102,13030967338.897308,9283643040.512198,101038212391.610608,7343847,1025930,1472845,9842622
2026-03-19,NYSE Arca (P),330828164.000000,995409349.000000,971189877.000000,2297427390.000000,16637654253.111800,72129336676.919541,39520355461.930799,128287346391.962140,4276454,5864239,7139401,17280094
2026-03-19,NASDAQ (Q),623352431.000000,574032723.000000,1731220856.000000,2928606010.000000,36994691354.231692,49723547542.789809,129375791245.568988,216094030142.590489,9352914,4923934,14184813,28461661
2026-03-19,Members Exchange (U),81687978.000000,175690629.000000,260169165.000000,517547772.000000,4227502479.085601,8867666197.516605,9335382028.799996,22430550705.402202,870038,969859,1345088,3184985
2026-03-19,Investors Exchange (V),315766479.000000,206608435.000000,289737300.000000,812112214.000000,16662076190.292097,10038326588.040099,15487585156.470208,42187987934.802404,3611964,820810,2850859,7283633
2026-03-19,NASDAQ PSX (X),10412277.000000,8367611.000000,9883214.000000,28663102.000000,617159713.854200,1266957590.505400,792137815.112500,2676255119.472100,135609,67267,144559,347435
2026-03-19,BYX Equities (Y),43997642.000000,44170588.000000,49311692.000000,137479922.000000,1907583301.795800,2859369311.771100,2221667411.739500,6988620025.306400,519078,270731,538145,1327954
2026-03-19,BZX Equities (Z),243039537.000000,328579826.000000,286795905.000000,858415268.000000,13866804333.299803,21680207030.111100,19804357983.654701,55351369347.065604,3612331,2564243,3483944,9660518
2026-03-18,NYSE American (A),6245160.000000,79284980.000000,7486358.000000,93016498.000000,292787759.437000,882925422.924600,363256835.429400,1538970017.791000,66990,156295,61409,284694
2026-03-18,NASDAQ Texas (B),16041685.000000,17426201.000000,24204197.000000,57672083.000000,934940728.794600,930694299.446100,1138911155.442000,3004546183.682700,223943,120329,247528,591800
2026-03-18,NYSE National (C),20203594.000000,20477251.000000,22264169.000000,62945014.000000,749956241.265300,741122324.618100,785238748.077400,2276317313.960800,243002,100740,252056,595798
2026-03-18,FINRA / Nasdaq TRF Chicago (DB),14245211.529830,14048934.847800,31100759.138340,59394905.515970,693116784.432534,628457469.297672,2181498656.771815,3503072910.502021,105532,57353,197190,360075
2026-03-18,FINRA / NYSE TRF (DN),100512305.106342,122611918.837439,258364696.728041,481488920.671822,5035971159.612997,4062892921.740500,6889598188.172934,15988462269.526431,735611,422383,1027596,2185590
2026-03-18,FINRA / Nasdaq TRF Carteret (DQ),2262494531.751351,2223716868.277941,4273487009.815185,8759698409.844477,117047554527.002564,101863561979.052659,175139581263.157383,394050697769.212606,20437787,7033155,23103340,50574282
2026-03-18,24X National Exchange (G),4901970.000000,10341498.000000,13955802.000000,29199270.000000,69069708.564000,280633008.125000,284576383.252800,634279099.941800,13730,21849,31552,67131
2026-03-18,MIAX Pearl (H),22261500.000000,67654934.000000,102991796.000000,192908230.000000,868366242.100000,2823569548.185401,1970123514.961601,5662059305.247002,239039,302649,373447,915135
2026-03-18,EDGA Equities (J),31537202.000000,57518721.000000,177977180.000000,267033103.000000,1543193088.434200,1947726663.833001,2091121485.347100,5582041237.614301,425390,231521,581806,1238717
2026-03-18,EDGX Equities (K),152256561.000000,264307336.000000,580588332.000000,997152229.000000,7822553023.005098,11761810995.108004,18329751027.970302,37914115046.083404,1931543,1870953,3298389,7100885
2026-03-18,LTSE (L),384955.000000,580497.000000,1288201.000000,2253653.000000,19090310.735000,32551103.964700,15785384.477000,67426799.176700,4032,1288,4386,9706
2026-03-18,NYSE Texas (M),20424401.000000,15482505.000000,17494821.000000,53401727.000000,1441903709.962900,2247732861.433600,3287820736.130601,6977457307.527101,36981,15441,38406,90828
2026-03-18,NYSE (N),1375884597.000000,146522610.000000,178911345.000000,1701318552.000000,78423787768.045312,8454095586.186002,7257629962.903501,94135513317.134815,6550306,706599,1327530,8584435
2026-03-18,NYSE Arca (P),268230577.000000,873535715.000000,1114138229.000000,2255904521.000000,13392071211.259001,55185542404.971914,33220144475.473514,101797758091.704429,3512480,4475804,6316367,14304651
2026-03-18,NASDAQ (Q),524395130.000000,425123210.000000,1809316433.000000,2758834773.000000,31198652555.484597,34618268839.401505,123615407797.917904,189432329192.804006,8239794,3508464,13233855,24982113
2026-03-18,Members Exchange (U),69785991.000000,161178506.000000,353091726.000000,584056223.000000,3487870828.978900,6090447925.423400,8570876546.426599,18149195300.828899,734607,757884,1222387,2714878
2026-03-18,Investors Exchange (V),254688690.000000,166341888.000000,270804616.000000,691835194.000000,13388262243.085899,8422584414.977700,13046711891.593601,34857558549.657200,3094664,678440,2637987,6411091
2026-03-18,NASDAQ PSX (X),7956843.000000,5582322.000000,7503477.000000,21042642.000000,473157968.037800,705887268.709500,622432658.540000,1801477895.287300,101323,39837,113252,254412
2026-03-18,BYX Equities (Y),36362627.000000,36966137.000000,48325049.000000,121653813.000000,1338145258.002300,1890461647.055399,1780786687.208400,5009393592.266099,417237,212745,471777,1101759
2026-03-18,BZX Equities (Z),196265118.000000,254080279.000000,309017293.000000,759362690.000000,11526168341.746599,15860632727.950895,17055926455.580495,44442727525.277989,3073557,1867884,3156247,8097688
2026-03-17,NYSE American (A),5668712.000000,32058201.000000,7071363.000000,44798276.000000,312475636.587800,600208350.675800,414736888.957400,1327420876.221000,61204,105902,62457,229563
2026-03-17,NASDAQ Texas (B),14935905.000000,9680483.000000,19706333.000000,44322721.000000,924466086.900400,599553902.209200,1089027833.044700,2613047822.154300,214192,77698,249558,541448
2026-03-17,NYSE National (C),17556868.000000,12607012.000000,21040357.000000,51204237.000000,693866511.145600,686283726.612500,766002160.429000,2146152398.187100,227831,76969,242533,547333
2026-03-17,FINRA / Nasdaq TRF Chicago (DB),15896197.518160,9208112.520860,31593565.804120,56697875.843140,742654567.294378,502317148.298958,2269932201.288132,3514903916.881468,115806,46109,209483,371398
2026-03-17,FINRA / NYSE TRF (DN),94063077.279155,70348537.289793,254745809.765470,419157424.334418,4173314493.766051,2948431010.680006,6358311849.557537,13480057354.003594,701377,304671,1048208,2054256
2026-03-17,FINRA / Nasdaq TRF Carteret (DQ),2284511621.083214,1675029730.543703,4216971454.001481,8176512805.628398,114627967088.555128,106608379541.504160,173868347489.899963,395104694119.959251,19809861,5571789,23271907,48653557
2026-03-17,24X National Exchange (G),5103225.000000,8620498.000000,13340730.000000,27064453.000000,50471322.970800,162382752.730000,246791149.835100,459645225.535900,10726,13394,28572,52692
2026-03-17,MIAX Pearl (H),24164150.000000,47459394.000000,87076546.000000,158700090.000000,913505204.434800,2358376568.184700,2252404616.841701,5524286389.461201,251381,225887,425881,903149
2026-03-17,EDGA Equities (J),25147971.000000,24548712.000000,148893299.000000,198589982.000000,1123519908.736800,1530777696.236200,1546797379.798100,4201094984.771100,357281,146659,595896,1099836
2026-03-17,EDGX Equities (K),150728952.000000,165206455.000000,413167104.000000,729102511.000000,7658112947.559597,9215637344.880201,17544385105.956089,34418135398.395887,1837319,1217901,3111296,6166516
2026-03-17,LTSE (L),314353.000000,362118.000000,704518.000000,1380989.000000,21284388.255000,30909044.259000,27386177.877300,79579610.391300,3210,908,4438,8556
2026-03-17,NYSE Texas (M),13876438.000000,14054030.000000,21967372.000000,49897840.000000,1044734651.817100,2564118989.649500,3368414945.529600,6977268586.996200,34803,9585,38016,82404
2026-03-17,NYSE (N),1195367348.000000,106998132.000000,171157279.000000,1473522759.000000,70900164565.657905,6297924264.705498,6550390352.659801,83748479183.023204,6218929,525493,1287896,8032318
2026-03-17,NYSE Arca (P),267590962.000000,558062745.000000,853432014.000000,1679085721.000000,12932980970.731596,40757334907.028187,29180826018.980800,82871141896.740583,3250444,3038897,6012000,12301341
2026-03-17,NASDAQ (Q),492508412.000000,298079455.000000,1585098832.000000,2375686699.000000,29871855295.252902,27227959991.729895,110424141773.801773,167523957060.784570,7542884,2549770,12105230,22197884
2026-03-17,Members Exchange (U),72253546.000000,91131729.000000,317242309.000000,480627584.000000,3606964855.481399,5041202413.434900,7455198342.901295,16103365611.817594,716354,523436,1256451,2496241
2026-03-17,Investors Exchange (V),250934371.000000,129673563.000000,277171788.000000,657779722.000000,13013278171.885296,6363249141.235600,13120945869.237804,32497473182.358700,3004096,507954,2582855,6094905
2026-03-17,NASDAQ PSX (X),5845882.000000,3598890.000000,7215905.000000,16660677.000000,415613211.228000,427530584.115600,600372403.916800,1443516199.260400,87855,25659,107976,221490
2026-03-17,BYX Equities (Y),32429203.000000,22628490.000000,47182267.000000,102239960.000000,1345690691.613500,1444724986.459500,1697831968.307099,4488247646.380099,402422,150259,469075,1021756
2026-03-17,BZX Equities (Z),191740137.000000,180340770.000000,273688237.000000,645769144.000000,11009059211.478499,11831319943.419203,16384893461.213604,39225272616.111306,2896218,1322162,3040081,7258461
2026-03-16,NYSE American (A),5373257.000000,41791369.000000,6911007.000000,54075633.000000,253222834.444400,728858098.334600,393331467.776100,1375412400.555100,55345,120395,61296,237036
2026-03-16,NASDAQ Texas (B),13948672.000000,13366991.000000,20042198.000000,47357861.000000,958652336.637100,774810442.588700,1206904015.857300,2940366795.083100,232370,95384,268012,595766
2026-03-16,NYSE National (C),17831478.000000,16588504.000000,22369561.000000,56789543.000000,710825580.711600,840866447.959600,761088851.359400,2312780880.030600,233292,93523,250084,576899
2026-03-16,FINRA / Nasdaq TRF Chicago (DB),15180403.214710,11369411.778210,33309846.849940,59859661.842860,800108178.656516,600458738.189501,2355080048.936502,3755646965.782519,114128,57307,225729,397164
2026-03-16,FINRA / NYSE TRF (DN),91578637.984834,82240758.627236,200455458.281723,374274854.893793,4038509135.801054,3247422424.718033,6090978270.542639,13376909831.061726,723877,330958,1014484,2069319
2026-03-16,FINRA / Nasdaq TRF Carteret (DQ),2322508454.213726,1909771113.696102,4065149895.592234,8297429463.502062,116044257502.783751,96172426062.116934,182000613705.959121,394217297270.859806,21363506,6805380,25344426,53513312
2026-03-16,24X National Exchange (G),5456925.000000,9225409.000000,12050956.000000,26733290.000000,52891368.397800,231892209.945000,274410322.598600,559193900.941400,11169,18144,29631,58944
2026-03-16,MIAX Pearl (H),22335162.000000,58020666.000000,81123658.000000,161479486.000000,829316734.240400,2972287608.478602,2198556448.547398,6000160791.266400,237135,273237,435943,946315
2026-03-16,EDGA Equities (J),26002901.000000,26797381.000000,90926704.000000,143726986.000000,1133802814.510700,1762342792.554099,1683707130.073800,4579852737.138599,373499,165379,592113,1130991
2026-03-16,EDGX Equities (K),150682061.000000,210473577.000000,370375387.000000,731531025.000000,7574500500.009999,11521009587.885902,19534892652.881695,38630402740.777596,1901344,1595763,3372885,6869992
2026-03-16,LTSE (L),315605.000000,263333.000000,525325.000000,1104263.000000,18811406.865000,19427456.630000,24908341.816400,63147205.311400,3489,882,3447,7818
2026-03-16,NYSE Texas (M),16657129.000000,18142962.000000,16800519.000000,51600610.000000,1118540762.587000,3320497165.241800,2598877451.869498,7037915379.698298,50957,13027,51462,115446
2026-03-16,NYSE (N),1227432140.000000,134513433.000000,185467920.000000,1547413493.000000,69844011824.275992,8454610155.220102,7651941904.277800,85950563883.773894,6184970,651793,1385544,8222307
2026-03-16,NYSE Arca (P),271249949.000000,677011164.000000,794277487.000000,1742538600.000000,13441055543.083405,50110299670.461897,35316179555.877486,98867534769.422788,3402550,3714855,6767477,13884882
2026-03-16,NASDAQ (Q),520821226.000000,378189685.000000,1672709811.000000,2571720722.000000,31164325436.816006,34279486186.387009,119172232615.675161,184616044238.878176,8011543,3297341,12900841,24209725
2026-03-16,Members Exchange (U),70450883.000000,105536540.000000,232638041.000000,408625464.000000,3403432329.157400,5952795168.755799,8145740757.342401,17501968255.255600,721332,627652,1272785,2621769
2026-03-16,Investors Exchange (V),249084003.000000,158552019.000000,277641365.000000,685277387.000000,12756711491.014002,8573610077.131595,14066295905.909899,35396617474.055496,3021645,644595,2672311,6338551
2026-03-16,NASDAQ PSX (X),6042701.000000,4760869.000000,6795818.000000,17599388.000000,373147880.786800,729331699.038700,693284706.494700,1795764286.320200,78608,35102,113105,226815
2026-03-16,BYX Equities (Y),33631112.000000,28890572.000000,47024586.000000,109546270.000000,1511849842.731700,1725915582.992501,1989891727.152200,5227657152.876401,473914,176793,534122,1184829
2026-03-16,BZX Equities (Z),198108008.000000,223139318.000000,278121291.000000,699368617.000000,11292440394.847502,14554932864.945099,18748611572.086903,44595984831.879504,3050537,1661514,3325121,8037172
2026-03-13,NYSE American (A),5915485.000000,42984704.000000,7483148.000000,56383337.000000,335369878.567200,979990307.768900,431820285.192700,1747180471.528800,62799,132865,67159,262823
2026-03-13,NASDAQ Texas (B),16664360.000000,13992933.000000,20277882.000000,50935175.000000,1076591206.245000,951763269.101900,1253979229.336300,3282333704.683200,231270,111096,269434,611800
2026-03-13,NYSE National (C),20236913.000000,19045875.000000,22775649.000000,62058437.000000,790539638.037100,873447743.195700,916909945.918600,2580897327.151400,240396,107746,249956,598098
2026-03-13,FINRA / Nasdaq TRF Chicago (DB),15202230.796700,14986795.438800,32016301.415900,62205327.651400,718611378.213099,754559591.355615,2438239342.813712,3911410312.382426,115978,59352,225188,400518
2026-03-13,FINRA / NYSE TRF (DN),101527688.119972,97626663.039362,237505479.354473,436659830.513807,5101476295.580061,4196551584.349677,7304574684.662325,16602602564.592063,753474,365150,1021159,2139783
2026-03-13,FINRA / Nasdaq TRF Carteret (DQ),2315289140.975921,2099933733.227242,3997368107.487994,8412590981.691157,117364888935.601233,127161100936.420455,179585542161.596211,424111532033.617899,21116917,7289463,24273173,52679553
2026-03-13,24X National Exchange (G),8757825.000000,10025434.000000,14933334.000000,33716593.000000,51837532.985000,337814039.573000,250432647.549500,640084220.107500,10343,17201,24174,51718
2026-03-13,MIAX Pearl (H),21967594.000000,71470345.000000,84396522.000000,177834461.000000,799219888.996700,3581548729.663400,2826159482.911001,7206928101.571101,225946,327915,423451,977312
2026-03-13,EDGA Equities (J),27385185.000000,31868946.000000,83740181.000000,142994312.000000,1239546904.189900,1948010944.784200,1804089301.252700,4991647150.226800,380417,185652,509132,1075201
2026-03-13,EDGX Equities (K),161003530.000000,250971327.000000,389168771.000000,801143628.000000,7779147883.040102,15479896877.566397,18919150723.429700,42178195484.036199,1920611,1851937,3201929,6974477
2026-03-13,LTSE (L),411116.000000,532328.000000,834335.000000,1777779.000000,23143698.370000,50654514.725000,43378998.325600,117177211.420600,4761,984,5642,11387
2026-03-13,NYSE Texas (M),16721731.000000,15903767.000000,22767941.000000,55393439.000000,1342320290.049000,2845754293.403999,2641270555.265199,6829345138.718198,54482,17830,52237,124549
2026-03-13,NYSE (N),1246106113.000000,174217900.000000,222134730.000000,1642458743.000000,66822809367.599197,10847934786.381503,8481294645.999399,86152038799.980099,6627958,805364,1416991,8850313
2026-03-13,NYSE Arca (P),282506672.000000,789525772.000000,772243894.000000,1844276338.000000,13831845053.358501,57229685279.472913,33629027919.453696,104690558252.285110,3427551,4385547,6163070,13976168
2026-03-13,NASDAQ (Q),560837836.000000,464851750.000000,1664605394.000000,2690294980.000000,33098353407.082598,42440849900.724896,114852323845.534331,190391527153.341825,8422329,3979711,13193671,25595711
2026-03-13,Members Exchange (U),71409603.000000,137213712.000000,232680387.000000,441303702.000000,3392199777.567799,7364939986.323199,8368811498.231299,19125951262.122297,697788,770102,1167475,2635365
2026-03-13,Investors Exchange (V),264900582.000000,178043724.000000,293176820.000000,736121126.000000,13281049465.366601,9756716723.288901,13701916951.024001,36739683139.679503,3138565,708828,2705109,6552502
2026-03-13,NASDAQ PSX (X),6447069.000000,5357118.000000,6850038.000000,18654225.000000,520656667.686300,873913752.294600,753811807.258200,2148382227.239100,93761,41810,110968,246539
2026-03-13,BYX Equities (Y),37231125.000000,32550071.000000,47439386.000000,117220582.000000,1635011139.006500,2029426162.145799,2029915341.413800,5694352642.566099,447269,211134,516099,1174502
2026-03-13,BZX Equities (Z),205764622.000000,266991769.000000,281404341.000000,754160732.000000,11253397455.722201,18233774953.339104,18590395519.550501,48077567928.611806,3037856,1915205,3203201,8156262
2026-03-12,NYSE American (A),5649365.000000,41566491.000000,6655353.000000,53871209.000000,282254851.070900,935250535.655900,379508321.555700,1597013708.282500,55667,138782,57072,251521
2026-03-12,NASDAQ Texas (B),19054131.000000,15426206.000000,20618056.000000,55098393.000000,1310970578.326900,981244177.316100,1243248936.262700,3535463691.905700,272407,129732,279529,681668
2026-03-12,NYSE National (C),25987360.000000,21544351.000000,23869114.000000,71400825.000000,1036583141.362800,1193978862.851800,938711008.170600,3169273012.385200,288736,127159,265452,681347
2026-03-12,FINRA / Nasdaq TRF Chicago (DB),19395894.882150,12306445.257300,33574767.022700,65277107.162150,975488739.561764,687234295.633755,2374522763.484659,4037245798.680178,141996,60646,218059,420701
2026-03-12,FINRA / NYSE TRF (DN),129286038.358065,97933639.468997,226483310.794726,453702988.621788,5868691536.762427,4486747734.033792,6663974490.115755,17019413760.911974,868915,387768,1013328,2270011
2026-03-12,FINRA / Nasdaq TRF Carteret (DQ),2694667854.422536,2642431988.999190,4287987388.661746,9625087232.083472,141466600715.247420,172876112300.662464,190168914690.289307,504511627706.199191,23468688,7505564,24571632,55545884
2026-03-12,24X National Exchange (G),7992477.000000,9708297.000000,12019903.000000,29720677.000000,53795576.285000,253516427.972300,186644502.660500,493956506.917800,10874,15590,22219,48683
2026-03-12,MIAX Pearl (H),26642971.000000,76325421.000000,75465808.000000,178434200.000000,1073284604.077600,4103595173.051000,2474840946.265800,7651720723.394400,282123,351063,409916,1043102
2026-03-12,EDGA Equities (J),37756934.000000,35840950.000000,84621256.000000,158219140.000000,1921300728.526600,2463648275.528400,2362292957.039401,6747241961.094401,519793,219878,621957,1361628
2026-03-12,EDGX Equities (K),209702415.000000,261053551.000000,378211357.000000,848967323.000000,10503277324.077798,16414389507.789319,20034908702.181594,46952575534.048711,2454903,1994838,3324201,7773942
2026-03-12,LTSE (L),577880.000000,638677.000000,608168.000000,1824725.000000,34478951.495000,37424091.545000,27905723.511000,99808766.551000,6562,1254,7070,14886
2026-03-12,NYSE Texas (M),22821418.000000,17451183.000000,24142921.000000,64415522.000000,1838404454.977100,2028969833.206000,2212149963.922600,6079524252.105700,54016,17181,50355,121552
2026-03-12,NYSE (N),1389882046.000000,167896749.000000,199775702.000000,1757554497.000000,79533626895.100604,12664395962.011700,8694597318.115506,100892620175.227810,7588736,878645,1488195,9955576
2026-03-12,NYSE Arca (P),358747253.000000,816499924.000000,768012780.000000,1943259957.000000,17259027737.759900,63435983278.812269,36264456308.285794,116959467324.857963,4259393,4734386,6496401,15490180
2026-03-12,NASDAQ (Q),686834813.000000,495396907.000000,1725926936.000000,2908158656.000000,41063946327.090785,48097591998.065698,125891960627.307444,215053498952.463927,10057932,4321219,13898730,28277881
2026-03-12,Members Exchange (U),88090702.000000,137355120.000000,227923245.000000,453369067.000000,4365308751.791200,8534845381.971002,7973944054.950300,20874098188.712502,876621,811085,1247513,2935219
2026-03-12,Investors Exchange (V),312029382.000000,178126834.000000,299490973.000000,789647189.000000,16220470952.027900,10541860086.585001,14518114617.340301,41280445655.953202,3604477,755686,2863632,7223795
2026-03-12,NASDAQ PSX (X),6209063.000000,6352944.000000,6838084.000000,19400091.000000,484162545.967400,1001202368.687899,672822040.787300,2158186955.442599,95696,46274,110580,252550
2026-03-12,BYX Equities (Y),46776476.000000,34034049.000000,50756925.000000,131567450.000000,2124529872.250100,2244789168.994900,2300289735.879500,6669608777.124500,565466,229209,561861,1356536
2026-03-12,BZX Equities (Z),272465317.000000,274024849.000000,280140465.000000,826630631.000000,15835280973.704592,20830073306.545290,19337087003.148699,56002441283.398581,3871723,2113912,3458272,9443907
2026-03-11,NYSE American (A),5496032.000000,33420242.000000,5976665.000000,44892939.000000,271349863.577800,708173468.777100,353464605.238200,1332987937.593100,56623,120056,57246,233925
2026-03-11,NASDAQ Texas (B),18541816.000000,11964724.000000,19073648.000000,49580188.000000,1167786266.611700,688358530.855200,1109075650.865800,2965220448.332700,263911,102528,263336,629775
2026-03-11,NYSE National (C),23077946.000000,13987297.000000,20863130.000000,57928373.000000,775978015.805800,657758571.996800,704477843.127600,2138214430.930200,245710,84549,228770,559029
2026-03-11,FINRA / Nasdaq TRF Chicago (DB),18261132.982360,10515494.486700,32836465.606860,61613093.075920,930735265.424106,543630847.961283,2174573356.349387,3648939469.734776,136617,50449,211573,398639
2026-03-11,FINRA / NYSE TRF (DN),104531624.083342,97058648.409834,243179019.912015,444769292.405191,4676096921.344373,4012889959.959647,5683616472.625049,14372603353.929069,752569,321043,1000956,2074568
2026-03-11,FINRA / Nasdaq TRF Carteret (DQ),2466586821.275425,1759930139.668605,4090320072.719876,8316837033.663906,120562639471.879976,85898624733.726524,164601077689.283764,371062341894.890264,21033114,6142686,23123815,50299615
2026-03-11,24X National Exchange (G),5609164.000000,8023541.000000,11028168.000000,24660873.000000,39389728.005800,143896255.176200,166510422.035700,349796405.217700,7756,10366,18327,36449
2026-03-11,MIAX Pearl (H),25109374.000000,58759539.000000,86720575.000000,170589488.000000,1040538058.451800,2783983808.351699,2073271717.932901,5897793584.736400,268138,265852,401763,935753
2026-03-11,EDGA Equities (J),29352719.000000,25913392.000000,113910484.000000,169176595.000000,1486274664.507300,1589601501.029900,1908785135.355200,4984661300.892400,435242,167984,605529,1208755
2026-03-11,EDGX Equities (K),176096900.000000,231948267.000000,403245850.000000,811291017.000000,8895404883.577099,12478263489.718299,17478447922.936296,38852116296.231694,2089513,1642245,3096114,6827872
2026-03-11,LTSE (L),449781.000000,311019.000000,1061123.000000,1821923.000000,26815237.125000,22220022.750000,48675392.917600,97710652.792600,5076,821,5062,10959
2026-03-11,NYSE Texas (M),21413070.000000,11612409.000000,26887658.000000,59913137.000000,2076881577.887800,2016838977.246700,3925393893.007900,8019114448.142400,45349,14777,46057,106183
2026-03-11,NYSE (N),1254861595.000000,141308130.000000,183251750.000000,1579421475.000000,70522210061.930998,8302635754.009098,6928879461.887700,85753725277.827796,6689882,659294,1327378,8676554
2026-03-11,NYSE Arca (P),310289323.000000,692059296.000000,834844634.000000,1837193253.000000,14940632998.954803,48902505841.465610,32258813669.977400,96101952510.397813,3744793,3899928,6241864,13886585
2026-03-11,NASDAQ (Q),583145017.000000,402361264.000000,1618184495.000000,2603690776.000000,33080994290.486789,36214659880.606394,112306456627.318612,181602110798.411795,8610463,3491648,12894139,24996250
2026-03-11,Members Exchange (U),78296146.000000,108175741.000000,276431153.000000,462903040.000000,4056807759.532198,5464468323.839102,7791300955.798196,17312577039.169496,773828,621771,1221531,2617130
2026-03-11,Investors Exchange (V),257125315.000000,156182395.000000,266580217.000000,679887927.000000,12772780862.302600,7718436486.989306,12188466436.962801,32679683786.254707,3064263,604581,2595003,6263847
2026-03-11,NASDAQ PSX (X),6909075.000000,4132511.000000,6325298.000000,17366884.000000,407592674.684200,580577335.441800,562932431.624000,1551102441.750000,85673,32822,100930,219425
2026-03-11,BYX Equities (Y),41812306.000000,26351611.000000,44543993.000000,112707910.000000,1551536160.245600,1574176352.265400,1741680723.498700,4867393236.009700,455359,180084,469932,1105375
2026-03-11,BZX Equities (Z),218292303.000000,230615786.000000,260653893.000000,709561982.000000,11905495067.229399,15424096651.883209,16509861506.801897,43839453225.914505,3149716,1679326,3061330,7890372
2026-03-10,NYSE American (A),7322413.000000,46225117.000000,8402214.000000,61949744.000000,424007253.360400,948090491.610500,557243344.639300,1929341089.610200,75960,159322,74203,309485
2026-03-10,NASDAQ Texas (B),17979125.000000,16670193.000000,20365445.000000,55014763.000000,1158600125.020500,962550837.827400,1296760428.675500,3417911391.523400,259485,141865,283871,685221
2026-03-10,NYSE National (C),23093543.000000,21213627.000000,23705744.000000,68012914.000000,883088001.818700,1099235600.388800,959894760.398700,2942218362.606200,263202,123493,259671,646366
2026-03-10,FINRA / Nasdaq TRF Chicago (DB),18229994.308800,12420532.396800,34705151.227300,65355677.932900,872187234.095426,717819555.499990,2478127653.222245,4068134442.817661,128833,62773,223279,414885
2026-03-10,FINRA / NYSE TRF (DN),112827119.492984,105108224.593958,239822569.173920,457757913.260862,4964266537.832854,4063195824.880060,6465283129.473433,15492745492.186347,795272,391824,1058455,2245551
2026-03-10,FINRA / Nasdaq TRF Carteret (DQ),2587132122.281611,2184005975.848172,4151093158.360534,8922231256.490317,126748785181.524949,111654318492.149273,184212192714.295867,422615296387.970089,22333374,7385313,24858433,54577120
2026-03-10,24X National Exchange (G),5160750.000000,10773991.000000,13514212.000000,29448953.000000,50189962.672400,334616912.428800,273601830.918800,658408706.020000,8772,20915,28467,58154
2026-03-10,MIAX Pearl (H),27009273.000000,82987930.000000,89843220.000000,199840423.000000,1138611653.529800,4151742758.637400,2875663627.577302,8166018039.744502,292864,379588,448512,1120964
2026-03-10,EDGA Equities (J),35770231.000000,41890632.000000,108816636.000000,186477499.000000,1849749709.822600,2309834829.060300,2648081579.822800,6807666118.705700,499389,255992,645931,1401312
2026-03-10,EDGX Equities (K),191014980.000000,304169394.000000,489236235.000000,984420609.000000,9712482118.772502,16919611105.435897,21256269307.229898,47888362531.438297,2243421,2198945,3537662,7980028
2026-03-10,LTSE (L),646715.000000,198641.000000,1813241.000000,2658597.000000,38519578.910000,15003830.945000,77414510.630500,130937920.485500,6374,953,7764,15091
2026-03-10,NYSE Texas (M),22214108.000000,14849222.000000,19841016.000000,56904346.000000,1537781103.510400,1353845528.004700,2302733996.040600,5194360627.555700,48464,19016,48408,115888
2026-03-10,NYSE (N),1343221152.000000,188395612.000000,224778485.000000,1756395249.000000,73656405646.379000,11026961646.641196,8895231118.517998,93578598411.538194,7299437,910114,1533035,9742586
2026-03-10,NYSE Arca (P),344993574.000000,931796630.000000,946653004.000000,2223443208.000000,17360179037.816902,63460443245.456135,36734767427.656311,117555389710.929348,4081600,5339573,6957607,16378780
2026-03-10,NASDAQ (Q),638603845.000000,561224948.000000,1705800809.000000,2905629602.000000,37154833773.201401,49299966948.771491,119447506154.952076,205902306876.924968,9454959,4876964,13948772,28280695
2026-03-10,Members Exchange (U),89390810.000000,157526787.000000,287367373.000000,534284970.000000,4318529386.673201,7853530330.340098,8986179259.364604,21158238976.377903,835263,813575,1267872,2916710
2026-03-10,Investors Exchange (V),286326208.000000,193186021.000000,291158236.000000,770670465.000000,14662461538.346103,9841783695.880496,14462109807.933198,38966355042.159797,3341620,765307,2813484,6920411
2026-03-10,NASDAQ PSX (X),6653952.000000,6302280.000000,7159441.000000,20115673.000000,505133929.132300,862338673.182000,705935667.044100,2073408269.358400,106592,57547,121826,285965
2026-03-10,BYX Equities (Y),42419284.000000,37637379.000000,49522097.000000,129578760.000000,1723066608.960100,2262121227.112000,2139605082.583000,6124792918.655100,485061,241246,557302,1283609
2026-03-10,BZX Equities (Z),244378793.000000,300237375.000000,298577639.000000,843193807.000000,13748174068.973203,20536085082.979905,19687130014.024498,53971389165.977606,3529579,2237671,3452644,9219894
2026-03-09,NYSE American (A),11248690.000000,57511672.000000,10088749.000000,78849111.000000,535206058.772200,1193410929.679400,535012103.008000,2263629091.459600,102060,176426,90757,369243
2026-03-09,NASDAQ Texas (B),20636897.000000,20764982.000000,25233394.000000,66635273.000000,1444026372.576300,1250333637.727300,1491229441.328700,4185589451.632300,299601,177224,321337,798162
2026-03-09,NYSE National (C),26755637.000000,28216125.000000,28823530.000000,83795292.000000,1168374714.696900,1410009125.742900,1039084932.924400,3617468773.364200,319346,164600,305022,788968
2026-03-09,FINRA / Nasdaq TRF Chicago (DB),20955211.584190,15478215.090450,36187524.901350,72620951.575990,1028711762.659014,788353532.707693,2501648770.264955,4318714065.631662,161329,76182,244050,481561
2026-03-09,FINRA / NYSE TRF (DN),128543373.374957,133711047.185107,252187237.493833,514441658.053897,6529658062.298277,4742670462.556944,8124491819.743008,19396820344.598229,947608,561847,1231206,2740661
2026-03-09,FINRA / Nasdaq TRF Carteret (DQ),2898761501.974639,2380958982.143342,4565199841.600435,9844920325.718416,150801733104.694194,115545821091.553797,198163761374.634496,464511315570.882487,25985295,9095385,27988972,63069652
2026-03-09,24X National Exchange (G),10186638.000000,10906158.000000,11341272.000000,32434068.000000,59020983.351600,361916619.368000,283693234.226700,704630836.946300,10254,21992,24598,56844
2026-03-09,MIAX Pearl (H),29261680.000000,92391805.000000,103140736.000000,224794221.000000,1228577445.819600,4375345619.768300,2483519534.161499,8087442599.749399,317380,475670,469381,1262431
2026-03-09,EDGA Equities (J),38307629.000000,46386133.000000,140410949.000000,225104711.000000,1998025286.596100,2781183031.551201,2686583836.589801,7465792154.737102,512704,305632,700815,1519151
2026-03-09,EDGX Equities (K),216900577.000000,363090412.000000,506237283.000000,1086228272.000000,10787739186.683298,21955682486.227803,23084149023.445410,55827570696.356511,2562273,2731580,3865644,9159497
2026-03-09,LTSE (L),687761.000000,515220.000000,1156374.000000,2359355.000000,42604157.060000,36592032.425000,44328164.654000,123524354.139000,6711,968,6676,14355
2026-03-09,NYSE Texas (M),17259892.000000,16170084.000000,23651755.000000,57081731.000000,1555415795.526100,2261799967.306000,3333314983.839200,7150530746.671300,30919,19278,33079,83276
2026-03-09,NYSE (N),1514070616.000000,199476872.000000,239731732.000000,1953279220.000000,86172546690.573702,12737282324.124301,9997021734.213101,108906850748.911104,8295260,1052222,1680027,11027509
2026-03-09,NYSE Arca (P),380088381.000000,1136074855.000000,1029597926.000000,2545761162.000000,18868900768.216901,78345225610.098842,44712222878.853289,141926349257.169032,4509881,6648444,7653182,18811507
2026-03-09,NASDAQ (Q),757996605.000000,683348337.000000,2018477311.000000,3459822253.000000,46227045242.841907,57584539537.220934,150736836738.126238,254548421518.189079,11051611,5944713,16385922,33382246
2026-03-09,Members Exchange (U),92199549.000000,186188766.000000,305773185.000000,584161500.000000,4591038147.578600,9215167312.518294,9471090771.850901,23277296231.947795,932296,1022642,1388713,3343651
2026-03-09,Investors Exchange (V),321957757.000000,212124946.000000,324905716.000000,858988419.000000,17535791449.518304,11207931972.866605,16682425017.017198,45426148439.402107,3780691,880324,3112047,7773062
2026-03-09,NASDAQ PSX (X),8473790.000000,9161935.000000,8445460.000000,26081185.000000,626668239.014800,1360103429.204800,869261632.107100,2856033300.326700,130779,77948,152408,361135
2026-03-09,BYX Equities (Y),47944768.000000,42276069.000000,57774311.000000,147995148.000000,2117928773.030300,2590216295.097202,2455240191.216500,7163385259.344002,557082,289602,601211,1447895
2026-03-09,BZX Equities (Z),285151569.000000,362226048.000000,340181169.000000,987558786.000000,16646377537.255899,24575945840.134304,22747226179.318802,63969549556.709005,4110372,2746716,3914701,10771789
2026-03-06,NYSE American (A),6863276.000000,48869936.000000,8233727.000000,63966939.000000,352616102.149300,903321820.428100,481875475.610300,1737813398.187700,70937,170750,72183,313870
2026-03-06,NASDAQ Texas (B),17433703.000000,16866788.000000,23318423.000000,57618914.000000,1274047792.225800,989033243.910500,1366780904.860100,3629861940.996400,267423,144582,301954,713959
2026-03-06,NYSE National (C),22339636.000000,22264058.000000,26024679.000000,70628373.000000,1025139405.096500,1168791475.521600,871995231.916900,3065926112.535000,282541,130628,281252,694421
2026-03-06,FINRA / Nasdaq TRF Chicago (DB),15855065.180420,14552965.837250,34947045.287810,65355076.305480,842582922.492603,670351673.096170,2424621035.204756,3937555630.793529,133605,68981,236515,439101
2026-03-06,FINRA / NYSE TRF (DN),114364417.426519,113880608.616556,286904440.441416,515149466.484491,5373690987.537547,5425135472.581008,8695308146.821512,19494134606.940067,808872,427883,1104466,2341221
2026-03-06,FINRA / Nasdaq TRF Carteret (DQ),2484243031.537804,2140005797.340983,4424242074.910081,9048490903.788868,135184697909.257650,106513862870.856927,195465226097.815747,437163786877.930324,23027214,8275061,25758543,57060818
2026-03-06,24X National Exchange (G),8865533.000000,7380917.000000,12418636.000000,28665086.000000,56789431.755000,224518488.169300,315494571.223900,596802491.148200,11027,16435,27630,55092
2026-03-06,MIAX Pearl (H),24547108.000000,77712701.000000,99979863.000000,202239672.000000,1126564090.394400,3676901193.519098,2453177311.879300,7256642595.792798,277790,386747,452339,1116876
2026-03-06,EDGA Equities (J),34590641.000000,35730190.000000,110018283.000000,180339114.000000,1819884917.697300,2223872595.245900,2451422691.287998,6495180204.231198,407125,238606,555855,1201586
2026-03-06,EDGX Equities (K),181019102.000000,313024733.000000,453163415.000000,947207250.000000,9646288722.315600,17635942320.797993,21284444086.212810,48566675129.326403,2320385,2345711,3811812,8477908
2026-03-06,LTSE (L),589725.000000,296954.000000,1016781.000000,1903460.000000,34032645.210000,24609017.905000,37359150.660400,96000813.775400,6575,924,6461,13960
2026-03-06,NYSE Texas (M),26690871.000000,17483919.000000,30199422.000000,74374212.000000,1750515992.620000,1811346831.925000,4964330118.519701,8526192943.064701,33790,15043,35908,84741
2026-03-06,NYSE (N),1338071287.000000,169088632.000000,226825916.000000,1733985835.000000,79942367372.124390,10429613618.550000,9096313924.644702,99468294915.319092,7750204,868205,1562940,10181349
2026-03-06,NYSE Arca (P),318772006.000000,944630678.000000,907213093.000000,2170615777.000000,16718781297.232197,66176049463.944651,39343692913.336890,122238523674.513738,4068462,5486642,7279234,16834338
2026-03-06,NASDAQ (Q),625021648.000000,581176347.000000,1894049894.000000,3100247889.000000,38498047837.177809,52897774637.380830,147332214356.790817,238728036831.349456,9475571,4779059,15464061,29718691
2026-03-06,Members Exchange (U),79283668.000000,156889857.000000,313900693.000000,550074218.000000,3970883497.832600,7935977215.079905,9494639967.615606,21401500680.528111,835345,899874,1388951,3124170
2026-03-06,Investors Exchange (V),277575893.000000,187631779.000000,307296647.000000,772504319.000000,14968553215.907001,10380601811.636900,15412036322.313200,40761191349.857101,3425072,808014,2980937,7214023
2026-03-06,NASDAQ PSX (X),8053119.000000,7110476.000000,9038878.000000,24202473.000000,621522399.529500,1262319379.602400,900558465.641000,2784400244.772900,119421,56651,143006,319078
2026-03-06,BYX Equities (Y),39481046.000000,37315110.000000,56268264.000000,133064420.000000,1825327162.512800,2186579358.394203,2119581829.420100,6131488350.327103,492093,278152,577045,1347290
2026-03-06,BZX Equities (Z),238421303.000000,309286924.000000,313828327.000000,861536554.000000,14503753189.951707,20395685346.516406,21591308821.444008,56490747357.912121,3627321,2248884,3706822,9583027
2026-03-05,NYSE American (A),7494399.000000,51994642.000000,8750565.000000,68239606.000000,383193122.470400,923024877.677800,485073784.309300,1791291784.457500,72228,192213,75596,340037
2026-03-05,NASDAQ Texas (B),19194699.000000,18088894.000000,25696433.000000,62980026.000000,1486588657.991400,1088405310.296700,1517889129.476500,4092883097.764600,290883,159832,318240,768955
2026-03-05,NYSE National (C),23403045.000000,22868006.000000,25637675.000000,71908726.000000,1032166155.330100,1133732158.728600,922081299.975300,3087979614.034000,287518,138508,270405,696431
2026-03-05,FINRA / Nasdaq TRF Chicago (DB),17299363.922600,13963358.312800,41438813.562160,72701535.797560,926133816.817185,758018244.312633,2663032455.524398,4347184516.654216,141364,71923,258926,472213
2026-03-05,FINRA / NYSE TRF (DN),114058128.010810,128988675.760888,330302292.180804,573349095.952502,5604619826.956520,6197520784.759216,8627731998.395621,20429872610.111357,829828,441459,1140852,2412139
2026-03-05,FINRA / Nasdaq TRF Carteret (DQ),2539676237.229496,2291021750.208660,5113220799.989372,9943918787.427528,145026641800.605419,112613540568.169509,209745572728.092745,467385755096.867673,22586884,8587203,26286684,57460771
2026-03-05,24X National Exchange (G),5641944.000000,9631955.000000,10636612.000000,25910511.000000,45759485.291000,324838819.623400,354158781.502200,724757086.416600,8747,20030,27493,56270
2026-03-05,MIAX Pearl (H),28676525.000000,87322389.000000,120252974.000000,236251888.000000,1247119023.445700,4063489715.812001,2968045860.924799,8278654600.182500,330202,427022,510616,1267840
2026-03-05,EDGA Equities (J),34221609.000000,45515237.000000,137688247.000000,217425093.000000,1949482660.871400,2493316475.652798,2609093605.877500,7051892742.401698,440181,271797,611372,1323350
2026-03-05,EDGX Equities (K),200165616.000000,311896905.000000,650989306.000000,1163051827.000000,11016742174.190296,18471935452.463292,22690698438.066675,52179376064.720263,2567333,2245249,4044625,8857207
2026-03-05,LTSE (L),687707.000000,714695.000000,1155699.000000,2558101.000000,38410880.510000,61097297.688000,62650466.791300,162158644.989300,7509,1560,7430,16499
2026-03-05,NYSE Texas (M),19755972.000000,19866626.000000,26706074.000000,66328672.000000,1223487129.002300,2420067390.337600,3687209899.595201,7330764418.935101,49725,18893,48958,117576
2026-03-05,NYSE (N),1399901900.000000,181616373.000000,221045707.000000,1802563980.000000,84353862496.006902,11291825115.895202,9270055516.892002,104915743128.794106,7855398,879138,1626604,10361140
2026-03-05,NYSE Arca (P),329588722.000000,1014044464.000000,1346999233.000000,2690632419.000000,17559883655.875991,70411864315.011803,40070139129.512199,128041887100.399993,4238795,5573033,7850224,17662052
2026-03-05,NASDAQ (Q),674816110.000000,592107684.000000,2039299202.000000,3306222996.000000,42500414890.087602,52659310833.346216,157901888607.608685,253061614331.042503,10125575,4670864,16444635,31241074
2026-03-05,Members Exchange (U),83776419.000000,172062240.000000,373101169.000000,628939828.000000,4602819929.756900,8230068142.705299,9023684510.852303,21856572583.314502,857696,909094,1390095,3156885
2026-03-05,Investors Exchange (V),297902187.000000,198952160.000000,319010825.000000,815865172.000000,16325589845.943795,10869373228.863699,16957988544.003588,44152951618.811082,3465134,857623,3000850,7323607
2026-03-05,NASDAQ PSX (X),8476482.000000,7160447.000000,9269016.000000,24905945.000000,713480193.974000,1120437718.397800,926491014.630500,2760408927.002300,150315,57283,163726,371324
2026-03-05,BYX Equities (Y),43657655.000000,39714830.000000,84130558.000000,167503043.000000,2025348445.616500,2480869051.712899,2248947548.998700,6755165046.328099,514463,260522,594365,1369350
2026-03-05,BZX Equities (Z),260451361.000000,315287465.000000,360684177.000000,936423003.000000,16008902802.960802,21526660733.533786,21941167308.513588,59476730845.008176,3857663,2244740,3923515,10025918
2026-03-04,NYSE American (A),7656978.000000,42807304.000000,10019149.000000,60483431.000000,347778020.202300,824705698.183700,477878068.460100,1650361786.846100,73224,145903,82089,301216
2026-03-04,NASDAQ Texas (B),16319562.000000,15688248.000000,25725720.000000,57733530.000000,1178778620.491300,868026054.744000,1403837095.019100,3450641770.254400,256104,141342,297617,695063
2026-03-04,NYSE National (C),21488560.000000,19442946.000000,25924084.000000,66855590.000000,878843796.256000,950822562.288500,872427733.232400,2702094091.776900,267998,111654,266983,646635
2026-03-04,FINRA / Nasdaq TRF Chicago (DB),14070962.704720,13416807.837500,37537239.004870,65025009.547090,704480479.998169,633227085.317726,2531330202.231022,3869037767.546917,110161,56172,238563,404896
2026-03-04,FINRA / NYSE TRF (DN),102462873.829947,121655226.040229,326099448.263123,550217548.133299,4762545950.802300,5063887123.800689,8119502043.186333,17945935117.789322,775194,439924,1219011,2434129
2026-03-04,FINRA / Nasdaq TRF Carteret (DQ),2337522057.608917,2393308377.114220,5292192625.692118,10023023060.415255,122397566562.541927,98349107514.100926,197017620528.536190,417764294605.179043,20815725,7097577,25584005,53497307
2026-03-04,24X National Exchange (G),3522043.000000,16250423.000000,13229104.000000,33001570.000000,40565903.925000,288801393.852400,436026963.192400,765394260.969800,8831,19665,30288,58784
2026-03-04,MIAX Pearl (H),23133822.000000,84261606.000000,138551605.000000,245947033.000000,990939337.759600,3220943529.719400,2520310067.192900,6732192934.671900,239160,324908,461689,1025757
2026-03-04,EDGA Equities (J),31293308.000000,36861755.000000,212019547.000000,280174610.000000,1670754718.264800,2002887974.417299,2558216323.309700,6231859015.991799,399408,214030,708462,1321900
2026-03-04,EDGX Equities (K),164977513.000000,346790514.000000,547192560.000000,1058960587.000000,8811788112.518601,14882503974.300493,22847612201.458695,46541904288.277789,2043680,1976685,3708432,7728797
2026-03-04,LTSE (L),563625.000000,249128.000000,1224831.000000,2037584.000000,29892246.460000,15049083.510000,25668285.769800,70609615.739800,5291,708,5392,11391
2026-03-04,NYSE Texas (M),14884292.000000,14221714.000000,25622559.000000,54728565.000000,1121875494.040300,1228583397.339600,3112372865.964599,5462831757.344499,32910,14793,40354,88057
2026-03-04,NYSE (N),1241426196.000000,186286072.000000,222151128.000000,1649863396.000000,72384702359.844007,9626646775.841602,8390721021.533999,90402070157.219608,6808043,744651,1474095,9026789
2026-03-04,NYSE Arca (P),288447258.000000,918762632.000000,1370012620.000000,2577222510.000000,14984028198.528802,55256740595.741599,39684970502.811518,109925739297.081919,3603461,4511477,7746397,15861335
2026-03-04,NASDAQ (Q),541669030.000000,489491692.000000,1906242306.000000,2937403028.000000,32829660375.079692,40373250964.474683,139127312730.836695,212330224070.391070,7937810,3585329,14201913,25725052
2026-03-04,Members Exchange (U),71836397.000000,148276079.000000,421582534.000000,641695010.000000,3716624196.077799,7270536905.358798,9118966754.538592,20106127855.975189,733365,761370,1385371,2880106
2026-03-04,Investors Exchange (V),253253223.000000,225756602.000000,313156959.000000,792166784.000000,13335837493.444502,9703048876.299800,15121645970.320499,38160532340.064801,3072361,725533,2851057,6648951
2026-03-04,NASDAQ PSX (X),6750933.000000,7245805.000000,8900820.000000,22897558.000000,504395972.667800,936711543.860801,809209255.090900,2250316771.619501,112725,44902,146220,303847
2026-03-04,BYX Equities (Y),37837072.000000,39298703.000000,65670477.000000,142806252.000000,1719902295.948000,2076186136.919200,2253228778.019699,6049317210.886899,484136,227089,581396,1292621
2026-03-04,BZX Equities (Z),214279022.000000,276797172.000000,334525578.000000,825601772.000000,12435447138.705500,17107535182.186791,20887703438.319113,50430685759.211404,3082527,1777386,3503724,8363637
2026-03-03,NYSE American (A),9021337.000000,60405454.000000,11233281.000000,80660072.000000,468194111.548200,1288226246.488700,594174733.021800,2350595091.058700,93461,215286,92338,401085
2026-03-03,NASDAQ Texas (B),20080519.000000,24123168.000000,26558149.000000,70761836.000000,1453993332.623800,1422055113.940700,1547783137.524299,4423831584.088799,297358,192808,327802,817968
2026-03-03,NYSE National (C),23479796.000000,31888363.000000,28925907.000000,84294066.000000,997535376.405300,1609683782.381800,1040510326.081600,3647729484.868700,279552,172162,274636,726350
2026-03-03,FINRA / Nasdaq TRF Chicago (DB),20002842.748970,20365475.582100,37396616.783330,77764935.114400,1050619095.991291,976542611.383010,2695987591.301665,4723149298.675966,160602,92366,271136,524104
2026-03-03,FINRA / NYSE TRF (DN),126195598.928844,164020133.451169,270053187.169754,560268919.549767,6432852975.050333,6093681121.112265,9131475425.586834,21658009521.749432,934505,634248,1263897,2832650
2026-03-03,FINRA / Nasdaq TRF Carteret (DQ),2730836016.819756,3228833628.268738,4612364733.280979,10572034378.369473,147377141559.650534,133199682290.893802,204576251886.344732,485153075736.889068,24334596,10244301,26797043,61375940
2026-03-03,24X National Exchange (G),3693842.000000,24936375.000000,11711106.000000,40341323.000000,50715163.709000,594857457.993000,426075615.755400,1071648237.457400,11098,45277,33044,89419
2026-03-03,MIAX Pearl (H),28999291.000000,151117063.000000,103166428.000000,283282782.000000,1148715063.394500,6378899455.402100,3349444845.407401,10877059364.204001,291755,622955,520580,1435290
2026-03-03,EDGA Equities (J),38263288.000000,60673673.000000,134551863.000000,233488824.000000,2002974240.672100,3503347037.518399,2870459042.925198,8376780321.115697,472126,350358,667208,1489692
2026-03-03,EDGX Equities (K),208699599.000000,522746713.000000,492761453.000000,1224207765.000000,10804560884.606399,23491291951.551891,25602840529.935903,59898693366.094193,2557603,3125258,4041613,9724474
2026-03-03,LTSE (L),908152.000000,813473.000000,1781213.000000,3502838.000000,57766309.735000,64629240.850000,91858554.280900,214254104.865900,9367,1933,9676,20976
2026-03-03,NYSE Texas (M),31275634.000000,19950183.000000,26040852.000000,77266669.000000,2429502187.441900,2884346883.424401,2769178059.412100,8083027130.278401,52392,24904,55594,132890
2026-03-03,NYSE (N),1469349354.000000,299465986.000000,244717485.000000,2013532825.000000,83335640139.188203,17390544492.777899,9968622815.613201,110694807447.579303,8107385,1330583,1688129,11126097
2026-03-03,NYSE Arca (P),373882325.000000,1360231051.000000,1079376734.000000,2813490110.000000,19111869230.834393,86699473464.274791,43779264149.727278,149590606844.836462,4538518,7307220,8025067,19870805
2026-03-03,NASDAQ (Q),698146719.000000,786645955.000000,1979319061.000000,3464111735.000000,41290048109.997697,68075274629.141405,151965801551.387125,261331124290.526227,9835558,6215818,16026622,32077998
2026-03-03,Members Exchange (U),93972331.000000,237245583.000000,275337598.000000,606555512.000000,4803909434.594600,11936273197.669693,10398089432.967701,27138272065.231994,920147,1239347,1472137,3631631
2026-03-03,Investors Exchange (V),317892269.000000,360385295.000000,328765389.000000,1007042953.000000,16728581382.580196,15162209560.184805,16980584220.400496,48871375163.165497,3635005,1091358,3129955,7856318
2026-03-03,NASDAQ PSX (X),8369249.000000,14684861.000000,10020861.000000,33074971.000000,616107832.348200,1639397402.075900,838433735.509500,3093938969.933600,135350,83989,156514,375853
2026-03-03,BYX Equities (Y),45427215.000000,60663283.000000,61543699.000000,167634197.000000,1992643017.353000,3458383675.484599,2534555012.981799,7985581705.819398,515144,362693,588912,1466749
2026-03-03,BZX Equities (Z),272491083.000000,436420912.000000,334343094.000000,1043255089.000000,15430924012.381099,27271849871.763197,21564835049.719195,64267608933.863491,3796999,2822289,3824150,10443438
2026-03-02,NYSE American (A),6670233.000000,61891033.000000,7974256.000000,76535522.000000,394032135.892600,1084819816.041100,455793752.500700,1934645704.434400,75860,200448,71601,347909
2026-03-02,NASDAQ Texas (B),17663818.000000,18528234.000000,23001879.000000,59193931.000000,1367217096.410800,1024779457.818800,1465987656.650100,3857984210.879700,265848,151599,294609,712056
2026-03-02,NYSE National (C),21610001.000000,23355640.000000,26116064.000000,71081705.000000,919089735.473400,1051465298.977100,995911240.260700,2966466274.711200,263983,128168,277150,669301
2026-03-02,FINRA / Nasdaq TRF Chicago (DB),18149105.088200,19437552.327400,35048545.087840,72635202.503440,956345038.540498,760684746.149589,2561816134.681368,4278845919.371455,155953,80700,274919,511572
2026-03-02,FINRA / NYSE TRF (DN),117487281.987171,141156563.458889,213250250.602571,471894096.048631,5810351668.867929,5271732188.756990,8439764844.236510,19521848701.861429,931663,586712,1435425,2953800
2026-03-02,FINRA / Nasdaq TRF Carteret (DQ),2628146734.072997,3024867059.460217,3870910353.885328,9523924147.418542,143819923234.785056,113224053976.751071,201112661307.778204,458156638519.314331,23147884,9216985,26327386,58692255
2026-03-02,24X National Exchange (G),1814445.000000,5945684.000000,3456034.000000,11216163.000000,44530674.906600,332744045.815000,384314604.074100,761589324.795700,9843,27122,26593,63558
2026-03-02,MIAX Pearl (H),25608716.000000,110521902.000000,74482500.000000,210613118.000000,1010544170.866500,4551267179.385702,2505322088.024700,8067133438.276902,250025,477792,401424,1129241
2026-03-02,EDGA Equities (J),35079975.000000,50960802.000000,70455113.000000,156495890.000000,1748316493.975400,2656334411.412400,2440373535.378199,6845024440.765999,409951,281656,535737,1227344
2026-03-02,EDGX Equities (K),194957299.000000,419004075.000000,409685666.000000,1023647040.000000,10205309879.022202,17458768715.101403,21768409253.353805,49432487847.477410,2303787,2325082,3575930,8204799
2026-03-02,LTSE (L),772372.000000,742440.000000,605445.000000,2120257.000000,50835046.880000,50369590.052000,32745755.873000,133950392.805000,7080,1411,7114,15605
2026-03-02,NYSE Texas (M),19803594.000000,30454690.000000,19399333.000000,69657617.000000,1538056680.394500,3526200803.282501,1911200020.829800,6975457504.506801,50467,22877,54347,127691
2026-03-02,NYSE (N),1427054969.000000,224072956.000000,220255962.000000,1871383887.000000,82177628040.583306,11834162671.035501,8301622522.831502,102313413234.450309,7800600,869088,1428213,10097901
2026-03-02,NYSE Arca (P),342613920.000000,1126771792.000000,787161220.000000,2256546932.000000,17708692326.622605,66628858841.089971,38513631792.642696,122851182960.355272,4105254,5743283,7052965,16901502
2026-03-02,NASDAQ (Q),642030561.000000,599257684.000000,1862711924.000000,3104000169.000000,39331028410.960192,49053879348.390914,142078968105.959276,230463875865.310382,9244212,4391083,14961529,28596824
2026-03-02,Members Exchange (U),85012504.000000,184329860.000000,203139598.000000,472481962.000000,4458474928.484001,8817846159.108699,8024347826.982398,21300668914.575098,830873,911936,1198127,2940936
2026-03-02,Investors Exchange (V),292044117.000000,282885055.000000,312145790.000000,887074962.000000,15487795115.658999,11158931766.922699,15145149951.728102,41791876834.309800,3341355,836549,2920357,7098261
2026-03-02,NASDAQ PSX (X),7406694.000000,10773056.000000,8278143.000000,26457893.000000,537372709.528600,1245583454.795200,742009642.352800,2524965806.676600,110546,60198,127707,298451
2026-03-02,BYX Equities (Y),41125892.000000,42691885.000000,58565908.000000,142383685.000000,2002281858.367900,2470727871.065199,2715693750.338400,7188703479.771499,492422,251392,583717,1327531
2026-03-02,BZX Equities (Z),246798151.000000,332657475.000000,310436299.000000,889891925.000000,14932588037.629004,20565739303.611408,20052115604.196691,55550442945.437103,3481721,2052583,3460599,8994903
2026-02-27,NYSE American (A),6517605.000000,38057501.000000,7571093.000000,52146199.000000,356708787.079300,719010155.915000,391724372.259000,1467443315.253300,74134,107316,72582,254032
2026-02-27,NASDAQ Texas (B),16205490.000000,13437067.000000,23167003.000000,52809560.000000,1267287595.799899,726441439.399800,1452060946.119400,3445789981.319099,252589,118061,297458,668108
2026-02-27,NYSE National (C),21163285.000000,15934027.000000,32465434.000000,69562746.000000,1007914891.410800,788724628.654100,992752343.454900,2789391863.519800,277811,89548,278211,645570
2026-02-27,FINRA / Nasdaq TRF Chicago (DB),18169944.831710,14449800.369000,36158983.455100,68778728.655810,1062539520.382008,745586303.103535,2372373856.365879,4180499679.851422,131760,52681,254317,438758
2026-02-27,FINRA / NYSE TRF (DN),97570094.770784,75738210.983003,220035488.540906,393343794.294693,5220681221.690819,3570977259.518243,7569661091.463698,16361319572.672760,747608,274965,1019870,2042443
2026-02-27,FINRA / Nasdaq TRF Carteret (DQ),2859517041.120656,2116346685.002782,4487049868.680591,9462913594.804029,170088664804.636875,96279576154.112981,235012361813.496884,501380602772.246740,22827674,6737396,26807200,56372270
2026-02-27,24X National Exchange (G),688138.000000,388243.000000,1393826.000000,2470207.000000,16349690.105000,39072482.399000,179319516.754800,234741689.258800,3443,3644,12162,19249
2026-02-27,MIAX Pearl (H),24913395.000000,59203286.000000,82858469.000000,166975150.000000,1143685089.159700,2655233506.492800,2356553083.440000,6155471679.092500,265476,252362,433667,951505
2026-02-27,EDGA Equities (J),32889336.000000,26219986.000000,103582569.000000,162691891.000000,1884657717.313900,1746153096.930600,2543827315.344401,6174638129.588901,420174,160733,641333,1222240
2026-02-27,EDGX Equities (K),184086694.000000,219264254.000000,431195628.000000,834546576.000000,10140132847.694902,12193994975.512401,21031019984.320397,43365147807.527700,2346267,1474259,3753527,7574053
2026-02-27,LTSE (L),679228.000000,549499.000000,909349.000000,2138076.000000,43922766.340000,46034458.456000,35674916.803300,125632141.599300,6483,1072,7307,14862
2026-02-27,NYSE Texas (M),27867840.000000,19725872.000000,27318401.000000,74912113.000000,2204999791.818000,2366603293.389000,3298283258.106001,7869886343.313001,56644,13777,59777,130198
2026-02-27,NYSE (N),2043801586.000000,110376320.000000,188397196.000000,2342575102.000000,139703340046.955519,7013447635.451501,8340737082.362200,155057524764.769220,7466446,549094,1476443,9491983
2026-02-27,NYSE Arca (P),307281389.000000,799924423.000000,913103784.000000,2020309596.000000,17255069292.317595,54598275076.090522,38705371019.704601,110558715388.112718,3890871,3510531,7470779,14872181
2026-02-27,NASDAQ (Q),605624405.000000,382531430.000000,2426196490.000000,3414352325.000000,38690576473.800306,39132831887.100845,198420213484.770088,276243621845.671239,8963802,2995908,15102317,27062027
2026-02-27,Members Exchange (U),71958884.000000,95094776.000000,238378143.000000,405431803.000000,4043722020.333501,5518630969.870601,8789803947.207197,18352156937.411299,780851,547380,1276236,2604467
2026-02-27,Investors Exchange (V),273640261.000000,224017283.000000,311276215.000000,808933759.000000,15439008997.504299,9393520229.617998,17290312504.208300,42122841731.330597,3451601,686075,3124702,7262378
2026-02-27,NASDAQ PSX (X),8120322.000000,7897564.000000,9630120.000000,25648006.000000,632200004.113700,946976598.991801,815070972.379100,2394247575.484601,127768,39527,138756,306051
2026-02-27,BYX Equities (Y),39834754.000000,39427608.000000,74631114.000000,153893476.000000,1956796331.939698,2153937210.625000,2488886791.159899,6599620333.724597,493517,204600,577785,1275902
2026-02-27,BZX Equities (Z),230337949.000000,220527549.000000,291710164.000000,742575662.000000,14379006425.090399,15382553040.606593,20454615666.762602,50216175132.459594,3374189,1420296,3547930,8342415
2026-02-26,NYSE American (A),7171715.000000,33050498.000000,8036035.000000,48258248.000000,395073555.024600,665586066.729100,442456641.059300,1503116262.813000,78915,106332,79607,264854
2026-02-26,NASDAQ Texas (B),16210925.000000,14175901.000000,23883655.000000,54270481.000000,1193852238.447300,779548183.582700,1599517962.110300,3572918384.140300,246879,112232,309340,668451
2026-02-26,NYSE National (C),19647340.000000,18453229.000000,25464809.000000,63565378.000000,892175885.805500,845649217.047500,1028071336.883100,2765896439.736100,254796,98056,274626,627478
2026-02-26,FINRA / Nasdaq TRF Chicago (DB),17895984.318490,18027690.853000,35807704.372900,71731379.544390,990302506.000066,669186744.565119,2845208274.188442,4504697524.753627,140463,54597,272093,467153
2026-02-26,FINRA / NYSE TRF (DN),111148573.516191,83877547.287998,226274286.963226,421300407.767415,5466940814.825808,3940747981.068013,8709394919.309111,18117083715.202932,783315,313766,1116893,2213974
2026-02-26,FINRA / Nasdaq TRF Carteret (DQ),2593160716.508574,2132239479.566516,4299273972.604048,9024674168.679138,137858838659.454805,86247520721.890329,226499250930.789068,450605610312.134202,22976833,6480939,27634111,57091883
2026-02-26,24X National Exchange (G),708310.000000,739244.000000,1530541.000000,2978095.000000,15899948.870400,62943040.043000,179023022.330000,257866011.243400,3499,4937,12540,20976
2026-02-26,MIAX Pearl (H),25452493.000000,63111996.000000,80746450.000000,169310939.000000,1021124872.526100,2823771136.321000,2584706303.080001,6429602311.927101,262330,281966,447227,991523
2026-02-26,EDGA Equities (J),36741039.000000,31186107.000000,87618712.000000,155545858.000000,1896240276.036500,1906211209.542900,3078113347.565701,6880564833.145101,448304,176646,653738,1278688
2026-02-26,EDGX Equities (K),187502599.000000,254521698.000000,465178573.000000,907202870.000000,9910219954.654501,12835217354.501993,25101686064.848497,47847123374.004991,2520156,1614375,4133375,8267906
2026-02-26,LTSE (L),853973.000000,876902.000000,1042114.000000,2772989.000000,52158113.265000,73772727.965000,41898829.317000,167829670.547000,9035,1545,11397,21977
2026-02-26,NYSE Texas (M),23344608.000000,14607798.000000,32983167.000000,70935573.000000,2006363923.896900,1847431075.073800,3898780981.865800,7752575980.836500,63304,16114,64575,143993
2026-02-26,NYSE (N),1357609252.000000,133785170.000000,213568010.000000,1704962432.000000,78406337636.482482,8094404270.873101,10432458164.607004,96933200071.962587,7398478,608058,1631200,9637736
2026-02-26,NYSE Arca (P),319938759.000000,843071676.000000,929586223.000000,2092596658.000000,16918754213.276607,52472699057.123998,47816292736.073781,117207746006.474386,4081823,3760035,7895808,15737666
2026-02-26,NASDAQ (Q),620993379.000000,418736048.000000,1948731550.000000,2988460977.000000,38428812075.564189,39746603488.927099,151000086320.921674,229175501885.412962,9105038,3289785,15755855,28150678
2026-02-26,Members Exchange (U),77790231.000000,112136456.000000,244351960.000000,434278647.000000,4102733874.655700,5853817283.605397,10009308739.932196,19965859898.193293,849436,597237,1380367,2827040
2026-02-26,Investors Exchange (V),287108177.000000,219375745.000000,306748582.000000,813232504.000000,15396194239.661196,8374349291.832693,16660868308.640206,40431411840.134095,3405196,681164,3108398,7194758
2026-02-26,NASDAQ PSX (X),8023397.000000,8647526.000000,10388330.000000,27059253.000000,591109851.377800,900816582.143900,865352692.220400,2357279125.742100,134866,41522,158075,334463
2026-02-26,BYX Equities (Y),38972526.000000,38953969.000000,62133947.000000,140060442.000000,1753959358.038500,1983313719.004801,2461678784.978499,6198951862.021800,454353,187175,571797,1213325
2026-02-26,BZX Equities (Z),235230291.000000,255224541.000000,316767097.000000,807221929.000000,14112836211.221896,15848677532.088298,22918933642.872502,52880447386.182696,3461169,1577558,3868589,8907316
2026-02-25,NYSE American (A),5308287.000000,34787227.000000,6583202.000000,46678716.000000,275796275.884000,574803864.498400,337078028.653900,1187678169.036300,57874,96572,59718,214164
2026-02-25,NASDAQ Texas (B),15957172.000000,12014761.000000,22252689.000000,50224622.000000,1228280850.463900,595948931.514800,1469656844.410700,3293886626.389400,249320,102083,294374,645777
2026-02-25,NYSE National (C),19883956.000000,28913787.000000,24040383.000000,72838126.000000,913574993.814500,627517679.151100,945749662.977400,2486842335.943000,261247,77971,262362,601580
2026-02-25,FINRA / Nasdaq TRF Chicago (DB),15237029.988200,13143919.993000,34885895.085330,63266845.066530,813200845.564307,560621156.259803,2523779936.077804,3897601937.901914,123197,48126,235043,406366
2026-02-25,FINRA / NYSE TRF (DN),91225870.041516,83182357.058853,219829117.583659,394237344.684028,4606978908.664567,4175110886.715795,6779593305.239473,15561683100.619835,713062,274776,979203,1967041
2026-02-25,FINRA / Nasdaq TRF Carteret (DQ),2439167689.267129,1900364347.043423,4187273683.002823,8526805719.313375,136620180455.426587,79570008716.973151,200562251880.337044,416752441052.736782,21374219,5996062,25074937,52445218
2026-02-25,24X National Exchange (G),528771.000000,411413.000000,1775087.000000,2715271.000000,14083077.270000,32963142.986100,218798594.991900,265844815.248000,3247,3555,15402,22204
2026-02-25,MIAX Pearl (H),21890366.000000,46932715.000000,71887195.000000,140710276.000000,946063007.872700,1932649486.925000,1948128043.901100,4826840538.698800,239768,197085,385825,822678
2026-02-25,EDGA Equities (J),30403633.000000,29013369.000000,84015604.000000,143432606.000000,1706289643.276500,1483197038.629900,2502501404.412101,5691988086.318501,403398,154780,570974,1129152
2026-02-25,EDGX Equities (K),165236678.000000,186316016.000000,424521964.000000,776074658.000000,9050285303.704700,9452026075.933497,21072534835.897115,39574846215.535312,2194689,1185449,3564136,6944274
2026-02-25,LTSE (L),697250.000000,1092514.000000,511198.000000,2300962.000000,38790434.160000,66452898.775000,25758001.914000,131001334.849000,6197,1358,7790,15345
2026-02-25,NYSE Texas (M),24857714.000000,22609441.000000,35052752.000000,82519907.000000,2683902549.566500,2465067177.954000,6650672812.181303,11799642539.701803,50381,13295,54317,117993
2026-02-25,NYSE (N),1216471638.000000,97502822.000000,170309956.000000,1484284416.000000,74167577584.668615,5946259629.932100,7782453081.124903,87896290295.725618,6721548,470799,1400228,8592575
2026-02-25,NYSE Arca (P),278383657.000000,628343686.000000,883798412.000000,1790525755.000000,15659994905.304206,40496027761.363590,37745490553.858777,93901513220.526573,3608616,2861686,6809455,13279757
2026-02-25,NASDAQ (Q),543978160.000000,312998781.000000,1698580717.000000,2555557658.000000,34269383413.555397,26148861726.211513,130480787986.110293,190899033125.877203,8053867,2274679,13579745,23908291
2026-02-25,Members Exchange (U),72685422.000000,91879412.000000,259310261.000000,423875095.000000,4144786185.202300,4837823081.610799,8168811390.933997,17151420657.747096,767957,471643,1204497,2444097
2026-02-25,Investors Exchange (V),260005002.000000,165439316.000000,284904440.000000,710348758.000000,14389502166.735898,6417410207.942501,15049376772.156203,35856289146.834602,3257589,573017,2920085,6750691
2026-02-25,NASDAQ PSX (X),8789128.000000,7066570.000000,9880462.000000,25736160.000000,612160648.803900,655358320.466800,845140486.250000,2112659455.520700,129871,34773,154631,319275
2026-02-25,BYX Equities (Y),37151144.000000,34561810.000000,50964888.000000,122677842.000000,1669105509.629600,1609695074.071400,2291027259.581701,5569827843.282701,442569,166493,512013,1121075
2026-02-25,BZX Equities (Z),205421821.000000,194186379.000000,283706432.000000,683314632.000000,12650969078.622903,11915201747.497605,18888298786.849306,43454469612.969814,3094278,1164996,3338526,7597800
2026-02-24,NYSE American (A),5080911.000000,31492750.000000,6297616.000000,42871277.000000,261300493.455900,517626911.782700,295306645.150100,1074234050.388700,54092,97828,54473,206393
2026-02-24,NASDAQ Texas (B),15218310.000000,11783047.000000,21130698.000000,48132055.000000,1156193561.197700,626162724.630600,1466561783.953000,3248918069.781300,240537,101370,284420,626327
2026-02-24,NYSE National (C),18774323.000000,14833215.000000,20494327.000000,54101865.000000,794649243.933000,605683008.708900,838186703.908100,2238518956.550000,230328,75346,229645,535319
2026-02-24,FINRA / Nasdaq TRF Chicago (DB),15019245.287740,14590629.319000,31470130.840070,61080005.446810,794765776.616085,657452128.165174,2467214658.450965,3919432563.232224,114711,47369,227763,389843
2026-02-24,FINRA / NYSE TRF (DN),103784495.925726,83007783.690865,217675803.792372,404468083.408963,5160846181.205566,3873761210.644837,7144360380.060111,16178967771.910514,695344,250291,921025,1866660
2026-02-24,FINRA / Nasdaq TRF Carteret (DQ),2345965152.611719,2012312099.048952,3869724281.408239,8228001533.068910,130302400826.489151,87898062975.886265,194849451341.194741,413049915143.570157,20945106,5867920,24268571,51081597
2026-02-24,24X National Exchange (G),580613.000000,625278.000000,2360256.000000,3566147.000000,18152502.293600,39166317.378500,302566365.710000,359885185.382100,4284,4304,21881,30469
2026-02-24,MIAX Pearl (H),22194307.000000,49721197.000000,74985756.000000,146901260.000000,968190208.132700,2187090450.454300,2166984513.481499,5322265172.068499,240356,212301,387819,840476
2026-02-24,EDGA Equities (J),30032621.000000,26808658.000000,82758434.000000,139599713.000000,1729613628.292300,1756104848.637400,2397202577.015600,5882921053.945300,399757,160435,546891,1107083
2026-02-24,EDGX Equities (K),161983006.000000,195742505.000000,398289949.000000,756015460.000000,8939196285.528695,10735321027.625509,20695843249.964106,40370360563.118310,2126987,1298649,3378912,6804548
2026-02-24,LTSE (L),463948.000000,692643.000000,837259.000000,1993850.000000,27985194.495000,53023687.095000,39801304.792000,120810186.382000,5360,948,6961,13269
2026-02-24,NYSE Texas (M),22321790.000000,19972096.000000,23069646.000000,65363532.000000,1839611382.974600,1601678225.762800,3320615222.222802,6761904830.960202,50431,12552,56480,119463
2026-02-24,NYSE (N),1217712971.000000,99353777.000000,169713600.000000,1486780348.000000,73150291714.339114,6883301475.515402,7080806289.305599,87114399479.160115,6730770,519275,1307606,8557651
2026-02-24,NYSE Arca (P),270084263.000000,649733055.000000,808380400.000000,1728197718.000000,14992936766.084501,43287527558.648878,33968756717.971373,92249221042.704752,3442625,2937884,6266414,12646923
2026-02-24,NASDAQ (Q),546671053.000000,325182585.000000,1626583705.000000,2498437343.000000,33504532675.576505,32244723751.163615,125380498583.432678,191129755010.172798,8007561,2605437,13160722,23773720
2026-02-24,Members Exchange (U),67865374.000000,88644266.000000,224688391.000000,381198031.000000,3707374027.121700,5300250537.557097,7937564311.980597,16945188876.659394,719352,527165,1094091,2340608
2026-02-24,Investors Exchange (V),266408799.000000,186856195.000000,260613989.000000,713878983.000000,14666898948.068699,7400248434.067799,14036136039.710899,36103283421.847397,3268983,608563,2802125,6679671
2026-02-24,NASDAQ PSX (X),8808258.000000,6780197.000000,9518573.000000,25107028.000000,631997129.666500,842691532.705800,808513270.434800,2283201932.807100,133050,36475,145576,315101
2026-02-24,BYX Equities (Y),36846425.000000,28735791.000000,46076827.000000,111659043.000000,1770951235.667100,1603728537.471100,2122083900.025299,5496763673.163499,461755,168958,512991,1143704
2026-02-24,BZX Equities (Z),205082490.000000,187790427.000000,269106320.000000,661979237.000000,12840360139.946000,13045244259.940500,18080694282.202401,43966298682.088901,3096353,1267325,3185202,7548880
2026-02-23,NYSE American (A),5365020.000000,35615799.000000,6229737.000000,47210556.000000,292204401.482500,618565072.793400,322895091.278700,1233664565.554600,55796,108338,56217,220351
2026-02-23,NASDAQ Texas (B),16362451.000000,12377827.000000,20486008.000000,49226286.000000,1246345207.904000,712910805.221400,1218608722.695600,3177864735.821000,241572,110849,264148,616569
2026-02-23,NYSE National (C),19573720.000000,19090609.000000,22902564.000000,61566893.000000,917409180.198400,710987065.164800,865124028.301300,2493520273.664500,248866,89741,243780,582387
2026-02-23,FINRA / Nasdaq TRF Chicago (DB),13824574.858380,12561802.793720,27613188.767910,53999566.420010,657670478.204651,538163351.837729,1958526418.214400,3154360248.256780,107258,45406,192835,345499
2026-02-23,FINRA / NYSE TRF (DN),100371579.830694,95606144.707309,209150619.832474,405128344.370477,5205821090.234579,3966672265.680065,6466451129.168331,15638944485.082975,745902,313157,976038,2035097
2026-02-23,FINRA / Nasdaq TRF Carteret (DQ),2486102201.345061,2263719189.826417,4060977119.817635,8810798510.989113,135762965710.945036,99238040998.200248,193829981846.120821,428830988555.266105,22636564,7063879,25658373,55358816
2026-02-23,24X National Exchange (G),643919.000000,639580.000000,2096428.000000,3379927.000000,24443606.665000,51167461.478900,258278528.585000,333889596.728900,4519,4553,19726,28798
2026-02-23,MIAX Pearl (H),26996373.000000,55476813.000000,107755178.000000,190228364.000000,1028560558.056700,2333989551.451600,1983996159.579199,5346546269.087499,262542,235531,393987,892060
2026-02-23,EDGA Equities (J),31803213.000000,39416933.000000,103814961.000000,175035107.000000,1719557187.156800,1961332982.894000,2218269667.192000,5899159837.242800,404346,187123,522067,1113536
2026-02-23,EDGX Equities (K),183809218.000000,201625482.000000,418435367.000000,803870067.000000,9388074999.552801,11749878120.209703,18910074276.082489,40048027395.844993,2357109,1439264,3386150,7182523
2026-02-23,LTSE (L),497843.000000,823640.000000,575831.000000,1897314.000000,27564542.765000,17940101.355000,23650186.541800,69154830.661800,6347,1317,8121,15785
2026-02-23,NYSE Texas (M),14271339.000000,20683155.000000,21360341.000000,56314835.000000,1276368826.543500,2112671022.651100,2780739369.030900,6169779218.225500,47816,14341,49654,111811
2026-02-23,NYSE (N),1259228147.000000,108487208.000000,167511064.000000,1535226419.000000,74618903688.971870,7320360549.249097,7491243973.433699,89430508211.654666,7219474,576037,1359722,9155233
2026-02-23,NYSE Arca (P),327013364.000000,765240427.000000,820187305.000000,1912441096.000000,16314677022.421895,50566376272.957701,35304926851.724023,102185980147.103619,3831470,3484820,6353765,13670055
2026-02-23,NASDAQ (Q),599610559.000000,392706593.000000,1636054822.000000,2628371974.000000,36843499220.917010,40986158804.402199,126141199909.740184,203970857935.059393,8640703,3028027,13589964,25258694
2026-02-23,Members Exchange (U),80964909.000000,107842594.000000,250560183.000000,439367686.000000,4056114643.895200,5528947948.120203,7680123909.726304,17265186501.741707,789290,590981,1123975,2504246
2026-02-23,Investors Exchange (V),279074917.000000,177853948.000000,269117085.000000,726045950.000000,15472468454.849599,7928787406.405601,14746058833.520095,38147314694.775295,3399848,634286,2874882,6909016
2026-02-23,NASDAQ PSX (X),6748352.000000,7560435.000000,8059510.000000,22368297.000000,534883816.500300,839318109.109800,699080939.146300,2073282864.756400,111939,37452,118514,267905
2026-02-23,BYX Equities (Y),39291083.000000,32987197.000000,48280938.000000,120559218.000000,1971455526.009300,1815944797.016599,2065087740.119401,5852488063.145300,469356,179372,505949,1154677
2026-02-23,BZX Equities (Z),219153940.000000,217388735.000000,282168198.000000,718710873.000000,13051711526.149491,15209523053.106100,17996775618.142502,46258010197.398093,3244962,1435547,3193406,7873915
2026-02-20,NYSE American (A),5114001.000000,65576854.000000,6516108.000000,77206963.000000,273342157.784700,861378864.060500,372355155.324500,1507076177.169700,57573,119562,59392,236527
2026-02-20,NASDAQ Texas (B),15468996.000000,15043902.000000,20721851.000000,51234749.000000,1124988019.424600,942815377.089600,1382918997.146100,3450722393.660300,239588,127821,279554,646963
2026-02-20,NYSE National (C),20805651.000000,18233717.000000,22989197.000000,62028565.000000,877288702.757400,781325112.404800,883618499.521500,2542232314.683700,241937,96414,248631,586982
2026-02-20,FINRA / Nasdaq TRF Chicago (DB),14598922.000000,15679378.000000,34438615.000000,64716915.000000,693883390.671300,697156477.905000,2490586367.728001,3881626236.304301,109165,50456,224692,384313
2026-02-20,FINRA / NYSE TRF (DN),87123903.000000,89406429.000000,210723941.000000,387254273.000000,4442204285.253200,5037838831.649606,9922245234.027493,19402288350.930299,656353,285851,971871,1914075
2026-02-20,FINRA / Nasdaq TRF Carteret (DQ),2280711178.000000,2197687202.000000,3768108021.000000,8246506401.000000,121608063426.038546,92458859658.309273,192951571255.466514,407018494339.814333,19952840,6338995,24036054,50327889
2026-02-20,24X National Exchange (G),487193.000000,875439.000000,2008425.000000,3371057.000000,9828721.591000,76214401.112000,257534033.209200,343577155.912200,2401,6392,18224,27017
2026-02-20,MIAX Pearl (H),21747753.000000,82925777.000000,71179155.000000,175852685.000000,855251093.883700,3410058580.051801,2278075926.335300,6543385600.270801,239954,323832,412290,976076
2026-02-20,EDGA Equities (J),29540469.000000,34198279.000000,75668649.000000,139407397.000000,1615747363.028200,2161625143.060900,2561513486.694698,6338885992.783798,388068,202522,571025,1161615
2026-02-20,EDGX Equities (K),164980051.000000,278736673.000000,387402013.000000,831118737.000000,8759718412.477600,14385879934.060206,21145035754.161798,44290634100.699604,2176214,1708271,3524629,7409114
2026-02-20,LTSE (L),473914.000000,1110936.000000,1350173.000000,2935023.000000,27326529.630000,59838690.165000,48412470.943400,135577690.738400,6132,3241,8481,17854
2026-02-20,NYSE Texas (M),30529947.000000,29428341.000000,44960700.000000,104918988.000000,3504316294.207500,5242409059.509901,8741413130.992302,17488138484.709703,40328,14201,48941,103470
2026-02-20,NYSE (N),1413482258.000000,134561515.000000,175550595.000000,1723594368.000000,86806819142.051695,10007113817.184900,9496002485.151801,106309935444.388396,7034934,693775,1473290,9201999
2026-02-20,NYSE Arca (P),275197990.000000,860964458.000000,827637846.000000,1963800294.000000,14714281673.113805,55803574080.138382,40713543580.217384,111231399333.469571,3520183,3898880,6990368,14409431
2026-02-20,NASDAQ (Q),560492250.000000,446559748.000000,1777429727.000000,2784481725.000000,33615610613.087795,42690430527.359799,138641772321.063302,214947813461.510896,8130627,3478117,13905268,25514012
2026-02-20,Members Exchange (U),70722327.000000,128995655.000000,204701675.000000,404419657.000000,3838208348.148301,7126307051.466497,8760188890.933104,19724704290.547902,734514,672140,1183128,2589782
2026-02-20,Investors Exchange (V),261529486.000000,194547984.000000,262191395.000000,718268865.000000,14334231027.318104,8260173040.706995,14971920002.096397,37566324070.121496,3257121,663453,2859103,6779677
2026-02-20,NASDAQ PSX (X),5885885.000000,8749814.000000,8079502.000000,22715201.000000,455272119.899200,1222374256.498900,759570282.438200,2437216658.836300,102918,52207,129015,284140
2026-02-20,BYX Equities (Y),35811534.000000,33991419.000000,44564071.000000,114367024.000000,1532763474.449500,1964128741.315601,2082986003.538200,5579878219.303301,425384,188786,508093,1122263
2026-02-20,BZX Equities (Z),207296719.000000,256891417.000000,276104242.000000,740292378.000000,12477726055.067299,17601055870.631001,21152274309.692115,51231056235.390415,3120630,1688543,3357628,8166801
2026-02-19,NYSE American (A),5034810.000000,37095400.000000,5660793.000000,47791003.000000,243608113.536400,550237958.534000,267008574.902800,1060854646.973200,55398,130221,50193,235812
2026-02-19,NASDAQ Texas (B),15746248.000000,10477072.000000,18956232.000000,45179552.000000,1238555701.419900,534067865.553800,1123154855.675700,2895778422.649400,247205,90708,260033,597946
2026-02-19,NYSE National (C),18870181.000000,15528831.000000,21406633.000000,55805645.000000,843081319.740200,568226400.616700,682462703.985500,2093770424.342400,241818,75444,245225,562487
2026-02-19,FINRA / Nasdaq TRF Chicago (DB),14320362.000000,14074929.000000,29176868.000000,57572159.000000,687310929.894900,483241413.975700,2121212967.051000,3291765310.921600,100685,43198,184921,328804
2026-02-19,FINRA / NYSE TRF (DN),86621676.000000,87972343.000000,175573352.000000,350167371.000000,4632518458.885599,2708979023.168300,5972243017.614601,13313740499.668500,658493,266475,885374,1810342
2026-02-19,FINRA / Nasdaq TRF Carteret (DQ),2282309627.000000,2130997846.000000,3442207649.000000,7855515122.000000,121094893529.373671,86921427163.836616,167572827060.562199,375589147753.772486,19770910,5825897,22150807,47747614
2026-02-19,24X National Exchange (G),351677.000000,561970.000000,1443155.000000,2356802.000000,7918801.782000,66798510.264000,164871744.649200,239589056.695200,2329,4184,13214,19727
2026-02-19,MIAX Pearl (H),21366432.000000,61692001.000000,61054049.000000,144112482.000000,871930236.590300,2546622404.120501,1720582908.684800,5139135549.395601,231480,242891,352501,826872
2026-02-19,EDGA Equities (J),29750846.000000,28510486.000000,66403202.000000,124664534.000000,1533909750.999500,1408973663.977900,1919209583.222201,4862092998.199601,387801,160098,498514,1046413
2026-02-19,EDGX Equities (K),162072018.000000,215185547.000000,325861809.000000,703119374.000000,8409452897.799701,9700456694.959894,16096214560.156408,34206124152.916003,2082429,1332720,3028556,6443705
2026-02-19,LTSE (L),395468.000000,846314.000000,815836.000000,2057618.000000,24679339.750000,35476003.970000,31458313.062800,91613656.782800,4969,1824,6406,13199
2026-02-19,NYSE Texas (M),15412313.000000,20287934.000000,16834394.000000,52534641.000000,1015501366.793300,2094411530.740000,2809933790.383500,5919846687.916800,39352,10550,42872,92774
2026-02-19,NYSE (N),1191876914.000000,104283311.000000,162216303.000000,1458376528.000000,67212348151.526499,6488393037.794902,6877219997.262198,80577961186.583599,6779901,514518,1281117,8575536
2026-02-19,NYSE Arca (P),278650395.000000,754395084.000000,700111742.000000,1733157221.000000,14594297330.776104,38410832623.962113,28572449770.981693,81577579725.719910,3440692,3136259,5924595,12501546
2026-02-19,NASDAQ (Q),549758416.000000,348307410.000000,1459765190.000000,2357831016.000000,32707197445.302491,29263175789.640609,106152582224.586395,168122955459.529495,7810643,2574064,11825751,22210458
2026-02-19,Members Exchange (U),70480199.000000,110466943.000000,186495612.000000,367442754.000000,3550816785.983700,4752882403.257502,7192767504.513500,15496466693.754702,719965,528775,1055017,2303757
2026-02-19,Investors Exchange (V),257916540.000000,170147979.000000,245395244.000000,673459763.000000,14060880024.839198,6719529309.069804,12883703436.929601,33664112770.838603,3192113,566420,2635121,6393654
2026-02-19,NASDAQ PSX (X),6064873.000000,5019469.000000,6848870.000000,17933212.000000,423377946.340200,696999906.188300,517757660.295500,1638135512.824000,97990,31345,100567,229902
2026-02-19,BYX Equities (Y),34345003.000000,25374945.000000,42564195.000000,102284143.000000,1714369533.921400,1263211742.614800,1734755534.800400,4712336811.336600,451746,148554,476283,1076583
2026-02-19,BZX Equities (Z),206852623.000000,200776555.000000,228078573.000000,635707751.000000,11891284406.587799,11668124481.426099,15080568872.816298,38639977760.830196,2979209,1254629,2801070,7034908
2026-02-18,NYSE American (A),4953311.000000,36647260.000000,6392258.000000,47992829.000000,276970338.498900,588209857.140800,335673896.105700,1200854091.745400,54900,102520,54089,211509
2026-02-18,NASDAQ Texas (B),15482385.000000,10733406.000000,20573982.000000,46789773.000000,1218075204.599800,608138214.824600,1354925026.560100,3181138445.984500,235299,95957,271340,602596
2026-02-18,NYSE National (C),19845006.000000,16947051.000000,22661582.000000,59453639.000000,838043189.881100,737469530.130700,859180512.248000,2434693232.259800,250122,86115,246099,582336
2026-02-18,FINRA / Nasdaq TRF Chicago (DB),12507081.000000,14911398.000000,32764261.000000,60182740.000000,651346847.466500,621229189.156500,2321476867.447499,3594052904.070499,100525,44823,219614,364962
2026-02-18,FINRA / NYSE TRF (DN),84618068.000000,82205334.000000,174661495.000000,341484897.000000,4520825688.938300,3334319177.632402,6132407566.769902,13987552433.340604,654213,245370,929760,1829343
2026-02-18,FINRA / Nasdaq TRF Carteret (DQ),2216472676.000000,1982345303.000000,3780765081.000000,7979583060.000000,119108530230.143303,81467754645.536902,177062923856.882777,377639208732.562982,20374644,5794274,23760625,49929543
2026-02-18,24X National Exchange (G),592037.000000,908507.000000,1790165.000000,3290709.000000,20449235.324000,59365094.165200,188672787.286000,268487116.775200,4894,4958,14961,24813
2026-02-18,MIAX Pearl (H),19227094.000000,58262348.000000,70533431.000000,148022873.000000,753905196.490700,2697162733.638900,2245700764.098701,5696768694.228301,207770,247192,360458,815420
2026-02-18,EDGA Equities (J),30756107.000000,27950970.000000,70110007.000000,128817084.000000,1634640058.556200,1683517981.836501,2148486286.999300,5466644327.392001,402113,157322,507330,1066765
2026-02-18,EDGX Equities (K),152058876.000000,201439438.000000,361784615.000000,715282929.000000,8031404223.132899,10892322567.185905,18521503723.621807,37445230513.940611,2040677,1273195,3299105,6612977
2026-02-18,LTSE (L),357112.000000,1371860.000000,986732.000000,2715704.000000,22038482.085000,58303068.155000,53353786.110800,133695336.350800,4828,1419,5104,11351
2026-02-18,NYSE Texas (M),15264585.000000,12540755.000000,19011615.000000,46816955.000000,1124449229.774000,1397780126.811200,3333950393.439799,5856179750.024999,42284,12759,48691,103734
2026-02-18,NYSE (N),1237793108.000000,107966065.000000,177324925.000000,1523084098.000000,74883670677.332520,6682183201.615598,7374273732.272499,88940127611.220617,6978098,524570,1329528,8832196
2026-02-18,NYSE Arca (P),255519217.000000,685503811.000000,779550442.000000,1720573470.000000,14337771592.593200,41662446607.378186,34024440644.510095,90024658844.481481,3298512,2883568,6240541,12422621
2026-02-18,NASDAQ (Q),540203394.000000,347151636.000000,1611648006.000000,2499003036.000000,33530063591.341803,32728063705.099495,124928574851.067513,191186702147.508811,7920951,2546141,12788198,23255290
2026-02-18,Members Exchange (U),65393144.000000,101288568.000000,205131171.000000,371812883.000000,3689577337.145699,5333609580.804502,7675801153.973998,16698988071.924199,713542,533100,1087630,2334272
2026-02-18,Investors Exchange (V),268717643.000000,169575971.000000,260366987.000000,698660601.000000,14980038343.424502,7500984396.133703,14520097935.135796,37001120674.694001,3366168,589783,2836541,6792492
2026-02-18,NASDAQ PSX (X),6758876.000000,6991103.000000,8954619.000000,22704598.000000,500394229.928800,938363410.534000,682707620.404200,2121465260.867000,109585,34767,118085,262437
2026-02-18,BYX Equities (Y),34876092.000000,28673605.000000,49226610.000000,112776307.000000,1741048558.597000,1589206131.419001,2071269367.453400,5401524057.469401,450680,171969,514311,1136960
2026-02-18,BZX Equities (Z),193199739.000000,200087350.000000,250592992.000000,643880081.000000,11835306913.473105,12914003539.226094,17262529192.934089,42011839645.633288,2924817,1239101,2971584,7135502
2026-02-17,NYSE American (A),5547326.000000,37305720.000000,7720863.000000,50573909.000000,311872151.327300,639842619.389300,405359137.617700,1357073908.334300,61120,121482,62120,244722
2026-02-17,NASDAQ Texas (B),18131079.000000,13119580.000000,20652259.000000,51902918.000000,1426989282.295500,783504411.016700,1525714035.673600,3736207728.985800,265952,114719,300008,680679
2026-02-17,NYSE National (C),18883386.000000,15088879.000000,23224129.000000,57196394.000000,818261371.210100,661119235.625100,864433135.994000,2343813742.829200,237420,84497,254074,575991
2026-02-17,FINRA / Nasdaq TRF Chicago (DB),14116729.000000,19161595.000000,31549598.000000,64827922.000000,713207827.920500,699692064.533800,2414837937.336800,3827737829.791100,116594,54575,233883,405052
2026-02-17,FINRA / NYSE TRF (DN),88506812.000000,106956003.000000,180237992.000000,375700807.000000,5113170596.576103,3369004002.468100,7268688630.535599,15750863229.579802,680303,311273,1067650,2059226
2026-02-17,FINRA / Nasdaq TRF Carteret (DQ),2391504840.000000,2259834938.000000,3785351117.000000,8436690895.000000,130945028882.267613,87968440324.137733,195346659729.624279,414260128936.029625,21104028,6915849,25352568,53372445
2026-02-17,24X National Exchange (G),454477.000000,560108.000000,2102488.000000,3117073.000000,14123264.295000,41275457.951500,226382095.167100,281780817.413600,3598,4152,17273,25023
2026-02-17,MIAX Pearl (H),21264316.000000,63294985.000000,61380924.000000,145940225.000000,832586658.308000,2372331248.154100,1906254024.290699,5111171930.752799,224424,268744,395223,888391
2026-02-17,EDGA Equities (J),27150025.000000,31994424.000000,61950689.000000,121095138.000000,1516284460.259900,1711583047.492400,1979939731.130800,5207807238.883100,370683,178513,532545,1081741
2026-02-17,EDGX Equities (K),157537856.000000,252318069.000000,351182915.000000,761038840.000000,8187533557.497801,13148911834.067400,19100431793.583203,40436877185.148404,2112039,1557359,3602463,7271861
2026-02-17,LTSE (L),387892.000000,1074910.000000,618033.000000,2080835.000000,23155130.905000,54427576.215400,27414875.356100,104997582.476500,5784,2305,7242,15331
2026-02-17,NYSE Texas (M),12432313.000000,9264484.000000,17236980.000000,38933777.000000,1036257888.973200,1042711246.910500,2598437841.741500,4677406977.625200,56169,14751,63288,134208
2026-02-17,NYSE (N),1326927449.000000,121229782.000000,186131192.000000,1634288423.000000,80116951579.023604,8163233562.893699,8039877927.481598,96320063069.398901,7292006,626063,1404442,9322511
2026-02-17,NYSE Arca (P),271349216.000000,843853766.000000,763008286.000000,1878211268.000000,14796932506.743395,52003186897.230697,35806597251.751808,102606716655.725900,3458758,3802441,7039911,14301110
2026-02-17,NASDAQ (Q),571835631.000000,425645334.000000,1667812987.000000,2665293952.000000,34721080962.812500,42382763129.015686,131004407385.857393,208108251477.685579,8287927,3260750,13659406,25208083
2026-02-17,Members Exchange (U),70536302.000000,129593701.000000,181578541.000000,381708544.000000,3700775083.380299,5705509274.786098,8453728340.973097,17860012699.139494,739432,618054,1196447,2553933
2026-02-17,Investors Exchange (V),278309903.000000,187454378.000000,258358479.000000,724122760.000000,15527552970.310601,7596139757.322802,15008910892.221698,38132603619.855101,3381116,610183,2860893,6852192
2026-02-17,NASDAQ PSX (X),7725795.000000,7244767.000000,8851059.000000,23821621.000000,614068948.045000,949675886.394200,750297607.536300,2314042441.975500,124103,42907,137330,304340
2026-02-17,BYX Equities (Y),35878605.000000,35981068.000000,45334039.000000,117193712.000000,1780294801.072800,1774126984.993200,2318846068.388799,5873267854.454799,454624,187004,536905,1178533
2026-02-17,BZX Equities (Z),210053556.000000,247966048.000000,259171224.000000,717190828.000000,12865990483.796697,15858245477.028604,18382923751.278507,47107159712.103808,3183421,1551838,3260735,7995994
2026-02-13,NYSE American (A),7708833.000000,39020047.000000,8886274.000000,55615154.000000,502063255.702000,665991470.657900,589707300.415500,1757762026.775400,88968,112457,81999,283424
2026-02-13,NASDAQ Texas (B),20793601.000000,14294575.000000,24031603.000000,59119779.000000,1674469493.409900,855587499.580000,1960397469.434700,4490454462.424600,303141,110637,330871,744649
2026-02-13,NYSE National (C),22429455.000000,18556766.000000,25629195.000000,66615416.000000,993620188.875200,778653342.982500,1043485139.568400,2815758671.426100,277047,99805,264812,641664
2026-02-13,FINRA / Nasdaq TRF Chicago (DB),13069644.000000,15444613.000000,31294841.000000,59809098.000000,712833812.035500,647375489.415800,2597975416.788499,3958184718.239799,117339,51076,241486,409901
2026-02-13,FINRA / NYSE TRF (DN),101708049.000000,108279783.000000,208871763.000000,418859595.000000,5751218334.637101,3797877048.983005,7959098724.253799,17508194107.873905,720984,315162,1126924,2163070
2026-02-13,FINRA / Nasdaq TRF Carteret (DQ),2433391319.000000,2089432822.000000,3793496018.000000,8316320159.000000,138518595853.014121,88590435649.738558,202559084222.630424,429668115725.383103,21750443,6312204,25037679,53100326
2026-02-13,24X National Exchange (G),810007.000000,806085.000000,2295064.000000,3911156.000000,36181813.350000,57592123.751000,229740154.594800,323514091.695800,7317,7680,23889,38886
2026-02-13,MIAX Pearl (H),26075611.000000,59311300.000000,70100438.000000,155487349.000000,1059609314.943600,3039692959.780900,2725256497.846200,6824558772.570700,269679,304690,462569,1036938
2026-02-13,EDGA Equities (J),31047333.000000,35263039.000000,70931063.000000,137241435.000000,1749826530.582600,1970016170.493801,2507267809.259300,6227110510.335701,410016,206058,568928,1185002
2026-02-13,EDGX Equities (K),174093510.000000,270442640.000000,394724946.000000,839261096.000000,9442110695.787593,13716703082.680483,21023570305.875501,44182384084.343577,2325022,1702000,3935647,7962669
2026-02-13,LTSE (L),722739.000000,1714982.000000,1134311.000000,3572032.000000,43394431.905000,59774712.120000,53935376.421500,157104520.446500,8639,2237,11564,22440
2026-02-13,NYSE Texas (M),29688775.000000,16860743.000000,23393010.000000,69942528.000000,1648360112.816600,1785960461.360900,3532979382.029899,6967299956.207399,52860,15539,60220,128619
2026-02-13,NYSE (N),1332428071.000000,138886670.000000,188582201.000000,1659896942.000000,80763781174.109799,9696186492.570799,8219497611.893998,98679465278.574596,7472837,713886,1494753,9681476
2026-02-13,NYSE Arca (P),295141416.000000,913358058.000000,800614898.000000,2009114372.000000,16339252901.978805,57467947854.737294,38245825133.342700,112053025890.058799,3688890,4088900,7181575,14959365
2026-02-13,NASDAQ (Q),635874584.000000,489274367.000000,1762073238.000000,2887222189.000000,39247205674.734494,45758768159.648422,134824137362.812372,219830111197.195288,8931873,3567516,14499459,26998848
2026-02-13,Members Exchange (U),77169749.000000,134662965.000000,195643269.000000,407475983.000000,4002422123.939700,6815130321.308504,8453655717.929702,19271208163.177906,767401,696039,1182179,2645619
2026-02-13,Investors Exchange (V),299963875.000000,188239690.000000,275954137.000000,764157702.000000,16441026644.045300,8706875948.415105,16004333643.426593,41152236235.886998,3503878,669671,2961869,7135418
2026-02-13,NASDAQ PSX (X),8371111.000000,7136740.000000,10365774.000000,25873625.000000,679897334.106600,1182235060.510401,947174753.438300,2809307148.055301,143432,46234,163068,352734
2026-02-13,BYX Equities (Y),44917989.000000,36095022.000000,52694291.000000,133707302.000000,2151402520.915500,2075624879.822999,2881621834.760499,7108649235.498998,526991,206556,591384,1324931
2026-02-13,BZX Equities (Z),239067905.000000,271657701.000000,288699467.000000,799425073.000000,14433221632.984199,17435236745.535301,21252407820.773616,53120866199.293116,3399952,1773087,3563806,8736845
2026-02-12,NYSE American (A),8501162.000000,50367451.000000,8759649.000000,67628262.000000,623459749.016100,870303120.565200,634177031.257900,2127939900.839200,94190,144983,85488,324661
2026-02-12,NASDAQ Texas (B),25957735.000000,19779695.000000,27482179.000000,73219609.000000,2171702640.292600,1057361177.433700,2174035449.365700,5403099267.092000,366181,151709,364475,882365
2026-02-12,NYSE National (C),29968030.000000,25983893.000000,26692342.000000,82644265.000000,1384124488.067300,1048663187.408400,1174877047.450900,3607664722.926600,333309,119105,295352,747766
2026-02-12,FINRA / Nasdaq TRF Chicago (DB),17540773.000000,21389414.000000,35229436.000000,74159623.000000,1057395013.450400,827356546.366800,3086073334.055001,4970824893.872201,156738,67629,297725,522092
2026-02-12,FINRA / NYSE TRF (DN),111116933.000000,125337118.000000,205281428.000000,441735479.000000,6675327665.038699,4120156995.649301,9035718909.691101,19831203570.379101,814726,350919,1075872,2241517
2026-02-12,FINRA / Nasdaq TRF Carteret (DQ),3054092730.000000,2936088682.000000,4104986760.000000,10095168172.000000,174775399966.053551,111651121812.332382,237681866401.670099,524108388180.056032,25274170,8130233,28062420,61466823
2026-02-12,24X National Exchange (G),1215057.000000,1128805.000000,2927126.000000,5270988.000000,48936753.721000,74306223.874000,321566735.893500,444809713.488500,10471,9465,30663,50599
2026-02-12,MIAX Pearl (H),33538508.000000,97175289.000000,75981523.000000,206695320.000000,1348975899.595500,3571178086.854200,2698817516.092801,7618971502.542501,352496,414814,482568,1249878
2026-02-12,EDGA Equities (J),42637555.000000,74679818.000000,92343852.000000,209661225.000000,2472530760.528600,2752071518.638701,2857930189.586301,8082532468.753602,569071,324380,649213,1542664
2026-02-12,EDGX Equities (K),219006833.000000,324299763.000000,420002908.000000,963309504.000000,11982789405.790102,17114061067.918318,23579166367.689401,52676016841.397821,2902672,2049138,4110230,9062040
2026-02-12,LTSE (L),1442353.000000,2279146.000000,1858676.000000,5580175.000000,88315925.460000,73783627.107000,88623384.266100,250722936.833100,15806,2838,16120,34764
2026-02-12,NYSE Texas (M),19766614.000000,17169445.000000,26267787.000000,63203846.000000,1651110830.774600,1516313309.551900,3591265602.801301,6758689743.127801,62418,16324,63741,142483
2026-02-12,NYSE (N),1604917125.000000,166514215.000000,200834189.000000,1972265529.000000,96993233480.156525,11247579538.803402,9937437445.459001,118178250464.418928,9118026,862845,1704643,11685514
2026-02-12,NYSE Arca (P),377594735.000000,1153273820.000000,922146819.000000,2453015374.000000,21001733083.144795,67944113976.175053,46764378161.817912,135710225221.137760,4676078,5155183,8034915,17866176
2026-02-12,NASDAQ (Q),831162088.000000,574261618.000000,2043045251.000000,3448468957.000000,53912799320.246898,55646084951.054633,177441931127.060833,287000815398.362364,11583492,4353882,17196146,33133520
2026-02-12,Members Exchange (U),93973262.000000,246661821.000000,232019046.000000,572654129.000000,4960139675.817298,8418205776.512798,9921070764.639802,23299416216.969898,947577,962303,1371947,3281827
2026-02-12,Investors Exchange (V),377066766.000000,226707231.000000,310398451.000000,914172448.000000,21529625525.786098,9863023856.260698,19078095287.183299,50470744669.230095,4197530,774074,3352124,8323728
2026-02-12,NASDAQ PSX (X),11051219.000000,7982445.000000,9946621.000000,28980285.000000,931535866.294200,1182939223.367800,1088390702.805700,3202865792.467700,186236,48763,174663,409662
2026-02-12,BYX Equities (Y),57627761.000000,53263505.000000,58140139.000000,169031405.000000,2964082015.169100,2985594281.700301,3193916141.043700,9143592437.913101,661281,268409,645363,1575053
2026-02-12,BZX Equities (Z),308250714.000000,320714299.000000,314435260.000000,943400273.000000,19159802984.926897,21180024534.555293,24089742144.201015,64429569663.683205,4332985,2052045,4062422,10447452
2026-02-11,NYSE American (A),7377152.000000,36406700.000000,8507625.000000,52291477.000000,444738326.067100,600220622.835300,494872529.584900,1539831478.487300,77272,105753,75202,258227
2026-02-11,NASDAQ Texas (B),21639536.000000,14861261.000000,27814135.000000,64314932.000000,1829150689.490800,731485682.173200,1845021654.126400,4405658025.790400,314131,110940,334382,759453
2026-02-11,NYSE National (C),25966346.000000,20619168.000000,25099084.000000,71684598.000000,1245819228.340400,803219342.373900,1000195482.222500,3049234052.936800,298251,87898,281288,667437
2026-02-11,FINRA / Nasdaq TRF Chicago (DB),16323045.000000,15960109.000000,36679621.000000,68962775.000000,974922914.920400,645239402.841800,3017880303.817502,4638042621.579702,150110,54737,280077,484924
2026-02-11,FINRA / NYSE TRF (DN),99665101.000000,110121839.000000,270552628.000000,480339568.000000,5819768957.086299,3708147600.811700,8713662070.299600,18241578628.197599,754203,289109,1105804,2149116
2026-02-11,FINRA / Nasdaq TRF Carteret (DQ),2746944680.000000,2237368560.000000,4818472504.000000,9802785744.000000,154235295552.873146,81971184777.736846,211332567425.101887,447539047755.711879,23097255,6244715,26924081,56266051
2026-02-11,24X National Exchange (G),1123006.000000,645323.000000,2749729.000000,4518058.000000,35317862.285000,38219270.746000,284874234.961800,358411367.992800,8452,5196,28991,42639
2026-02-11,MIAX Pearl (H),26699304.000000,58961224.000000,90067015.000000,175727543.000000,1208517897.518800,2408922355.624200,2190153829.228500,5807594082.371500,278681,264468,474366,1017515
2026-02-11,EDGA Equities (J),35986203.000000,35942295.000000,165897721.000000,237826219.000000,2052248097.710900,1806560388.546100,2402152844.460500,6260961330.717500,465970,191124,727064,1384158
2026-02-11,EDGX Equities (K),190320167.000000,255719235.000000,487503098.000000,933542500.000000,10220887126.219606,11831895503.508217,20985598244.225305,43038380873.953128,2490897,1513445,3954058,7958400
2026-02-11,LTSE (L),628672.000000,1161417.000000,828684.000000,2618773.000000,37885627.180000,51615871.380000,28168944.568900,117670443.128900,7557,1751,9271,18579
2026-02-11,NYSE Texas (M),24185744.000000,18602656.000000,21345430.000000,64133830.000000,1702386713.989300,2461507340.676499,2809196165.116300,6973090219.782099,46079,13999,53099,113177
2026-02-11,NYSE (N),1398606009.000000,128649756.000000,182538946.000000,1709794711.000000,85263169889.195604,7449520264.259602,8022134397.482100,100734824550.937306,7634274,630877,1510587,9775738
2026-02-11,NYSE Arca (P),322429575.000000,817734758.000000,1232758101.000000,2372922434.000000,18091276352.210694,48122084995.844431,37029817262.990294,103243178611.045419,4090005,3751691,7923015,15764711
2026-02-11,NASDAQ (Q),659430101.000000,416329397.000000,1900779082.000000,2976538580.000000,42850705131.666196,38984809832.159900,143155071012.830699,224990585976.656795,9513315,3193287,15120758,27827360
2026-02-11,Members Exchange (U),85281009.000000,123765817.000000,312336979.000000,521383805.000000,4361836346.239899,5592415637.375202,9333610897.991295,19287862881.606396,818715,617773,1333737,2770225
2026-02-11,Investors Exchange (V),319698912.000000,193780605.000000,293126307.000000,806605824.000000,18444122065.847704,7241752346.069902,16263612290.580702,41949486702.498308,3650398,605838,3045682,7301918
2026-02-11,NASDAQ PSX (X),8238603.000000,5828261.000000,8640433.000000,22707297.000000,690767178.165200,781825808.848500,862364798.913500,2334957785.927200,140700,31425,142701,314826
2026-02-11,BYX Equities (Y),50851206.000000,37500509.000000,61357435.000000,149709150.000000,2549243684.807500,1898138610.633400,2636424304.027501,7083806599.468401,565836,178200,593344,1337380
2026-02-11,BZX Equities (Z),245692905.000000,242074854.000000,294090493.000000,781858252.000000,14903192404.395896,14665843149.694417,20544256538.138502,50113292092.228815,3459934,1501726,3567197,8528857
2026-02-10,NYSE American (A),7074195.000000,40099836.000000,8101127.000000,55275158.000000,414104539.119400,591645469.427400,455301435.265500,1461051443.812300,75831,104800,76219,256850
2026-02-10,NASDAQ Texas (B),16760613.000000,9892082.000000,23753486.000000,50406181.000000,1323552580.886000,570339267.632700,1506876150.017100,3400767998.535800,246465,88255,274620,609340
2026-02-10,NYSE National (C),20958322.000000,14512288.000000,25449618.000000,60920228.000000,928231640.949300,606077880.460700,995884028.963900,2530193550.373900,253888,89189,264275,607352
2026-02-10,FINRA / Nasdaq TRF Chicago (DB),13869326.000000,12894219.000000,30383302.000000,57146847.000000,792348784.377100,547335581.729000,2455201062.633399,3794885428.739499,123719,49177,232150,405046
2026-02-10,FINRA / NYSE TRF (DN),86840784.000000,84490451.000000,210237548.000000,381568783.000000,5255975858.825299,3277754001.498700,7061203629.259398,15594933489.583397,706539,284446,967082,1958067
2026-02-10,FINRA / Nasdaq TRF Carteret (DQ),2556538038.000000,1902751397.000000,4327822211.000000,8787111646.000000,143182216540.794399,81852760730.305049,196705151816.920784,421740129088.020232,21408779,5822479,24821319,52052577
2026-02-10,24X National Exchange (G),1169420.000000,829086.000000,3210654.000000,5209160.000000,40561369.909000,52759542.195000,318106457.074500,411427369.178500,9881,7381,34416,51678
2026-02-10,MIAX Pearl (H),23257930.000000,41603807.000000,113224735.000000,178086472.000000,1062562777.474700,1875589280.030799,2273348912.430398,5211500969.935897,250979,202989,435789,889757
2026-02-10,EDGA Equities (J),33600250.000000,25678680.000000,113190719.000000,172469649.000000,1768859222.724300,1443176633.388900,2140023604.203300,5352059460.316500,402205,152112,530276,1084593
2026-02-10,EDGX Equities (K),165465158.000000,172315172.000000,386617476.000000,724397806.000000,9148795483.905198,9909750545.000781,18108809569.032698,37167355597.938677,2194647,1234524,3363910,6793081
2026-02-10,LTSE (L),535179.000000,1271646.000000,895476.000000,2702301.000000,26347958.205000,38203709.975000,31756016.812000,96307684.992000,5584,1998,7783,15365
2026-02-10,NYSE Texas (M),22336756.000000,16592452.000000,33249238.000000,72178446.000000,2720983602.013499,2031028571.011800,4673591971.467800,9425604144.493099,40933,10005,49491,100429
2026-02-10,NYSE (N),1295626859.000000,91519669.000000,164479264.000000,1551625792.000000,79814700836.106609,6382436714.285503,6866886452.104398,93064024002.496510,6973414,505086,1312719,8791219
2026-02-10,NYSE Arca (P),279353369.000000,618712012.000000,928042501.000000,1826107882.000000,16016223371.968198,40020139749.521317,31268113535.563505,87304476657.053020,3614231,2989505,6502453,13106189
2026-02-10,NASDAQ (Q),576585565.000000,330132597.000000,1713199986.000000,2619918148.000000,38574654683.459393,32175565875.561199,139574312165.752815,210324532724.773407,8400089,2697264,13417349,24514702
2026-02-10,Members Exchange (U),68533208.000000,91207572.000000,211347509.000000,371088289.000000,3848617698.814200,5007419253.258601,7110735895.718396,15966772847.791197,715604,524307,1080252,2320163
2026-02-10,Investors Exchange (V),273512283.000000,158258880.000000,260893838.000000,692665001.000000,15819153724.089602,6422668587.362701,14989905744.507204,37231728055.959507,3318549,546198,2804123,6668870
2026-02-10,NASDAQ PSX (X),8000340.000000,5110410.000000,8386914.000000,21497664.000000,598519936.176000,591478959.493400,714101989.509200,1904100885.178600,124905,26346,123704,274955
2026-02-10,BYX Equities (Y),40448876.000000,27784077.000000,51107351.000000,119340304.000000,1943188095.597000,1665921031.328600,2310634282.564100,5919743409.489700,471082,159789,512528,1143399
2026-02-10,BZX Equities (Z),209358450.000000,179467291.000000,260394329.000000,649220070.000000,13081161410.371399,12174877804.650597,18119856696.629304,43375895911.651300,3087237,1221060,3208538,7516835
2026-02-09,NYSE American (A),6800842.000000,36902538.000000,9143134.000000,52846514.000000,401761342.413100,617785308.420500,534703248.449300,1554249899.282900,71686,106378,72907,250971
2026-02-09,NASDAQ Texas (B),15771906.000000,10383668.000000,20797693.000000,46953267.000000,1226371077.265800,565275590.936200,1498796543.645900,3290443211.847900,245491,95695,279943,621129
2026-02-09,NYSE National (C),21646125.000000,19069741.000000,23362391.000000,64078257.000000,931915823.341400,789206518.334900,1012808463.683400,2733930805.359700,251810,95330,260922,608062
2026-02-09,FINRA / Nasdaq TRF Chicago (DB),14573663.000000,12549183.000000,32238020.000000,59360866.000000,768093383.569500,566076723.109300,2425155576.542801,3759325683.221601,133422,58565,258752,450739
2026-02-09,FINRA / NYSE TRF (DN),90807505.000000,87016456.000000,213150786.000000,390974747.000000,4973820013.961700,4078746499.789599,8025765429.594503,17078331943.345802,747584,320755,1144350,2212689
2026-02-09,FINRA / Nasdaq TRF Carteret (DQ),2569252033.000000,1871511672.000000,3906682479.000000,8347446184.000000,139824789593.979872,86319514472.037593,206047171585.132754,432191475651.150219,21908414,6663080,26475134,55046628
2026-02-09,24X National Exchange (G),1358359.000000,781801.000000,3630991.000000,5771151.000000,48689388.050000,44347373.948200,323400900.755400,416437662.753600,12047,7284,37661,56992
2026-02-09,MIAX Pearl (H),23561582.000000,43103287.000000,68214575.000000,134879444.000000,902322772.182000,2073524056.340600,2330357841.630201,5306204670.152801,234403,243197,431453,909053
2026-02-09,EDGA Equities (J),31014286.000000,26413358.000000,80995813.000000,138423457.000000,1695916597.666200,1581890365.186600,2483485791.432100,5761292754.284900,398741,170589,558658,1127988
2026-02-09,EDGX Equities (K),169788220.000000,205346686.000000,394606888.000000,769741794.000000,8825821882.395505,10747349357.748600,20322946632.721908,39896117872.866013,2160570,1354097,3746741,7261408
2026-02-09,LTSE (L),398377.000000,1142684.000000,789896.000000,2330957.000000,24828723.160000,49116349.810000,39798586.487600,113743659.457600,5010,2624,7440,15074
2026-02-09,NYSE Texas (M),15596578.000000,17292829.000000,16166975.000000,49056382.000000,1252636978.250000,2506545119.890300,2772754222.848298,6531936320.988598,41052,12228,51863,105143
2026-02-09,NYSE (N),1298345488.000000,104959024.000000,172548169.000000,1575852681.000000,78086296178.298404,7049464622.931099,7601422767.857897,92737183569.087400,6900950,558569,1396933,8856452
2026-02-09,NYSE Arca (P),287501580.000000,678699822.000000,844164416.000000,1810365818.000000,15212524650.417996,42684643655.695227,35413354789.037175,93310523095.150398,3567772,3259201,7024036,13851009
2026-02-09,NASDAQ (Q),584776916.000000,356957504.000000,1767675605.000000,2709410025.000000,36154177063.266909,34418127297.876695,142750248700.699340,213322553061.842944,8271547,2834579,14284083,25390209
2026-02-09,Members Exchange (U),70302631.000000,86999101.000000,207431497.000000,364733229.000000,3747453529.459600,5424242321.657802,8380017517.356898,17551713368.474300,711058,556269,1217299,2484626
2026-02-09,Investors Exchange (V),278746195.000000,139259383.000000,268234373.000000,686239951.000000,15366764117.504797,6214017534.195099,16121700581.206697,37702482232.906593,3313137,570776,2895771,6779684
2026-02-09,NASDAQ PSX (X),6186028.000000,5341249.000000,7135796.000000,18663073.000000,454073881.887500,764506862.888400,690934608.614200,1909515353.390100,96331,30666,109657,236654
2026-02-09,BYX Equities (Y),39378845.000000,29568941.000000,46465122.000000,115412908.000000,1860996944.562700,1668123034.155800,2330885948.471500,5860005927.190000,468741,173907,517954,1160602
2026-02-09,BZX Equities (Z),212667427.000000,197475116.000000,277230628.000000,687373171.000000,12437059017.815000,12538572586.190308,20391525485.318001,45367157089.323309,3062031,1313767,3468416,7844214
2026-02-06,NYSE American (A),5844292.000000,43719658.000000,9102266.000000,58666216.000000,277905923.303300,822355366.399300,477869419.737400,1578130709.440000,55728,117986,64027,237741
2026-02-06,NASDAQ Texas (B),18358525.000000,15316512.000000,27556343.000000,61231380.000000,1400702455.072200,771952683.311300,1963903183.939399,4136558322.322899,277787,113938,349440,741165
2026-02-06,NYSE National (C),25260903.000000,20453297.000000,32790510.000000,78504710.000000,1056095589.787700,780315409.973500,1305441631.227200,3141852630.988400,282299,112716,317359,712374
2026-02-06,FINRA / Nasdaq TRF Chicago (DB),13728344.000000,15908680.000000,31600884.000000,61237908.000000,725532693.689800,645573260.069600,2703077343.410999,4074183297.170399,120356,55404,261097,436857
2026-02-06,FINRA / NYSE TRF (DN),97833715.000000,108046062.000000,227560265.000000,433440042.000000,5541750024.383901,3876602685.591501,11869070128.090685,21287422838.066087,797320,415685,1246190,2459195
2026-02-06,FINRA / Nasdaq TRF Carteret (DQ),2747517469.000000,2163299332.000000,4173325071.000000,9084141872.000000,155309387163.676152,95985958060.851472,242418919890.821833,493714265115.349457,23139692,7226975,29007613,59374280
2026-02-06,24X National Exchange (G),7393250.000000,12664516.000000,21231580.000000,41289346.000000,300152517.720000,1060731782.449500,1891529195.845400,3252413496.014900,60219,106875,164174,331268
2026-02-06,MIAX Pearl (H),25790140.000000,69477775.000000,70748030.000000,166015945.000000,1021337816.930000,3221336741.997099,2586286567.604400,6828961126.531499,261423,321140,438694,1021257
2026-02-06,EDGA Equities (J),33621682.000000,32201136.000000,77809585.000000,143632403.000000,1876209907.527000,1989031096.159799,2914635209.873901,6779876213.560700,434998,199205,605112,1239315
2026-02-06,EDGX Equities (K),195692044.000000,292128862.000000,421353188.000000,909174094.000000,10215674498.661694,15008426403.792919,25478680421.586102,50702781324.040715,2456973,1884550,4271564,8613087
2026-02-06,LTSE (L),641857.000000,740332.000000,896460.000000,2278649.000000,38943185.285000,34115946.453000,54816896.124000,127876027.862000,7704,2005,8641,18350
2026-02-06,NYSE Texas (M),20298503.000000,13999304.000000,47503430.000000,81801237.000000,2120918738.108701,1997353982.759400,7336524011.041302,11454796731.909403,58200,15002,73014,146216
2026-02-06,NYSE (N),1503140905.000000,126119943.000000,197636913.000000,1826897761.000000,88382312824.358091,8835086699.679193,9270438351.145597,106487837875.182881,7763396,716886,1652014,10132296
2026-02-06,NYSE Arca (P),323507223.000000,852200234.000000,854294328.000000,2030001785.000000,17176923985.499191,53932588153.475135,46947418554.187299,118056930693.161625,3981131,4289890,8206695,16477716
2026-02-06,NASDAQ (Q),679356039.000000,446553034.000000,2124860830.000000,3250769903.000000,42204891195.467995,41171170095.410133,172984515061.434095,256360576352.312223,9609518,3565177,17137622,30312317
2026-02-06,Members Exchange (U),87784600.000000,134912046.000000,215229583.000000,437926229.000000,4431887301.157798,7292687911.175896,10793654556.428602,22518229768.762296,829438,767537,1406225,3003200
2026-02-06,Investors Exchange (V),296868583.000000,169102566.000000,317845178.000000,783816327.000000,16636466604.509600,8381254349.740701,19361450111.394002,44379171065.644303,3475836,685592,3326067,7487495
2026-02-06,NASDAQ PSX (X),7583133.000000,6840836.000000,10118609.000000,24542578.000000,635158342.769000,1184935085.171099,994906860.934300,2815000288.874399,129553,41503,147236,318292
2026-02-06,BYX Equities (Y),44108918.000000,37661248.000000,60928085.000000,142698251.000000,2069418052.265000,1948569518.613498,3015041156.998800,7033028727.877298,518726,195501,641567,1355794
2026-02-06,BZX Equities (Z),261255507.000000,264649290.000000,344119524.000000,870024321.000000,15096216320.569193,16735102008.453194,25682424160.124923,57513742489.147310,3584878,1742393,4122268,9449539
2026-02-05,NYSE American (A),7314331.000000,51115189.000000,12582556.000000,71012076.000000,374778309.589100,951903967.881000,637596674.329700,1964278951.799800,75297,150519,85466,311282
2026-02-05,NASDAQ Texas (B),24491533.000000,22247815.000000,31000451.000000,77739799.000000,1941637539.175600,1074617216.658300,2491929890.581199,5508184646.415099,352352,163723,419557,935632
2026-02-05,NYSE National (C),27784844.000000,27515460.000000,40043801.000000,95344105.000000,1296937653.494000,975837223.874800,1548044680.746700,3820819558.115500,327041,144008,356497,827546
2026-02-05,FINRA / Nasdaq TRF Chicago (DB),18744438.000000,24593591.000000,39914505.000000,83252534.000000,867253401.716900,866229319.167900,3247433474.670900,4980916195.555700,144924,78507,318928,542359
2026-02-05,FINRA / NYSE TRF (DN),109056138.000000,119193073.000000,262231009.000000,490480220.000000,5963724168.423403,4031448700.797402,12901949158.843195,22897122028.064000,864975,407280,1330116,2602371
2026-02-05,FINRA / Nasdaq TRF Carteret (DQ),3058633790.000000,2830681879.000000,4710755463.000000,10600071132.000000,165557728866.260013,110252466310.341610,254449892679.938492,530260087856.540115,25509534,8682387,31819076,66010997
2026-02-05,24X National Exchange (G),6987887.000000,17571832.000000,18472169.000000,43031888.000000,281955502.170000,1557987487.906000,1630949934.020800,3470892924.096800,49720,136362,146125,332207
2026-02-05,MIAX Pearl (H),26238752.000000,97602881.000000,76661567.000000,200503200.000000,1127629068.627000,3958434498.656299,2817290062.765601,7903353630.048900,294655,437128,485619,1217402
2026-02-05,EDGA Equities (J),41244611.000000,46646784.000000,90220326.000000,178111721.000000,2348708208.071200,3004166256.178300,3453799257.776600,8806673722.026100,548174,290789,696929,1535892
2026-02-05,EDGX Equities (K),217808310.000000,400165115.000000,475936096.000000,1093909521.000000,10928478171.384999,16836391009.561210,27206877936.062579,54971747117.008788,2912820,2418507,5035637,10366964
2026-02-05,LTSE (L),844467.000000,1441407.000000,1054349.000000,3340223.000000,51671066.720000,48388472.480000,62525001.416000,162584540.616000,10311,2777,12065,25153
2026-02-05,NYSE Texas (M),43348215.000000,22128931.000000,38827840.000000,104304986.000000,1656197908.596200,2733285625.768800,5913236507.956300,10302720042.321300,85347,22349,89170,196866
2026-02-05,NYSE (N),1532405396.000000,194864627.000000,245161809.000000,1972431832.000000,87962331669.891166,10732728707.804600,10613442103.558399,109308502481.254165,8928816,1024383,1935074,11888273
2026-02-05,NYSE Arca (P),383517395.000000,1162723232.000000,1012958985.000000,2559199612.000000,20261952504.779096,71881652938.677288,54197682059.401672,146341287502.858056,4902757,6183631,9658213,20744601
2026-02-05,NASDAQ (Q),833818057.000000,648088834.000000,2332542051.000000,3814448942.000000,52081469806.527901,59713034651.604627,186333280843.084376,298127785301.216904,11731770,5072172,20048688,36852630
2026-02-05,Members Exchange (U),98364513.000000,178771523.000000,249101853.000000,526237889.000000,4874110902.015000,8712126801.734199,11262041781.944291,24848279485.693490,994553,948113,1619380,3562046
2026-02-05,Investors Exchange (V),336353075.000000,200152094.000000,355515553.000000,892020722.000000,19395281564.544404,9526351653.408997,21472658884.447306,50394292102.400707,3951197,788958,3636385,8376540
2026-02-05,NASDAQ PSX (X),10246222.000000,9686825.000000,11415445.000000,31348492.000000,843786179.632100,1562877344.160901,1252229795.724700,3658893319.517701,164353,60685,181846,406884
2026-02-05,BYX Equities (Y),51465698.000000,52573969.000000,72216475.000000,176256142.000000,2705183892.326499,2668857313.125601,3785504677.546899,9159545882.998999,615302,272625,746314,1634241
2026-02-05,BZX Equities (Z),290011697.000000,350870726.000000,374845211.000000,1015727634.000000,17017174696.331106,21391858685.393300,26496737984.299588,64905771366.023994,4212546,2406638,4633346,11252530
2026-02-04,NYSE American (A),9299059.000000,49451514.000000,11990795.000000,70741368.000000,492594434.367000,861596112.468600,688827135.788200,2043017682.623800,84199,152399,90066,326664
2026-02-04,NASDAQ Texas (B),25804385.000000,21288185.000000,31022475.000000,78115045.000000,2109830751.241200,1253955074.342400,2466805507.087399,5830591332.670999,386830,171345,424619,982794
2026-02-04,NYSE National (C),30169327.000000,27361986.000000,34719826.000000,92251139.000000,1433590966.727800,1070095367.154600,1565483143.366800,4069169477.249200,345089,146674,364936,856699
2026-02-04,FINRA / Nasdaq TRF Chicago (DB),17799042.000000,26716675.000000,42969224.000000,87484941.000000,1040659621.883500,891159617.015200,3421255800.802300,5353075039.701000,165659,77086,355173,597918
2026-02-04,FINRA / NYSE TRF (DN),118525354.000000,122956688.000000,282086524.000000,523568566.000000,7093196804.188999,5418354474.341302,12042832578.989094,24554383857.519395,925653,422041,1357920,2705614
2026-02-04,FINRA / Nasdaq TRF Carteret (DQ),3240166320.000000,2775354304.000000,5004691100.000000,11020211724.000000,195765522875.733315,112634232221.533349,271000791238.847255,579400546336.113919,27552782,8277256,33489860,69319898
2026-02-04,24X National Exchange (G),4131013.000000,22820607.000000,17926661.000000,44878281.000000,176133581.153000,2325461119.384700,1762573661.653600,4264168362.191300,38088,189144,146833,374065
2026-02-04,MIAX Pearl (H),34334965.000000,100318462.000000,100398653.000000,235052080.000000,1489007341.897400,4358678570.713601,3637981822.664000,9485667735.275001,355056,446016,580471,1381543
2026-02-04,EDGA Equities (J),47528393.000000,47810012.000000,101200024.000000,196538429.000000,2802527889.697500,2618683955.348900,3881702334.208900,9302914179.255300,625473,298192,789893,1713558
2026-02-04,EDGX Equities (K),232363094.000000,397407780.000000,559347796.000000,1189118670.000000,12716149180.590303,20331318753.509303,29038451847.624975,62085919781.724581,3138044,2463979,5251838,10853861
2026-02-04,LTSE (L),761575.000000,1347112.000000,1439313.000000,3548000.000000,46022409.180000,51366077.598000,88991652.758000,186380139.536000,8868,2062,12226,23156
2026-02-04,NYSE Texas (M),26671894.000000,14941535.000000,35260126.000000,76873555.000000,2303157018.397900,1401034944.110000,5732882371.705496,9437074334.213396,63382,19560,73042,155984
2026-02-04,NYSE (N),1635500531.000000,206668831.000000,250526298.000000,2092695660.000000,98136598669.190387,12879441959.878200,11718659622.347500,122734700251.416087,9718233,1073058,2074973,12866264
2026-02-04,NYSE Arca (P),406999536.000000,1126337976.000000,1150664232.000000,2684001744.000000,23020625537.023703,71343524501.749903,57116989417.229291,151481139456.002897,5130521,5876989,9885471,20892981
2026-02-04,NASDAQ (Q),896272042.000000,647083493.000000,2332349270.000000,3875704805.000000,59868903087.008808,59606233333.547773,197956207883.560135,317431344304.116716,12725739,5265801,20718662,38710202
2026-02-04,Members Exchange (U),106043513.000000,192251111.000000,278262559.000000,576557183.000000,5877358722.167997,9473938613.384805,11575640121.795200,26926937457.348002,1091717,982158,1628964,3702839
2026-02-04,Investors Exchange (V),381077037.000000,243001337.000000,362691304.000000,986769678.000000,22461344647.422901,11013650713.963903,22844589097.163609,56319584458.550413,4254466,870466,3725908,8850840
2026-02-04,NASDAQ PSX (X),10058955.000000,10173622.000000,10688790.000000,30921367.000000,852120404.735400,1637102224.856300,1168333347.973300,3657555977.565000,171936,62535,189435,423906
2026-02-04,BYX Equities (Y),56462490.000000,55592159.000000,70981589.000000,183036238.000000,3157021864.926000,3220346418.390004,4046429848.559799,10423798131.875803,679008,310759,799320,1789087
2026-02-04,BZX Equities (Z),312971747.000000,365964072.000000,383874612.000000,1062810431.000000,19570142889.729594,22684297231.408296,28894391471.934099,71148831593.071989,4541138,2448943,4874968,11865049
2026-02-03,NYSE American (A),10129735.000000,50524795.000000,11462894.000000,72117424.000000,484046130.235300,868393323.590700,589616784.301800,1942056238.127800,91940,154612,88492,335044
2026-02-03,NASDAQ Texas (B),26716879.000000,21572422.000000,29984096.000000,78273397.000000,1952090175.152100,1151421459.252000,2028737005.841600,5132248640.245700,370883,170369,386632,927884
2026-02-03,NYSE National (C),31720681.000000,29327401.000000,32955568.000000,94003650.000000,1349241247.277800,1084131522.145300,1285936736.739400,3719309506.162500,343713,141087,328631,813431
2026-02-03,FINRA / Nasdaq TRF Chicago (DB),16616065.000000,21119596.000000,40854304.000000,78589965.000000,925028070.848100,917647088.017800,3271181159.036000,5113856317.901900,155735,78369,323683,557787
2026-02-03,FINRA / NYSE TRF (DN),109886809.000000,129820362.000000,301323644.000000,541030815.000000,6002010292.698300,6496286497.484608,10596992039.337897,23095288829.520805,882674,432519,1412311,2727504
2026-02-03,FINRA / Nasdaq TRF Carteret (DQ),3042332248.000000,2697836152.000000,4866905831.000000,10607074231.000000,173462429154.126962,114365945066.714009,255833047253.339669,543661421474.180640,25846130,8550357,31051192,65447679
2026-02-03,24X National Exchange (G),3991088.000000,4589093.000000,8742435.000000,17322616.000000,130454623.820000,431558817.543500,767879853.150300,1329893294.513800,32997,42321,82954,158272
2026-02-03,MIAX Pearl (H),31087992.000000,101675493.000000,111470636.000000,244234121.000000,1334845112.644400,4543655154.479401,3177341594.285701,9055841861.409502,342150,445265,549147,1336562
2026-02-03,EDGA Equities (J),45018817.000000,51107840.000000,129909740.000000,226036397.000000,2531815439.009500,2620803181.881500,3035276301.101001,8187894921.992001,568282,288202,697961,1554445
2026-02-03,EDGX Equities (K),221962902.000000,363080276.000000,538148113.000000,1123191291.000000,11689118891.553301,19325270205.831813,25917403204.072793,56931792301.457907,2897711,2263580,4690992,9852283
2026-02-03,LTSE (L),915372.000000,2399944.000000,1404668.000000,4719984.000000,54566707.880000,76093140.354000,61074608.645700,191734456.879700,11331,2924,12529,26784
2026-02-03,NYSE Texas (M),21612054.000000,16842520.000000,31523383.000000,69977957.000000,2041521272.088800,1791852275.273700,6081775065.218900,9915148612.581400,56704,19496,61558,137758
2026-02-03,NYSE (N),1555898800.000000,184803625.000000,218170950.000000,1958873375.000000,91547885564.112393,10365739753.982698,9261757801.108503,111175383119.203594,9304136,893381,1808183,12005700
2026-02-03,NYSE Arca (P),377023803.000000,1123301657.000000,1067470069.000000,2567795529.000000,19912616048.990898,69240148260.070363,46022510675.940019,135175274985.001280,4674823,5275435,8688046,18638304
2026-02-03,NASDAQ (Q),834964978.000000,609733754.000000,2144807301.000000,3589506033.000000,52476113716.709892,56177718345.042930,174431926272.692691,283085758334.445513,11769032,4517783,18185675,34472490
2026-02-03,Members Exchange (U),95388321.000000,175413013.000000,274958739.000000,545760073.000000,5226119288.885599,9010989310.841503,11919969169.227104,26157077768.954206,990081,905593,1543070,3438744
2026-02-03,Investors Exchange (V),348519883.000000,242033728.000000,331358366.000000,921911977.000000,19719251071.255697,10480252146.595598,20141842058.453807,50341345276.305102,3978056,844669,3403287,8226012
2026-02-03,NASDAQ PSX (X),11085636.000000,10070412.000000,10567948.000000,31723996.000000,833100899.510900,1202614658.749000,1024481603.985700,3060197162.245600,167525,53536,169468,390529
2026-02-03,BYX Equities (Y),53187513.000000,55947939.000000,63521241.000000,172656693.000000,2769956969.100400,3183870594.328401,3038223345.702300,8992050909.131101,628992,270190,658675,1557857
2026-02-03,BZX Equities (Z),287534747.000000,388626408.000000,358022091.000000,1034183246.000000,17287688175.392000,22482698410.887707,23702375517.408204,63472762103.687911,4198054,2170490,4135301,10503845
2026-02-02,NYSE American (A),8393703.000000,48181814.000000,10794128.000000,67369645.000000,476373266.127000,792064919.001600,632723403.251900,1901161588.380500,86271,136382,85186,307839
2026-02-02,NASDAQ Texas (B),17964221.000000,18951158.000000,23083336.000000,59998715.000000,1279197333.990500,994399961.220900,1573750643.543499,3847347938.754899,272488,150213,309999,732700
2026-02-02,NYSE National (C),27564045.000000,23257934.000000,31827551.000000,82649530.000000,1064196169.440000,896365366.182600,1269247312.356000,3229808847.978600,304610,124859,308081,737550
2026-02-02,FINRA / Nasdaq TRF Chicago (DB),13879516.000000,23621058.000000,31646719.000000,69147293.000000,702551377.956500,954154645.915000,2425252702.693702,4081958726.565202,134916,81564,262828,479308
2026-02-02,FINRA / NYSE TRF (DN),101781967.000000,172087900.000000,290718720.000000,564588587.000000,5052207824.474100,6764353022.894100,10752743096.743394,22569303944.111594,819873,566688,1401958,2788519
2026-02-02,FINRA / Nasdaq TRF Carteret (DQ),2451332570.000000,2530107082.000000,4189443246.000000,9170882898.000000,152181594159.136994,109213640899.337364,208910668375.026172,470305903433.500530,22914680,8339639,27295907,58550226
2026-02-02,24X National Exchange (G),2727650.000000,3047756.000000,6365407.000000,12140813.000000,97015371.815000,276099944.499500,652964308.171400,1026079624.485900,26461,28211,70122,124794
2026-02-02,MIAX Pearl (H),23903461.000000,69336610.000000,83129295.000000,176369366.000000,953920282.595400,3080721119.881700,2223569235.129101,6258210637.606201,252802,305067,410240,968109
2026-02-02,EDGA Equities (J),29766885.000000,36439124.000000,76897197.000000,143103206.000000,1688333443.988000,2136897494.510701,2336320229.294801,6161551167.793502,410608,200212,552779,1163599
2026-02-02,EDGX Equities (K),167421113.000000,297942310.000000,477541056.000000,942904479.000000,8746427525.212300,15090840168.173115,20812863721.811407,44650131415.196822,2304693,1824189,4049170,8178052
2026-02-02,LTSE (L),410365.000000,1513291.000000,708066.000000,2631722.000000,24949433.545000,51272073.998000,57063790.925000,133285298.468000,5156,1992,6811,13959
2026-02-02,NYSE Texas (M),17377477.000000,14419039.000000,20763307.000000,52559823.000000,1903081200.108200,1257520927.110000,3075464433.032800,6236066560.251000,49434,20249,56291,125974
2026-02-02,NYSE (N),1424741298.000000,138167366.000000,172699680.000000,1735608344.000000,82068218147.710401,7833376868.274998,7317602485.614500,97219197501.599899,7765394,700955,1441050,9907399
2026-02-02,NYSE Arca (P),288526429.000000,940447358.000000,1030473624.000000,2259447411.000000,15162065021.380100,57946082147.642806,35833217617.019105,108941364786.042011,3831381,4429227,7483930,15744538
2026-02-02,NASDAQ (Q),633222440.000000,524521050.000000,1814090684.000000,2971834174.000000,38558696579.967092,41104436778.810878,139488282858.004008,219151416216.781978,9364700,3455194,14650243,27470137
2026-02-02,Members Exchange (U),72451054.000000,129503010.000000,214979974.000000,416934038.000000,3733862500.170501,6684113289.247902,8064024398.492202,18482000187.910605,709467,685666,1129628,2524761
2026-02-02,Investors Exchange (V),281345182.000000,214269753.000000,268755376.000000,764370311.000000,15026598947.096801,9254697004.476394,15295517958.406294,39576813909.979489,3344623,760113,2834599,6939335
2026-02-02,NASDAQ PSX (X),7528477.000000,9471602.000000,8902752.000000,25902831.000000,518360001.528300,877537955.069300,736965560.573700,2132863517.171300,117801,41918,120784,280503
2026-02-02,BYX Equities (Y),40193566.000000,54688622.000000,52283360.000000,147165548.000000,1823222073.186700,3488981567.481899,2582100262.766600,7894303903.435199,491738,272471,561755,1325964
2026-02-02,BZX Equities (Z),222856831.000000,288740284.000000,289548885.000000,801146000.000000,12708164485.591600,18139724035.899515,18809825976.810097,49657714498.301212,3508105,1674086,3452668,8634859
2026-01-30,NYSE American (A),7814512.000000,66339232.000000,9288474.000000,83442218.000000,454403001.044200,1117538361.245400,639038741.439800,2210980103.729400,87024,180225,84423,351672
2026-01-30,NASDAQ Texas (B),20457911.000000,28469737.000000,24071211.000000,72998859.000000,1438117639.205700,1772939087.869200,1783812868.195000,4994869595.269900,308844,207650,333561,850055
2026-01-30,NYSE National (C),28225249.000000,35403930.000000,31455264.000000,95084443.000000,1095061181.634100,1325426220.242300,1284167502.812600,3704654904.689000,311241,154305,309630,775176
2026-01-30,FINRA / Nasdaq TRF Chicago (DB),17397507.000000,34471144.000000,38973719.000000,90842370.000000,839365964.943500,1334724666.718600,3127512684.237500,5301603315.899600,143434,110146,298941,552521
2026-01-30,FINRA / NYSE TRF (DN),116874975.000000,206880121.000000,296284734.000000,620039830.000000,5562637179.612205,11935635740.235893,13920502682.418405,31418775602.266503,812540,576387,1405310,2794237
2026-01-30,FINRA / Nasdaq TRF Carteret (DQ),2827214199.000000,3267778176.000000,4269972070.000000,10364964445.000000,156073270045.190066,143904024398.162838,241776829124.669738,541754123568.022642,22925146,9994499,27425418,60345063
2026-01-30,24X National Exchange (G),4080468.000000,4537417.000000,8599872.000000,17217757.000000,158305913.974500,417965318.485500,925316673.339400,1501587905.799400,29934,37466,75784,143184
2026-01-30,MIAX Pearl (H),26835074.000000,113047763.000000,86841186.000000,226724023.000000,1075078155.242600,4590372299.992899,3023609331.476100,8689059786.711599,259265,393238,440010,1092513
2026-01-30,EDGA Equities (J),33977867.000000,59615492.000000,69572188.000000,163165547.000000,1933493873.802800,3191380001.765200,2830383220.975200,7955257096.543200,453663,245604,561697,1260964
2026-01-30,EDGX Equities (K),193111168.000000,430871803.000000,442848590.000000,1066831561.000000,9548474404.503399,22614330069.749598,23056467738.999001,55219272213.251998,2456824,2535992,4052623,9045439
2026-01-30,LTSE (L),668315.000000,1310369.000000,927380.000000,2906064.000000,35914081.815000,45426400.112000,57061750.454000,138402232.381000,8627,2395,9342,20364
2026-01-30,NYSE Texas (M),21543219.000000,26308699.000000,38477859.000000,86329777.000000,1982341759.385100,4437517058.965600,6340750387.714803,12760609206.065503,50712,24386,54138,129236
2026-01-30,NYSE (N),1833110682.000000,206836189.000000,182856038.000000,2222802909.000000,105460044262.323408,12477229359.956707,8183226318.900302,126120499941.180417,8380858,899633,1496228,10776719
2026-01-30,NYSE Arca (P),318535268.000000,1381235763.000000,903063908.000000,2602834939.000000,16023555516.899301,85497158428.383836,38818353730.671296,140339067675.954433,3926464,6353031,7768803,18048298
2026-01-30,NASDAQ (Q),695043701.000000,843514206.000000,2336799695.000000,3875357602.000000,40752889497.781903,66477122001.131388,184192876606.818300,291422888105.731591,9841575,5198602,16158494,31198671
2026-01-30,Members Exchange (U),82662148.000000,192870736.000000,224532217.000000,500065101.000000,4216030581.519800,10247742602.080998,9140738807.772795,23604511991.373593,781408,882203,1233047,2896658
2026-01-30,Investors Exchange (V),308140829.000000,271628126.000000,285851990.000000,865620945.000000,16148490923.183604,12203424170.090406,17843432348.116097,46195347441.390107,3514777,945349,3051786,7511912
2026-01-30,NASDAQ PSX (X),8505506.000000,13690502.000000,9498251.000000,31694259.000000,607272223.493800,1409615278.057700,912295451.567200,2929182953.118700,136343,64305,137573,338221
2026-01-30,BYX Equities (Y),47353415.000000,86033108.000000,58360486.000000,191747009.000000,2027091844.334100,5092585534.519889,2853613084.964200,9973290463.818189,530120,366197,620535,1516852
2026-01-30,BZX Equities (Z),242220707.000000,484483387.000000,290469412.000000,1017173506.000000,13469826947.184603,29407850846.807596,22207495802.767195,65085173596.759394,3600149,2402727,3535587,9538463
2026-01-29,NYSE American (A),8419801.000000,72198224.000000,9397760.000000,90015785.000000,497682877.377300,1289286324.161500,652575215.843100,2439544417.381900,94928,223341,89234,407503
2026-01-29,NASDAQ Texas (B),20896751.000000,26662252.000000,25451877.000000,73010880.000000,1502619606.687900,1567968756.933900,2016526939.110501,5087115302.732301,299162,192471,331335,822968
2026-01-29,NYSE National (C),27215186.000000,45321147.000000,29322603.000000,101858936.000000,1207660969.663000,1332119944.241000,1399381690.097400,3939162604.001400,316322,152178,305069,773569
2026-01-29,FINRA / Nasdaq TRF Chicago (DB),20000759.000000,31515339.000000,38997325.000000,90513423.000000,956839154.490800,1251740923.679601,3317873863.018001,5526453941.188402,167064,98178,344862,610104
2026-01-29,FINRA / NYSE TRF (DN),138067456.000000,206924986.000000,268223960.000000,613216402.000000,6652698614.841595,6835683378.590602,12928765696.850196,26417147690.282393,868625,538562,1311171,2718358
2026-01-29,FINRA / Nasdaq TRF Carteret (DQ),3012186736.000000,3402580852.000000,4195826621.000000,10610594209.000000,163169319700.227632,134829198418.434236,259010914023.441552,557009432142.103420,23975201,9687162,29252123,62914486
2026-01-29,24X National Exchange (G),3251725.000000,4429015.000000,7499083.000000,15179823.000000,135633353.645000,380797414.090000,787775853.197000,1304206620.932000,30115,35873,73631,139619
2026-01-29,MIAX Pearl (H),30044843.000000,109528587.000000,71405697.000000,210979127.000000,1180965732.482300,4358574326.011101,2715884030.528102,8255424089.021503,281783,395079,425246,1102108
2026-01-29,EDGA Equities (J),36935036.000000,70700761.000000,78029954.000000,185665751.000000,2120760407.946300,3216364786.220999,3207050096.297599,8544175290.464898,475147,264436,586297,1325880
2026-01-29,EDGX Equities (K),217203098.000000,402125575.000000,434842075.000000,1054170748.000000,10674229345.554206,21409984986.790501,27025271001.491610,59109485333.836317,2589303,2402210,4232154,9223667
2026-01-29,LTSE (L),758456.000000,2607667.000000,918979.000000,4285102.000000,43457835.575000,75005076.405000,63961189.810000,182424101.790000,9926,3101,9569,22596
2026-01-29,NYSE Texas (M),19454439.000000,13527016.000000,33419936.000000,66401391.000000,1225780069.135800,1325824683.823800,7123745771.974200,9675350524.933800,57486,23197,60844,141527
2026-01-29,NYSE (N),1556828553.000000,194231603.000000,168640424.000000,1919700580.000000,92242951234.261904,11548233365.169198,8762530410.672503,112553715010.103605,8584263,900774,1463103,10948140
2026-01-29,NYSE Arca (P),364054393.000000,1273618009.000000,826961487.000000,2464633889.000000,18158620595.143196,75698617521.313822,46725392225.366120,140582630341.823138,4257074,6035745,8060897,18353716
2026-01-29,NASDAQ (Q),763600125.000000,787667112.000000,2046097233.000000,3597364470.000000,47316585153.894398,67922824688.751951,183257732627.192285,298497142469.838634,10484998,5048951,16714302,32248251
2026-01-29,Members Exchange (U),85176234.000000,183758440.000000,207353701.000000,476288375.000000,4313905844.558600,9188496305.270102,11959212622.513701,25461614772.342403,791521,857263,1276025,2924809
2026-01-29,Investors Exchange (V),316255879.000000,273033384.000000,284196500.000000,873485763.000000,17562531172.456203,12084657960.610496,19086818181.669104,48734007314.735803,3589059,939066,2978566,7506691
2026-01-29,NASDAQ PSX (X),12261411.000000,13369987.000000,11131025.000000,36762423.000000,925181046.495700,1504249121.120500,1126670273.827600,3556100441.443800,166697,71831,161608,400136
2026-01-29,BYX Equities (Y),50889409.000000,82668872.000000,55938658.000000,189496939.000000,2438037510.292900,4846008236.549599,3382559082.058900,10666604828.901399,577867,348043,620673,1546583
2026-01-29,BZX Equities (Z),270419386.000000,413262214.000000,298572246.000000,982253846.000000,15472362185.624692,27072379494.696514,24972619644.543294,67517361324.864500,3777023,2259303,3754923,9791249
2026-01-28,NYSE American (A),6100172.000000,47700076.000000,6467780.000000,60268028.000000,326318561.622500,784339007.237700,390563321.022400,1501220889.882600,62059,142608,61637,266304
2026-01-28,NASDAQ Texas (B),18779281.000000,19182487.000000,23481262.000000,61443030.000000,1345211742.264500,988745688.074600,1534360197.974100,3868317628.313200,270278,148746,297476,716500
2026-01-28,NYSE National (C),24553168.000000,41992038.000000,22904881.000000,89450087.000000,1013570646.699600,1096887380.269200,1055532098.956800,3165990125.925600,276980,130622,258786,666388
2026-01-28,FINRA / Nasdaq TRF Chicago (DB),15106641.000000,18871230.000000,37052673.000000,71030544.000000,1029609944.876200,789090410.663900,2465261245.051500,4283961600.591600,142167,64387,264729,471283
2026-01-28,FINRA / NYSE TRF (DN),109960977.000000,145736967.000000,275981873.000000,531679817.000000,5406462935.609602,6300744446.499195,10090217241.311702,21797424623.420499,771461,422678,1417512,2611651
2026-01-28,FINRA / Nasdaq TRF Carteret (DQ),2456112137.000000,2503188386.000000,4028153677.000000,8987454200.000000,140543447199.883818,106666051361.262406,204915690105.303560,452125188666.449784,21339759,7112899,25677126,54129784
2026-01-28,24X National Exchange (G),3554944.000000,2948933.000000,4764187.000000,11268064.000000,129332253.235000,262528261.005500,436579983.934200,828440498.174700,26040,24714,42454,93208
2026-01-28,MIAX Pearl (H),24075018.000000,69341030.000000,74338879.000000,167754927.000000,1109432704.632100,2874817145.664000,2312786565.596101,6297036415.892201,230421,271424,399307,901152
2026-01-28,EDGA Equities (J),31258015.000000,50500496.000000,71817814.000000,153576325.000000,1682086853.512700,2269509332.456099,2080621978.979199,6032218164.947998,392168,185095,537827,1115090
2026-01-28,EDGX Equities (K),170646734.000000,267912748.000000,440182599.000000,878742081.000000,9647595686.865401,14038939619.047896,21072530728.763305,44759066034.676602,2181816,1587060,3863622,7632498
2026-01-28,LTSE (L),586045.000000,2377058.000000,745449.000000,3708552.000000,34428154.580000,61159782.650000,43146658.499800,138734595.729800,7476,2432,7705,17613
2026-01-28,NYSE Texas (M),16914536.000000,16894128.000000,20898819.000000,54707483.000000,1723035162.069599,1425604978.886001,4323144705.003501,7471784845.959101,47322,16715,52730,116767
2026-01-28,NYSE (N),1233284531.000000,136436760.000000,145885161.000000,1515606452.000000,73179451931.852495,7821069305.643602,5926632376.985500,86927153614.481597,7031234,636032,1251153,8918419
2026-01-28,NYSE Arca (P),277811751.000000,854987194.000000,851630003.000000,1984428948.000000,15817604222.620698,54314966688.483726,36105491792.631110,106238062703.735534,3521917,3985908,7293476,14801301
2026-01-28,NASDAQ (Q),619431989.000000,529793158.000000,1700109621.000000,2849334768.000000,40656079275.661581,44131157823.373521,133134601081.622255,217921838180.657357,8732651,3314360,13775250,25822261
2026-01-28,Members Exchange (U),71135417.000000,119355556.000000,213975043.000000,404466016.000000,4092721593.489001,6160524482.402203,9172407763.831893,19425653839.723097,697162,564114,1149604,2410880
2026-01-28,Investors Exchange (V),269932953.000000,228055373.000000,250806274.000000,748794600.000000,15356359162.895501,8294348478.915403,14609788635.583499,38260496277.394403,3153017,682157,2656124,6491298
2026-01-28,NASDAQ PSX (X),8228485.000000,9159267.000000,8494340.000000,25882092.000000,611256253.773600,824673570.601700,725383100.171600,2161312924.546900,119253,41068,122849,283170
2026-01-28,BYX Equities (Y),41249207.000000,55180952.000000,47809617.000000,144239776.000000,1907633413.078900,3118772329.903001,2195290150.987700,7221695893.969601,477431,249655,504550,1231636
2026-01-28,BZX Equities (Z),212056244.000000,272511452.000000,252083556.000000,736651252.000000,13148267889.117302,17210272691.300006,16284048480.342296,46642589060.759604,3146493,1463035,3076365,7685893
2026-01-27,NYSE American (A),6093502.000000,49712213.000000,8384124.000000,64189839.000000,322531773.429100,721566142.255000,348145958.202300,1392243873.886400,63157,139664,61708,264529
2026-01-27,NASDAQ Texas (B),17662918.000000,14680877.000000,21190713.000000,53534508.000000,1423599828.001300,762881499.128000,1211026883.797900,3397508210.927200,253480,121308,257870,632658
2026-01-27,NYSE National (C),19959468.000000,22534718.000000,22414705.000000,64908891.000000,872960382.037400,824520706.266701,774815780.133300,2472296868.437401,243052,103719,227483,574254
2026-01-27,FINRA / Nasdaq TRF Chicago (DB),15848710.000000,23654122.000000,34495321.000000,73998153.000000,949989175.219800,870977145.738400,2244918507.460401,4065884828.418601,147723,67722,236565,452010
2026-01-27,FINRA / NYSE TRF (DN),113012638.000000,146589315.000000,273711375.000000,533313328.000000,5580377678.508701,6907188992.648599,8813405075.064298,21300971746.221598,734609,392322,1119318,2246249
2026-01-27,FINRA / Nasdaq TRF Carteret (DQ),2474144142.000000,2290252119.000000,4111757870.000000,8876154131.000000,139941074664.935266,92684475488.479966,183906132830.802188,416531682984.217420,21053642,7101064,24400092,52554798
2026-01-27,24X National Exchange (G),2872030.000000,2425101.000000,4500474.000000,9797605.000000,110750222.789000,221282342.011100,512009198.893200,844041763.693300,23336,22326,38718,84380
2026-01-27,MIAX Pearl (H),22074794.000000,68380043.000000,63960232.000000,154415069.000000,981285149.386300,2505660270.014000,1711889260.850900,5198834680.251200,214280,226921,358719,799920
2026-01-27,EDGA Equities (J),27627078.000000,33486979.000000,76761504.000000,137875561.000000,1525063161.868700,1716694610.641300,1703100956.569800,4944858729.079800,352847,161350,467019,981216
2026-01-27,EDGX Equities (K),162638668.000000,209667341.000000,392872271.000000,765178280.000000,9525676396.108406,10950245532.454592,16570183894.084514,37046105822.647512,2118200,1337504,3377500,6833204
2026-01-27,LTSE (L),315469.000000,1858370.000000,633542.000000,2807381.000000,19077283.960000,42162923.890000,32060523.700000,93300731.550000,4564,2284,5989,12837
2026-01-27,NYSE Texas (M),18278235.000000,19914548.000000,26539442.000000,64732225.000000,2207594804.881300,2168731599.324000,3307325146.121700,7683651550.327000,37706,13241,43649,94596
2026-01-27,NYSE (N),1163251217.000000,102015022.000000,127554156.000000,1392820395.000000,70364655382.771996,5457399526.416099,5182729105.825400,81004784015.013495,6560280,501253,1107271,8168804
2026-01-27,NYSE Arca (P),246447879.000000,740538508.000000,799428562.000000,1786414949.000000,14872424326.584500,44731470073.835849,27103016211.909013,86706910612.329362,3252055,3420571,6607929,13280555
2026-01-27,NASDAQ (Q),543736878.000000,415706676.000000,1586987421.000000,2546430975.000000,36529661448.778899,31430291573.970877,113651353085.970753,181611306108.720529,7753244,2685059,12035541,22473844
2026-01-27,Members Exchange (U),68514081.000000,99147667.000000,196140077.000000,363801825.000000,4266511736.088501,5480291239.510708,6294113543.109298,16040916518.708507,647485,531651,973204,2152340
2026-01-27,Investors Exchange (V),258497223.000000,178017556.000000,238376284.000000,674891063.000000,14802456739.731700,7398116110.604696,13261656716.886398,35462229567.222794,3033148,640807,2479746,6153701
2026-01-27,NASDAQ PSX (X),6857243.000000,5221327.000000,7030374.000000,19108944.000000,533775063.300300,329106590.353000,546158686.441000,1409040340.094300,105726,29423,104223,239372
2026-01-27,BYX Equities (Y),36197978.000000,39417609.000000,45752546.000000,121368133.000000,1986800333.098900,2224460688.117801,1847942164.129000,6059203185.345701,477101,202093,475588,1154782
2026-01-27,BZX Equities (Z),197656555.000000,213057776.000000,237728654.000000,648442985.000000,12325584348.673603,13345721780.436287,14225466602.657999,39896772731.767889,2944399,1245803,2737781,6927983
2026-01-26,NYSE American (A),5179205.000000,66652448.000000,6150796.000000,77982449.000000,279722935.378000,867703206.623000,308493277.448600,1455919419.449600,53605,182901,52593,289099
2026-01-26,NASDAQ Texas (B),15057320.000000,18150734.000000,19948594.000000,53156648.000000,1142737303.401700,818173362.182400,1261681849.569700,3222592515.153800,234490,131756,263295,629541
2026-01-26,NYSE National (C),18974367.000000,30524601.000000,21803951.000000,71302919.000000,779866448.183300,860039415.381300,926301121.529500,2566206985.094100,239481,115525,237850,592856
2026-01-26,FINRA / Nasdaq TRF Chicago (DB),13986208.000000,28101136.000000,35011389.000000,77098733.000000,725950426.205600,1054049233.892800,2238573381.110900,4018573041.209300,133120,86115,273223,492458
2026-01-26,FINRA / NYSE TRF (DN),101014098.000000,185420474.000000,236821014.000000,523255586.000000,4884773411.850202,5892928478.096097,8281120522.804096,19058822412.750395,713249,505171,1147385,2365805
2026-01-26,FINRA / Nasdaq TRF Carteret (DQ),2260299938.000000,2928065479.000000,3752159734.000000,8940525151.000000,122772159618.104518,108131002179.020131,177144113052.610226,408047274849.734875,20180846,8705406,25264667,54150919
2026-01-26,24X National Exchange (G),2475344.000000,3813406.000000,5025142.000000,11313892.000000,108266707.375000,285491696.603400,482138462.484000,875896866.462400,22726,26909,40322,89957
2026-01-26,MIAX Pearl (H),20654692.000000,80839979.000000,58701422.000000,160196093.000000,814842876.508800,2753009543.257300,1991556575.344300,5559408995.110400,202299,297344,338506,838149
2026-01-26,EDGA Equities (J),27028402.000000,51170268.000000,65326256.000000,143524926.000000,1409001918.208300,2026949199.474900,1817766925.549600,5253718043.232800,340246,219657,452921,1012824
2026-01-26,EDGX Equities (K),145584252.000000,292867779.000000,368074325.000000,806526356.000000,7712651919.907002,13031474267.323786,15720084852.139202,36464211039.369990,1967261,1970998,3390471,7328730
2026-01-26,LTSE (L),334007.000000,1302726.000000,391959.000000,2028692.000000,18426989.745000,45303011.944100,26387662.208000,90117663.897100,4478,2125,5532,12135
2026-01-26,NYSE Texas (M),11086072.000000,20354717.000000,20196732.000000,51637521.000000,905649484.182300,2107370940.335200,4070422127.420701,7083442551.938201,34237,14355,43144,91736
2026-01-26,NYSE (N),1173668427.000000,129148348.000000,124341403.000000,1427158178.000000,72270823835.518904,6114457019.140699,4805763164.129101,83191044018.788704,6161281,612562,1085560,7859403
2026-01-26,NYSE Arca (P),226595381.000000,958838802.000000,697770347.000000,1883204530.000000,12464785321.751103,50974663881.854610,24561329894.493985,88000779098.099698,2954500,4661136,6107404,13723040
2026-01-26,NASDAQ (Q),494775329.000000,499936627.000000,1605034930.000000,2599746886.000000,31535863073.794892,38818384879.744097,117620145080.578123,187974393034.117112,7308752,3232538,11939898,22481188
2026-01-26,Members Exchange (U),58863020.000000,143272169.000000,191834798.000000,393969987.000000,3055398909.479499,5941341932.009399,6806425496.624500,15803166338.113398,588439,634439,971167,2194045
2026-01-26,Investors Exchange (V),232109350.000000,206634615.000000,226859315.000000,665603280.000000,12904020865.003099,8549972989.703002,12387645816.887900,33841639671.594001,2819149,686054,2485839,5991042
2026-01-26,NASDAQ PSX (X),6303821.000000,6211783.000000,6928219.000000,19443823.000000,476531756.134700,494806710.519100,586744884.121600,1558083350.775400,103268,34776,109921,247965
2026-01-26,BYX Equities (Y),32311590.000000,49589831.000000,44031562.000000,125932983.000000,1608492199.700600,2625807082.647903,1918821379.638200,6153120661.986703,436773,235672,477155,1149600
2026-01-26,BZX Equities (Z),179506382.000000,263703403.000000,219488697.000000,662698482.000000,10489495911.977701,15565872053.366993,13143444275.976899,39198812241.321593,2730474,1426264,2709089,6865827
2026-01-23,NYSE American (A),4915899.000000,44953664.000000,6547998.000000,56417561.000000,257847570.097900,649954616.082700,345415093.056700,1253217279.237300,50325,130254,56093,236672
2026-01-23,NASDAQ Texas (B),14531681.000000,12186985.000000,22238131.000000,48956797.000000,1170431189.714300,636489824.714200,1367874067.325900,3174795081.754400,227174,111988,277676,616838
2026-01-23,NYSE National (C),18655454.000000,17580052.000000,23791793.000000,60027299.000000,741620727.343000,731503304.784400,787843337.701400,2260967369.828800,223981,100505,248136,572622
2026-01-23,FINRA / Nasdaq TRF Chicago (DB),13012814.000000,14290301.000000,40320509.000000,67623624.000000,675386132.950000,689471017.053300,2696925815.829202,4061782965.832502,117233,58084,280198,455515
2026-01-23,FINRA / NYSE TRF (DN),103621748.000000,117910449.000000,293811650.000000,515343847.000000,5859154467.013102,4598276259.017100,9903335471.036694,20360766197.066896,673673,367458,1251973,2293104
2026-01-23,FINRA / Nasdaq TRF Carteret (DQ),2246576034.000000,2023263314.000000,4014908180.000000,8284747528.000000,122120469182.682754,90108512843.797617,191637750746.155688,403866732772.636059,18685976,6618290,24875857,50180123
2026-01-23,24X National Exchange (G),2476458.000000,2335384.000000,4968147.000000,9779989.000000,74923018.714000,200479363.037000,416194176.082500,691596557.833500,19304,20708,38902,78914
2026-01-23,MIAX Pearl (H),18379459.000000,54542119.000000,72105119.000000,145026697.000000,801169260.529300,2462133483.205499,1966791449.559800,5230094193.294599,182578,218923,401687,803188
2026-01-23,EDGA Equities (J),22631912.000000,27581718.000000,70039046.000000,120252676.000000,1192341865.238400,1538308243.218100,1917173950.977000,4647824059.433500,295619,153629,503528,952776
2026-01-23,EDGX Equities (K),140765276.000000,204057115.000000,418045370.000000,762867761.000000,7424746012.955402,11369107782.145600,18393225409.550410,37187079204.651412,1794712,1250624,4033176,7078512
2026-01-23,LTSE (L),345318.000000,1573128.000000,890709.000000,2809155.000000,20760017.150000,83306672.030000,50208246.325200,154274935.505200,4811,1621,6690,13122
2026-01-23,NYSE Texas (M),22086690.000000,16145980.000000,33420186.000000,71652856.000000,1533340460.454000,1988540483.489100,6140671894.737702,9662552838.680802,39308,12445,48352,100105
2026-01-23,NYSE (N),1114626741.000000,100231807.000000,148502006.000000,1363360554.000000,69864864672.747718,6235307875.028901,5677653545.474799,81777826093.251418,6192372,512075,1268210,7972657
2026-01-23,NYSE Arca (P),219960704.000000,688467212.000000,831676359.000000,1740104275.000000,12213480051.567700,45811749941.034666,30852001022.379690,88877231014.982056,2888061,3192342,7198344,13278747
2026-01-23,NASDAQ (Q),494829786.000000,375345438.000000,1694070689.000000,2564245913.000000,32552691478.704897,34169489824.469009,121875772476.385688,188597953779.559594,7381808,2612927,13250233,23244968
2026-01-23,Members Exchange (U),58962761.000000,99712924.000000,216393822.000000,375069507.000000,3179334466.561200,5568582094.406699,7601997374.301003,16349913935.268902,540308,506447,1127769,2174524
2026-01-23,Investors Exchange (V),230868501.000000,180634914.000000,247050805.000000,658554220.000000,12783179413.019799,7739245815.377700,13053684805.084300,33576110033.481799,2715328,621197,2489665,5826190
2026-01-23,NASDAQ PSX (X),6971265.000000,6496521.000000,8821941.000000,22289727.000000,543660534.365200,803017121.110600,712602544.729800,2059280200.205600,105500,33106,127685,266291
2026-01-23,BYX Equities (Y),33698467.000000,31951910.000000,45152410.000000,110802787.000000,1573462865.163700,1948491991.131000,1965254392.797400,5487209249.092100,405434,183615,473964,1063013
2026-01-23,BZX Equities (Z),172786091.000000,206161099.000000,266305843.000000,645253033.000000,10341118589.459703,13753476630.793797,17285390640.242612,41379985860.496112,2621354,1216671,3079570,6917595
2026-01-22,NYSE American (A),6448399.000000,43477865.000000,8398922.000000,58325186.000000,342577433.970100,693711520.299800,409184317.662600,1445473271.932500,68357,121142,70285,259784
2026-01-22,NASDAQ Texas (B),16271185.000000,12942495.000000,24380602.000000,53594282.000000,1305437553.245800,679849273.271800,1579013439.157799,3564300265.675399,289879,114008,332861,736748
2026-01-22,NYSE National (C),20719128.000000,22293205.000000,26439016.000000,69451349.000000,832392219.934600,815684250.820900,986314966.970100,2634391437.725600,247040,101685,266583,615308
2026-01-22,FINRA / Nasdaq TRF Chicago (DB),13973028.000000,12045654.000000,38739116.000000,64757798.000000,742250561.280100,615868816.241700,2533514410.152202,3891633787.674002,125502,51517,272931,449950
2026-01-22,FINRA / NYSE TRF (DN),112924490.000000,111825049.000000,302253372.000000,527002911.000000,5748780448.111099,5544426071.037202,10353308312.474795,21646514831.623096,720241,331944,1267874,2320059
2026-01-22,FINRA / Nasdaq TRF Carteret (DQ),2428433057.000000,1833562215.000000,4468849014.000000,8730844286.000000,131756692912.690301,88780195906.447811,197056916076.887094,417593804896.025206,20083423,6214863,25915872,52214158
2026-01-22,24X National Exchange (G),3053320.000000,1917302.000000,6017059.000000,10987681.000000,104734334.080000,173070510.615700,490425037.180200,768229881.875900,20427,16555,43530,80512
2026-01-22,MIAX Pearl (H),22069855.000000,49792811.000000,77389018.000000,149251684.000000,895946489.106300,2544373932.334298,2016511894.765400,5456832316.205998,207076,210994,406849,824919
2026-01-22,EDGA Equities (J),27236165.000000,27986031.000000,80335865.000000,135558061.000000,1406890793.061100,1619891762.913000,2140775466.020500,5167558021.994600,346458,149168,559054,1054680
2026-01-22,EDGX Equities (K),161135681.000000,203378881.000000,461434977.000000,825949539.000000,8334997023.403404,10675052547.895690,19707196919.582905,38717246490.881999,2000529,1241643,4159002,7401174
2026-01-22,LTSE (L),456066.000000,1773855.000000,368379.000000,2598300.000000,26510227.260000,30173953.106800,20162017.770000,76846198.136800,4874,1630,6135,12639
2026-01-22,NYSE Texas (M),20793789.000000,15032477.000000,29941636.000000,65767902.000000,2129949051.631700,2385117438.012500,4363341665.132099,8878408154.776299,47360,13903,52931,114194
2026-01-22,NYSE (N),1212971848.000000,104548281.000000,160571459.000000,1478091588.000000,73220118209.438700,6958838141.834101,6117026495.736801,86295982847.009602,6727832,540380,1329551,8597763
2026-01-22,NYSE Arca (P),249267927.000000,658731154.000000,958382272.000000,1866381353.000000,13410870572.231799,44667577296.800027,31641618250.893109,89720066119.924935,3150656,3225380,7726956,14102992
2026-01-22,NASDAQ (Q),525190379.000000,367787429.000000,1798474203.000000,2691452011.000000,34156695415.543387,33111919757.764015,122585668276.720158,189854283450.027560,7678937,2627616,13632738,23939291
2026-01-22,Members Exchange (U),66110410.000000,89236845.000000,224116020.000000,379463275.000000,3460166960.712901,5007509423.375699,8671144648.765302,17138821032.853902,597734,479072,1182348,2259154
2026-01-22,Investors Exchange (V),258908465.000000,163730418.000000,276855340.000000,699494223.000000,14646572656.268101,7079727715.862795,14741942785.604298,36468243157.735194,3057558,590311,2750598,6398467
2026-01-22,NASDAQ PSX (X),7665712.000000,6105346.000000,10307653.000000,24078711.000000,597480703.146900,746594994.946900,727376832.480100,2071452530.573900,115619,32899,139070,287588
2026-01-22,BYX Equities (Y),36963858.000000,34587492.000000,51993844.000000,123545194.000000,1726626886.655300,1941281113.855400,2391697379.922401,6059605380.433101,459325,184440,531792,1175557
2026-01-22,BZX Equities (Z),197834149.000000,214172298.000000,289730625.000000,701737072.000000,11760867259.772703,13695868092.264997,17704807978.345303,43161543330.383003,2914712,1227893,3240727,7383332
2026-01-21,NYSE American (A),6366711.000000,60656538.000000,8431908.000000,75455157.000000,324964619.033200,1092539903.694200,473031776.717300,1890536299.444700,65263,161887,70231,297381
2026-01-21,NASDAQ Texas (B),18852529.000000,21306008.000000,26167753.000000,66326290.000000,1520432689.924700,1172770925.940300,1851245002.780200,4544448618.645200,316810,160308,358775,835893
2026-01-21,NYSE National (C),27779765.000000,29793425.000000,29863762.000000,87436952.000000,1016149119.539300,1224276012.644600,1187770341.214900,3428195473.398800,287921,149959,297762,735642
2026-01-21,FINRA / Nasdaq TRF Chicago (DB),15600151.000000,19702149.000000,43095150.000000,78397450.000000,819334907.062100,782311499.546000,3271557630.617300,4873204037.225400,134943,67062,311406,513411
2026-01-21,FINRA / NYSE TRF (DN),113546297.000000,147519079.000000,274925420.000000,535990796.000000,5898768896.943100,6241766702.526598,11819216041.736798,23959751641.206496,762440,413085,1370396,2545921
2026-01-21,FINRA / Nasdaq TRF Carteret (DQ),2604068799.000000,2508975272.000000,4358225113.000000,9471269184.000000,146180239660.063351,115254994672.607085,239910882415.712097,501346116748.382533,21476393,7698789,28138203,57313385
2026-01-21,24X National Exchange (G),5255632.000000,5685330.000000,9256947.000000,20197909.000000,152500685.305000,523503472.926100,484387863.787400,1160392022.018500,42170,49712,66357,158239
2026-01-21,MIAX Pearl (H),24651786.000000,82227453.000000,72785879.000000,179665118.000000,1020388483.681600,4324491421.751700,2799403532.952699,8144283438.385999,256223,351618,480430,1088271
2026-01-21,EDGA Equities (J),30221143.000000,38831677.000000,54686544.000000,123739364.000000,1574074928.334900,2270251484.963900,2691834628.878800,6536161042.177600,387518,217848,538564,1143930
2026-01-21,EDGX Equities (K),177907202.000000,341927713.000000,488537467.000000,1008372382.000000,9240902563.866700,19833356729.123084,23383896275.843503,52458155568.833287,2423983,1980623,4675098,9079704
2026-01-21,LTSE (L),608449.000000,3938720.000000,1211257.000000,5758426.000000,34897060.915000,108821187.490000,80061004.656000,223779253.061000,7799,3423,8919,20141
2026-01-21,NYSE Texas (M),21413374.000000,16102319.000000,42155655.000000,79671348.000000,2126700566.506700,2926980819.681200,3971749515.115299,9025430901.303199,48419,19288,56011,123718
2026-01-21,NYSE (N),1362905505.000000,161039510.000000,184239362.000000,1708184377.000000,81571227561.790899,10966752261.690896,8087048300.399300,100625028123.881095,7570672,830548,1604629,10005849
2026-01-21,NYSE Arca (P),284956282.000000,1004445578.000000,867939270.000000,2157341130.000000,15750418039.046305,69227844193.651579,41559608295.732984,126537870528.430868,3743545,4958824,8456409,17158778
2026-01-21,NASDAQ (Q),578726695.000000,569662089.000000,2000971903.000000,3149360687.000000,37800913576.714104,58062406263.989604,160776201932.522914,256639521773.226622,8664848,4043159,15927693,28635700
2026-01-21,Members Exchange (U),74993762.000000,156386697.000000,210989800.000000,442370259.000000,3878476936.994100,9319157019.389299,10104337960.922703,23301971917.306102,761386,843649,1377377,2982412
2026-01-21,Investors Exchange (V),285737636.000000,223358001.000000,306849199.000000,815944836.000000,16155484854.999700,10701546534.327104,17800105637.834700,44657137027.161504,3278848,792306,3050036,7121190
2026-01-21,NASDAQ PSX (X),8066748.000000,8980544.000000,11594261.000000,28641553.000000,697274965.797100,1254256797.993600,1013922115.667200,2965453879.457900,134880,50679,169803,355362
2026-01-21,BYX Equities (Y),41031743.000000,55010611.000000,51754257.000000,147796611.000000,1888575002.069900,3245978245.328400,2673852852.221700,7808406099.620000,498296,277341,557040,1332677
2026-01-21,BZX Equities (Z),223021073.000000,327375642.000000,325618339.000000,876015054.000000,13110475821.823103,22136101804.590405,22116919953.349283,57363497579.762791,3365838,1814512,3829134,9009484
2026-01-20,NYSE American (A),5849735.000000,58246646.000000,9712445.000000,73808826.000000,286473528.891800,853690354.063800,474714771.047900,1614878654.003500,58326,144068,69834,272228
2026-01-20,NASDAQ Texas (B),16936067.000000,16696738.000000,26334535.000000,59967340.000000,1329988210.279400,939898915.906600,1679064429.610000,3948951555.796000,291538,161705,348647,801890
2026-01-20,NYSE National (C),22472898.000000,22320373.000000,27247967.000000,72041238.000000,871491795.872300,907966597.689000,1028060834.599700,2807519228.161000,253096,121680,280819,655595
2026-01-20,FINRA / Nasdaq TRF Chicago (DB),14421142.000000,16384787.000000,41350702.000000,72156631.000000,797432611.498100,711268645.107000,2799385202.382200,4308086458.987300,141947,73440,316271,531658
2026-01-20,FINRA / NYSE TRF (DN),112226657.000000,140755908.000000,319635805.000000,572618370.000000,5608214608.947801,5741315987.132895,11704379237.412500,23053909833.493196,828742,525014,1680260,3034016
2026-01-20,FINRA / Nasdaq TRF Carteret (DQ),2667614470.000000,2457663115.000000,4519631830.000000,9644909415.000000,148189197305.316161,107965611652.368292,228316799130.013317,484471608087.697770,22130782,8723978,30004273,60859033
2026-01-20,24X National Exchange (G),3500846.000000,3611006.000000,9477853.000000,16589705.000000,103623822.870000,341221488.300400,679233424.410400,1124078735.580800,33853,36608,58568,129029
2026-01-20,MIAX Pearl (H),21672072.000000,72058848.000000,72165459.000000,165896379.000000,893554835.648900,2943179592.620500,2316999369.353000,6153733797.622400,242669,273994,491229,1007892
2026-01-20,EDGA Equities (J),29411467.000000,51955920.000000,59961702.000000,141329089.000000,1606135707.530100,1928887782.990200,2372569683.796900,5907593174.317200,370632,209752,569593,1149977
2026-01-20,EDGX Equities (K),169483646.000000,277836047.000000,518758869.000000,966078562.000000,8989855927.327895,15863669118.026181,21983105629.924706,46836630675.278782,2361779,1791393,5082608,9235780
2026-01-20,LTSE (L),553642.000000,3061823.000000,909440.000000,4524905.000000,30000087.435000,85453585.438500,59754902.994300,175208575.867800,5662,3665,8063,17390
2026-01-20,NYSE Texas (M),21433423.000000,19034120.000000,33750633.000000,74218176.000000,2188121122.297700,3644710415.040500,4530541798.051999,10363373335.390199,51064,18822,62062,131948
2026-01-20,NYSE (N),1347999747.000000,128845862.000000,176124597.000000,1652970206.000000,84692122304.639192,8578921618.184101,7250948251.807300,100521992174.630593,7471168,718779,1614652,9804599
2026-01-20,NYSE Arca (P),270461325.000000,959323627.000000,990769591.000000,2220554543.000000,15283202279.847099,58669221076.183244,42010502993.782709,115962926349.813052,3695976,4489768,9624355,17810099
2026-01-20,NASDAQ (Q),542513448.000000,470826151.000000,2048199624.000000,3061539223.000000,36428137423.246405,50227341058.149001,165480254760.984821,252135733242.380227,8366469,3417549,15847648,27631666
2026-01-20,Members Exchange (U),72734381.000000,146533211.000000,225893467.000000,445161059.000000,3788741502.420600,7637014912.513696,9446880742.222297,20872637157.156593,728983,755229,1428618,2912830
2026-01-20,Investors Exchange (V),272981185.000000,210158724.000000,291025371.000000,774165280.000000,15719405889.085500,8680337301.274602,16802452542.872400,41202195733.232502,3226597,729677,2953931,6910205
2026-01-20,NASDAQ PSX (X),7510794.000000,8021181.000000,12407941.000000,27939916.000000,577215242.368400,1003173855.044600,860692115.013200,2441081212.426200,121789,43352,155727,320868
2026-01-20,BYX Equities (Y),37899756.000000,41920560.000000,55030389.000000,134850705.000000,1795266037.251300,2205147674.040204,2577914471.876900,6578328183.168404,462612,254989,567620,1285221
2026-01-20,BZX Equities (Z),211522377.000000,277010562.000000,316070002.000000,804602941.000000,13097005148.663803,19341896860.054001,20424308903.458305,52863210912.176109,3363393,1634395,3864265,8862053
2026-01-16,NYSE American (A),6738192.000000,42004600.000000,8274477.000000,57017269.000000,349100613.635000,666767741.178000,400651286.770700,1416519641.583700,64056,113376,69333,246765
2026-01-16,NASDAQ Texas (B),14449062.000000,12453592.000000,21609366.000000,48512020.000000,1096442741.681000,668978889.115800,1251772422.196500,3017194052.993300,256794,111350,296404,664548
2026-01-16,NYSE National (C),20140525.000000,18793528.000000,23775224.000000,62709277.000000,873823024.723900,728000022.978800,966721834.859100,2568544882.561800,252378,94010,250758,597146
2026-01-16,FINRA / Nasdaq TRF Chicago (DB),13958370.000000,11547752.000000,35662120.000000,61168242.000000,743154516.078900,519474071.859700,2402743220.813400,3665371808.752000,119103,48862,254163,422128
2026-01-16,FINRA / NYSE TRF (DN),103816127.000000,93281890.000000,300414909.000000,497512926.000000,4777325761.980301,4679653631.151701,11310073607.672212,20767053000.804214,668934,281213,1214208,2164355
2026-01-16,FINRA / Nasdaq TRF Carteret (DQ),2424352953.000000,1819213254.000000,4548125729.000000,8791691936.000000,138006456216.378607,93533514719.074683,244551490411.418167,476091461346.871457,19620751,6104701,25645450,51370902
2026-01-16,24X National Exchange (G),3088786.000000,3012796.000000,6961373.000000,13062955.000000,77720480.595000,271244917.526800,411040976.069700,760006374.191500,26330,29730,49324,105384
2026-01-16,MIAX Pearl (H),21011545.000000,44275931.000000,75460320.000000,140747796.000000,828876425.367200,2295177664.817900,2547496551.114401,5671550641.299501,224987,199829,461607,886423
2026-01-16,EDGA Equities (J),26613093.000000,26606758.000000,63706395.000000,116926246.000000,1335278136.458300,1495254644.716900,2112767303.816000,4943300084.991200,333649,138985,499671,972305
2026-01-16,EDGX Equities (K),153362000.000000,190143677.000000,494901958.000000,838407635.000000,8100704934.773702,11655547295.690895,18764486963.670506,38520739194.135103,2036407,1186923,4190361,7413691
2026-01-16,LTSE (L),351348.000000,912363.000000,540434.000000,1804145.000000,20425210.085000,25714465.148000,36971882.165400,83111557.398400,4442,1552,5433,11427
2026-01-16,NYSE Texas (M),47010772.000000,32904417.000000,69527500.000000,149442689.000000,5800522080.657099,4900060258.950000,11949056163.011105,22649638502.618204,32277,12124,39299,83700
2026-01-16,NYSE (N),1385921676.000000,99530823.000000,155537022.000000,1640989521.000000,91937356612.421907,6543163785.339598,5775824893.731100,104256345291.492605,6679032,526867,1301406,8507305
2026-01-16,NYSE Arca (P),232785720.000000,635068658.000000,993458007.000000,1861312385.000000,13313055493.072899,43592910740.949800,32766395604.990488,89672361839.013187,3112588,3015700,7960392,14088680
2026-01-16,NASDAQ (Q),464625594.000000,330139327.000000,2198226343.000000,2992991264.000000,30678624643.815807,31604821891.155621,183240291485.447446,245523738020.418874,7193205,2389491,13149720,22732416
2026-01-16,Members Exchange (U),64250593.000000,87234515.000000,216384832.000000,367869940.000000,3570392260.528699,5390071397.258005,8250300221.152996,17210763878.939700,639139,486529,1205047,2330715
2026-01-16,Investors Exchange (V),239156192.000000,162079740.000000,258453874.000000,659689806.000000,13112249233.198301,6900166083.866705,13727319937.355700,33739735254.420706,2884044,562321,2624963,6071328
2026-01-16,NASDAQ PSX (X),6550451.000000,5862350.000000,9682311.000000,22095112.000000,467229227.481200,556049633.032800,683926136.535600,1707204997.049600,103459,29393,130224,263076
2026-01-16,BYX Equities (Y),34309336.000000,32872195.000000,49005368.000000,116186899.000000,1688443568.664400,2027840064.498701,2088607988.709901,5804891621.873002,436292,188365,485812,1110469
2026-01-16,BZX Equities (Z),187240868.000000,201517501.000000,284451924.000000,673210293.000000,11492931472.358298,14059183841.513894,18088610694.845694,43640726008.717886,2905551,1132307,3180829,7218687
2026-01-15,NYSE American (A),6047595.000000,39432134.000000,7758127.000000,53237856.000000,322764949.891900,723302317.970900,366695249.840500,1412762517.703300,67741,124660,71732,264133
2026-01-15,NASDAQ Texas (B),16563565.000000,14761992.000000,23290161.000000,54615718.000000,1248481258.997300,750571884.086200,1597982939.948100,3597036083.031600,279239,125365,319465,724069
2026-01-15,NYSE National (C),20652966.000000,21363237.000000,24213859.000000,66230062.000000,820413734.314400,787939615.802600,878088048.796100,2486441398.913100,251992,106085,260793,618870
2026-01-15,FINRA / Nasdaq TRF Chicago (DB),13823578.000000,13839672.000000,37058413.000000,64721663.000000,880073620.013600,567186947.101100,2445171717.756800,3892432284.871500,122599,52169,244609,419377
2026-01-15,FINRA / NYSE TRF (DN),103563444.000000,122315316.000000,361901750.000000,587780510.000000,5541739448.227301,5116619084.207399,9065222954.869893,19723581487.304593,709335,371904,1212707,2293946
2026-01-15,FINRA / Nasdaq TRF Carteret (DQ),2346352561.000000,2080371125.000000,4784345538.000000,9211069224.000000,132592949134.963655,100539996024.166626,196570171612.908386,429703116772.038667,19894999,6352991,25202662,51450652
2026-01-15,24X National Exchange (G),2802833.000000,2842637.000000,6547648.000000,12193118.000000,66639023.760000,263812600.718300,359642334.059000,690093958.537300,27424,28476,41865,97765
2026-01-15,MIAX Pearl (H),22060542.000000,46732196.000000,78198158.000000,146990896.000000,907659187.989400,2388794213.978299,2118297713.767600,5414751115.735299,238349,220605,432229,891183
2026-01-15,EDGA Equities (J),27411020.000000,25284212.000000,86785269.000000,139480501.000000,1443808335.464900,1439962493.397000,2103223538.230101,4986994367.092001,353845,146822,511859,1012526
2026-01-15,EDGX Equities (K),148043002.000000,215732945.000000,581998143.000000,945774090.000000,8576621322.751799,12143882223.664192,19554014419.607009,40274517966.023000,1917978,1317636,3694858,6930472
2026-01-15,LTSE (L),383216.000000,1146825.000000,466581.000000,1996622.000000,21847111.845000,29331684.920000,25033997.034200,76212793.799200,5198,1893,6221,13312
2026-01-15,NYSE Texas (M),15097136.000000,21337140.000000,23994639.000000,60428915.000000,1480026122.085100,3564229431.607999,3641921357.902302,8686176911.595401,39918,13818,49721,103457
2026-01-15,NYSE (N),1209987787.000000,105640538.000000,162722290.000000,1478350615.000000,74739060188.556700,7302104291.739698,6292595149.849598,88333759630.145996,6887583,565193,1395920,8848696
2026-01-15,NYSE Arca (P),247128974.000000,699907375.000000,1231323933.000000,2178360282.000000,14641861778.785298,46501699671.047810,34703735529.822368,95847296979.655476,3355953,3501435,7759154,14616542
2026-01-15,NASDAQ (Q),481932643.000000,359574723.000000,1768427205.000000,2609934571.000000,32869597222.621093,35521783089.812504,125069983016.779348,193461363329.212945,7424362,2634138,13354807,23413307
2026-01-15,Members Exchange (U),65731876.000000,91418248.000000,254109022.000000,411259146.000000,3761916876.567698,6209746222.686600,8075678026.104098,18047341125.358396,665579,550615,1165398,2381592
2026-01-15,Investors Exchange (V),237491803.000000,151573570.000000,258474543.000000,647539916.000000,13584758568.707400,7363062651.301500,14143288883.990796,35091110103.999696,2975881,591605,2696010,6263496
2026-01-15,NASDAQ PSX (X),6761204.000000,6388892.000000,10177602.000000,23327698.000000,543766578.842100,720800410.522200,741817481.237600,2006384470.601900,111839,34702,135139,281680
2026-01-15,BYX Equities (Y),35034026.000000,35602765.000000,51190346.000000,121827137.000000,1668152503.733600,1920713848.302899,2171380692.645300,5760247044.681799,461069,208680,538768,1208517
2026-01-15,BZX Equities (Z),186800842.000000,213869766.000000,303111869.000000,703782477.000000,11801126344.345305,15398011612.566906,18448667614.418609,45647805571.330820,2879388,1243116,3204792,7327296
2026-01-14,NYSE American (A),6377428.000000,45673406.000000,11115384.000000,63166218.000000,336502888.626000,838631916.211100,429336678.429300,1604471483.266400,66779,151548,73025,291352
2026-01-14,NASDAQ Texas (B),17365679.000000,17729248.000000,25897960.000000,60992887.000000,1256243718.089900,859506095.943400,1395650006.827200,3511399820.860500,289617,138244,318386,746247
2026-01-14,NYSE National (C),22526376.000000,27510981.000000,25059583.000000,75096940.000000,903422335.357500,923852047.485900,1069752987.316300,2897027370.159700,257397,122549,267427,647373
2026-01-14,FINRA / Nasdaq TRF Chicago (DB),14478379.000000,16365483.000000,45130949.000000,75974811.000000,753723616.024800,732862791.368200,2657244145.807100,4143830553.200100,122121,69085,264657,455863
2026-01-14,FINRA / NYSE TRF (DN),105608916.000000,121570022.000000,503623798.000000,730802736.000000,4974380177.967601,5376293524.472205,9594476566.963006,19945150269.402812,715574,387992,1165497,2269063
2026-01-14,FINRA / Nasdaq TRF Carteret (DQ),2452484500.000000,2211136669.000000,6201538372.000000,10865159541.000000,129909664968.605843,102762766021.066984,193070620537.562844,425743051527.235671,20133989,7180271,25129698,52443958
2026-01-14,24X National Exchange (G),3019698.000000,3143378.000000,6117152.000000,12280228.000000,82052786.435000,342083192.283300,464884770.336300,889020749.054600,29709,32080,47426,109215
2026-01-14,MIAX Pearl (H),25122815.000000,58975621.000000,105065767.000000,189164203.000000,981629720.734600,3126270863.361199,2421800307.864599,6529700891.960398,251804,280537,433720,966061
2026-01-14,EDGA Equities (J),29502042.000000,30118903.000000,156855600.000000,216476545.000000,1451832914.763100,1834394465.298199,2192563115.137600,5478790495.198899,359010,184190,513215,1056415
2026-01-14,EDGX Equities (K),160375507.000000,239670715.000000,682257515.000000,1082303737.000000,8501931253.599398,13235353046.848615,19365939419.140592,41103223719.588605,2014664,1612839,3357188,6984691
2026-01-14,LTSE (L),553568.000000,2183408.000000,757177.000000,3494153.000000,29971665.225000,30077874.160000,32155308.168000,92204847.553000,7192,2462,8751,18405
2026-01-14,NYSE Texas (M),16945918.000000,17485219.000000,33753915.000000,68185052.000000,1732594470.139700,2617327856.741700,4598412359.580801,8948334686.462201,32522,15745,41323,89590
2026-01-14,NYSE (N),1318920556.000000,132909807.000000,174363913.000000,1626194276.000000,80677518379.720391,8361545064.988999,6742853294.242798,95781916738.952188,7392871,674380,1425198,9492449
2026-01-14,NYSE Arca (P),274016696.000000,871692682.000000,1670335135.000000,2816044513.000000,14607843432.533702,58337060921.873604,35155053767.607373,108099958122.014679,3518592,4494238,6917967,14930797
2026-01-14,NASDAQ (Q),539965451.000000,454223439.000000,1924121199.000000,2918310089.000000,34023518640.685088,43399853319.676319,132716254392.661427,210139626353.022834,7998326,3284920,13732803,25016049
2026-01-14,Members Exchange (U),70618622.000000,126637122.000000,354418068.000000,551673812.000000,3726386514.551100,7531254385.396797,8955444345.165601,20213085245.113498,705580,708186,1198381,2612147
2026-01-14,Investors Exchange (V),273617593.000000,169431287.000000,281509561.000000,724558441.000000,14549552732.590900,7902252801.970500,15390268345.767398,37842073880.328798,3130660,650917,2844443,6626020
2026-01-14,NASDAQ PSX (X),7690038.000000,7295224.000000,12246426.000000,27231688.000000,556267422.121300,951179644.248400,725621040.927300,2233068107.297000,118344,42027,134757,295128
2026-01-14,BYX Equities (Y),40146345.000000,40688141.000000,55609543.000000,136444029.000000,1874077974.529800,2161727687.637703,2532067965.266900,6567873627.434403,476657,228385,544777,1249819
2026-01-14,BZX Equities (Z),212501523.000000,276596794.000000,353413072.000000,842511389.000000,12359618933.546704,17499201148.689096,18187955559.529093,48046775641.764893,3129450,1526126,3243148,7898724
2026-01-13,NYSE American (A),5925230.000000,45419612.000000,7912657.000000,59257499.000000,313506006.922000,649102818.874600,425579659.637600,1388188485.434200,60376,110347,65118,235841
2026-01-13,NASDAQ Texas (B),14520454.000000,14029061.000000,21661349.000000,50210864.000000,1146419769.630100,748019603.152500,1278567610.314700,3173006983.097300,267482,120324,296510,684316
2026-01-13,NYSE National (C),18331244.000000,21408076.000000,21234153.000000,60973473.000000,836882670.421600,757399001.998000,863429283.564600,2457710955.984200,232480,97683,234604,564767
2026-01-13,FINRA / Nasdaq TRF Chicago (DB),14411459.000000,13282849.000000,37057708.000000,64752016.000000,853746210.317100,609830099.378900,2471799531.505800,3935375841.201800,123614,52919,244314,420847
2026-01-13,FINRA / NYSE TRF (DN),97976331.000000,97413174.000000,323941010.000000,519330515.000000,4543547551.335901,3546877420.280999,9304448824.952600,17394873796.569500,674856,299469,1186076,2160401
2026-01-13,FINRA / Nasdaq TRF Carteret (DQ),2348936652.000000,2047493095.000000,4892313883.000000,9288743630.000000,127524215002.226719,98040439625.117174,195854413413.630575,421419068040.974468,19639006,6132215,24833562,50604783
2026-01-13,24X National Exchange (G),2783647.000000,2534663.000000,5840551.000000,11158861.000000,75441858.099000,238804812.379000,403633838.040400,717880508.518400,24096,25245,40976,90317
2026-01-13,MIAX Pearl (H),22429664.000000,51668137.000000,89263268.000000,163361069.000000,934874345.497000,2702868123.749899,2401115419.191499,6038857888.438398,235145,218294,443926,897365
2026-01-13,EDGA Equities (J),23986295.000000,26693023.000000,85555578.000000,136234896.000000,1294643801.094000,1581313289.527800,1996183802.470001,4872140893.091801,304174,140726,455871,900771
2026-01-13,EDGX Equities (K),153221946.000000,193608093.000000,492960878.000000,839790917.000000,8524611860.448900,11316895324.874493,18004478100.566899,37845985285.890292,1872427,1140965,3426924,6440316
2026-01-13,LTSE (L),571300.000000,1347287.000000,563093.000000,2481680.000000,31403071.590000,22315609.435000,31599320.665000,85318001.690000,6537,1919,9062,17518
2026-01-13,NYSE Texas (M),14233658.000000,20802901.000000,26038730.000000,61075289.000000,1308765997.384000,2968995617.690200,3348551511.003801,7626313126.078001,31051,13325,38058,82434
2026-01-13,NYSE (N),1176278191.000000,109509873.000000,172572537.000000,1458360601.000000,72528513613.926111,7192352041.499502,5873744055.629901,85594609711.055514,6675094,554738,1301751,8531583
2026-01-13,NYSE Arca (P),243035588.000000,697855967.000000,1102335048.000000,2043226603.000000,13799461037.900693,46446680846.015799,29657927381.034099,89904069264.950591,3276924,3176735,7099934,13553593
2026-01-13,NASDAQ (Q),480512118.000000,351372742.000000,1738623776.000000,2570508636.000000,32443750663.980105,35594267873.627897,116551428433.542375,184589446971.150377,7483755,2528534,13056277,23068566
2026-01-13,Members Exchange (U),62628636.000000,93386863.000000,265829105.000000,421844604.000000,3508394678.828801,6455463647.833097,8399903021.813403,18363761348.475301,632940,504429,1102573,2239942
2026-01-13,Investors Exchange (V),244066634.000000,157346214.000000,253843259.000000,655256107.000000,13562274252.501300,6875107351.705300,13392792308.660303,33830173912.866903,2951443,564757,2626543,6142743
2026-01-13,NASDAQ PSX (X),6453177.000000,6602508.000000,9347765.000000,22403450.000000,537573230.664900,710952334.724400,724016713.831000,1972542279.220300,110659,32332,127794,270785
2026-01-13,BYX Equities (Y),33749605.000000,35835477.000000,51467210.000000,121052292.000000,1665269099.859400,2024305942.795000,2249082977.407799,5938658020.062199,420568,196224,501732,1118524
2026-01-13,BZX Equities (Z),191416631.000000,218476369.000000,285544456.000000,695437456.000000,11836320836.283203,14831090051.311206,16402815044.988510,43070225932.582919,2963110,1151818,3087020,7201948
2026-01-12,NYSE American (A),6221119.000000,40127606.000000,8316743.000000,54665468.000000,321259017.796000,636370554.433100,387069236.648900,1344698808.878000,64886,108121,70428,243435
2026-01-12,NASDAQ Texas (B),14146954.000000,13117095.000000,21827722.000000,49091771.000000,1125898304.626100,681097681.082400,1313514413.682800,3120510399.391300,254643,110653,305306,670602
2026-01-12,NYSE National (C),17251420.000000,19337074.000000,21484166.000000,58072660.000000,685150834.066500,671446772.815400,737186776.729300,2093784383.611200,224958,92135,231289,548382
2026-01-12,FINRA / Nasdaq TRF Chicago (DB),15854153.000000,12152534.000000,34432577.000000,62439264.000000,940175057.641300,643761625.360000,2273448308.052500,3857384991.053800,126078,52808,240512,419398
2026-01-12,FINRA / NYSE TRF (DN),104687222.000000,90224452.000000,306324374.000000,501236048.000000,4858662127.624301,3497417798.117797,8676294606.237092,17032374531.979190,704532,335358,1179717,2219607
2026-01-12,FINRA / Nasdaq TRF Carteret (DQ),2331249449.000000,1736640196.000000,4404953308.000000,8472842953.000000,127445969698.956632,84603955995.847489,186005476937.086415,398055402631.890536,19613007,6233956,24795568,50642531
2026-01-12,24X National Exchange (G),3293382.000000,2998738.000000,6019787.000000,12311907.000000,92153337.065800,255964864.583000,314168689.176100,662286890.824900,27979,25468,42505,95952
2026-01-12,MIAX Pearl (H),22848879.000000,40392870.000000,86880068.000000,150121817.000000,926426585.361200,2068357113.868900,1996174405.439699,4990958104.669799,241415,187678,416587,845680
2026-01-12,EDGA Equities (J),25004155.000000,21088272.000000,103249666.000000,149342093.000000,1285561279.350100,1355456391.230100,1766681156.210000,4407698826.790200,316321,130493,490648,937462
2026-01-12,EDGX Equities (K),150556211.000000,167741666.000000,460727969.000000,779025846.000000,7885325113.547304,9842342394.483799,16661492564.657490,34389160072.688593,1807671,992086,3207457,6007214
2026-01-12,LTSE (L),415836.000000,680949.000000,508496.000000,1605281.000000,22111032.170000,27397868.415000,26816180.403000,76325080.988000,5271,1560,6747,13578
2026-01-12,NYSE Texas (M),11686288.000000,19377264.000000,20431207.000000,51494759.000000,1156974341.609800,2560506715.746400,2351752339.315300,6069233396.671500,31763,12246,41111,85120
2026-01-12,NYSE (N),1175548184.000000,85750312.000000,155426269.000000,1416724765.000000,73181767489.284619,5816563083.477600,5504126040.755699,84502456613.517918,6356426,466002,1205259,8027687
2026-01-12,NYSE Arca (P),236580571.000000,608748767.000000,958414799.000000,1803744137.000000,12620603915.032600,41434276116.866067,27495077781.942408,81549957813.841075,3094931,2785419,6450488,12330838
2026-01-12,NASDAQ (Q),439983119.000000,290949960.000000,1631755983.000000,2362689062.000000,28962213799.260299,27315461702.297204,116100544783.338886,172378220284.896389,7003149,2144574,12274941,21422664
2026-01-12,Members Exchange (U),70864184.000000,85679060.000000,222046731.000000,378589975.000000,3659628791.284999,5698248555.802297,6549545849.780103,15907423196.867399,654631,461651,1006112,2122394
2026-01-12,Investors Exchange (V),231277955.000000,130583953.000000,248580030.000000,610441938.000000,12854516659.797701,6605697065.278297,13000582855.786102,32460796580.862100,2896568,547222,2614464,6058254
2026-01-12,NASDAQ PSX (X),5721504.000000,4151665.000000,9575977.000000,19449146.000000,440677719.425400,534440683.102700,596527566.086600,1571645968.614700,103603,25931,129790,259324
2026-01-12,BYX Equities (Y),32528029.000000,29738635.000000,57254106.000000,119520770.000000,1565688498.771100,1698842235.986299,2056266012.493200,5320796747.250599,420690,177174,499571,1097435
2026-01-12,BZX Equities (Z),180064547.000000,173053640.000000,264540099.000000,617658286.000000,10962844145.756302,12329760354.960391,15113863760.367088,38406468261.083781,2849278,1016332,2977462,6843072
2026-01-09,NYSE American (A),5440955.000000,40570977.000000,6942424.000000,52954356.000000,315913698.058100,710900389.355900,399279192.199100,1426093279.613100,61218,112341,62619,236178
2026-01-09,NASDAQ Texas (B),15254979.000000,12133707.000000,20842657.000000,48231343.000000,1193416030.013200,601056820.395700,1387291784.798100,3181764635.207000,265513,99201,297178,661892
2026-01-09,NYSE National (C),18758662.000000,17417102.000000,21336256.000000,57512020.000000,756062571.751300,714294521.759500,843900366.117400,2314257459.628200,220155,92157,233942,546254
2026-01-09,FINRA / Nasdaq TRF Chicago (DB),14284200.000000,11429676.000000,35906586.000000,61620462.000000,747195406.967700,515985844.129900,2505275580.535200,3768456831.632800,119651,47041,235222,401914
2026-01-09,FINRA / NYSE TRF (DN),104529737.000000,90507426.000000,285461057.000000,480498220.000000,4658264496.698300,3690174268.969102,8211862019.594599,16560300785.262001,672897,270604,1020474,1963975
2026-01-09,FINRA / Nasdaq TRF Carteret (DQ),2414694933.000000,1769421728.000000,4014030534.000000,8198147195.000000,120975758775.948054,83109721093.898885,183646301515.545744,387731781385.392683,19661016,5800280,23630707,49092003
2026-01-09,24X National Exchange (G),3472375.000000,3473083.000000,4999733.000000,11945191.000000,91586381.020000,271421694.150000,279491491.241000,642499566.411000,31000,27628,41856,100484
2026-01-09,MIAX Pearl (H),24873965.000000,48404647.000000,76783420.000000,150062032.000000,932961858.185700,2437478959.224000,2093234141.260599,5463674958.670299,251158,202481,393017,846656
2026-01-09,EDGA Equities (J),29435141.000000,26507658.000000,73425966.000000,129368765.000000,1456832903.734000,1462177361.152100,2134618973.307600,5053629238.193700,372190,141212,477559,990961
2026-01-09,EDGX Equities (K),161529638.000000,196233417.000000,412825058.000000,770588113.000000,7932275195.717797,10710702199.577102,18547488938.561105,37190466333.856004,1868166,1140914,3045257,6054337
2026-01-09,LTSE (L),434978.000000,518492.000000,769643.000000,1723113.000000,25024008.140000,12548546.745000,41405971.310500,78978526.195500,5781,1161,7202,14144
2026-01-09,NYSE Texas (M),14946866.000000,19193375.000000,18681422.000000,52821663.000000,1134255886.731000,1960701948.543700,2662860036.403201,5757817871.677901,40085,12237,44914,97236
2026-01-09,NYSE (N),1150098412.000000,104097707.000000,150235906.000000,1404432025.000000,65710815314.118904,6671787556.041701,5831751815.596200,78214354685.756805,6358994,496175,1206922,8062091
2026-01-09,NYSE Arca (P),256584691.000000,646744458.000000,816363558.000000,1719692707.000000,12578866598.531703,41524703213.892702,28873496522.763011,82977066335.187416,3165116,3001559,6098719,12265394
2026-01-09,NASDAQ (Q),469017346.000000,325984342.000000,1598917777.000000,2393919465.000000,29011954587.102697,32455476257.700909,115481555784.361234,176948986629.164840,6904322,2434317,12168669,21507308
2026-01-09,Members Exchange (U),76757080.000000,100221475.000000,204994477.000000,381973032.000000,3808615362.006600,6328745474.804101,7873742859.739800,18011103696.550501,698043,556741,1066152,2320936
2026-01-09,Investors Exchange (V),237642227.000000,139407487.000000,247302311.000000,624352025.000000,13002751406.168099,6532690873.818797,13327270260.786098,32862712540.772994,2938989,539030,2634650,6112669
2026-01-09,NASDAQ PSX (X),6055801.000000,8110989.000000,8446717.000000,22613507.000000,464211847.732100,709788037.118200,631881195.846400,1805881080.696700,100263,30445,121846,252554
2026-01-09,BYX Equities (Y),32935961.000000,30618672.000000,47854625.000000,111409258.000000,1625785168.598000,1793377878.404101,2202026860.752200,5621189907.754301,423740,183255,482108,1089103
2026-01-09,BZX Equities (Z),190697756.000000,193950484.000000,258859888.000000,643508128.000000,11184330450.872001,13629473968.757594,17683989931.372703,42497794351.002298,2855624,1176855,2987689,7020168
2026-01-08,NYSE American (A),5525911.000000,47089693.000000,7197376.000000,59812980.000000,330176570.933600,644802560.007900,380923550.391800,1355902681.333300,61461,130328,60706,252495
2026-01-08,NASDAQ Texas (B),14442773.000000,11156494.000000,19821446.000000,45420713.000000,1241574046.184500,586454417.797000,1317773708.151900,3145802172.133400,276131,109526,303645,689302
2026-01-08,NYSE National (C),18196969.000000,15711762.000000,19996789.000000,53905520.000000,837559303.381400,623395117.542800,834348772.374600,2295303193.298800,228126,96148,225933,550207
2026-01-08,FINRA / Nasdaq TRF Chicago (DB),13022584.000000,11621327.000000,33053250.000000,57697161.000000,765174840.392400,483294358.330100,2387274065.721200,3635743264.443700,109693,44197,230338,384228
2026-01-08,FINRA / NYSE TRF (DN),98737460.000000,109486702.000000,250071599.000000,458295761.000000,4692670880.084797,3429148078.776401,8777845787.506595,16899664746.367793,688118,356787,1093187,2138092
2026-01-08,FINRA / Nasdaq TRF Carteret (DQ),2497080469.000000,1919989473.000000,3912917814.000000,8329987756.000000,135148846319.033349,76376805207.309063,189598956556.805550,401124608083.147962,19645411,5883279,23745189,49273879
2026-01-08,24X National Exchange (G),3593100.000000,3083603.000000,4601378.000000,11278081.000000,100828943.728000,287486240.182000,290129184.077000,678444367.987000,33268,26808,39338,99414
2026-01-08,MIAX Pearl (H),24116151.000000,51153809.000000,64757255.000000,140027215.000000,1077494675.575000,2488983568.935900,2306049051.145700,5872527295.656600,260651,216106,392297,869054
2026-01-08,EDGA Equities (J),29182931.000000,28674618.000000,56952307.000000,114809856.000000,1694958723.714100,1516329996.094300,2078661251.186200,5289949970.994600,391794,159008,483252,1034054
2026-01-08,EDGX Equities (K),154236536.000000,197589272.000000,365115199.000000,716941007.000000,8106960587.389001,9770776039.351106,17422018213.779912,35299754840.520019,1865892,1198909,3090149,6154950
2026-01-08,LTSE (L),615369.000000,1708800.000000,863200.000000,3187369.000000,35521594.825000,39016217.183000,32862067.471800,107399879.479800,8025,3766,8783,20574
2026-01-08,NYSE Texas (M),16608111.000000,12764856.000000,20327515.000000,49700482.000000,1467742551.289200,1728035253.874200,3425177070.468299,6620954875.631699,43876,12523,45751,102150
2026-01-08,NYSE (N),1242060923.000000,102868382.000000,150637468.000000,1495566773.000000,69855615766.210602,6240652078.197800,5822982675.424700,81919250519.833102,6718078,501729,1246280,8466087
2026-01-08,NYSE Arca (P),257752941.000000,680424630.000000,689740299.000000,1627917870.000000,13437422584.386804,39774744797.046903,29082882878.522392,82295050259.956099,3233155,3174844,6333869,12741868
2026-01-08,NASDAQ (Q),490092684.000000,326776417.000000,1609097389.000000,2425966490.000000,31168593189.353907,31431538029.328696,115540847291.085810,178140978509.768413,7452182,2457798,12597577,22507557
2026-01-08,Members Exchange (U),67942400.000000,95746772.000000,163187658.000000,326876830.000000,3494563944.715199,5519370112.369199,7443570738.058803,16457504795.143201,685503,530941,1040804,2257248
2026-01-08,Investors Exchange (V),254549376.000000,142645435.000000,246632436.000000,643827247.000000,13899325205.327704,6579821250.580398,13139425303.241209,33618571759.149311,3122276,545194,2686250,6353720
2026-01-08,NASDAQ PSX (X),5594836.000000,6660388.000000,8446583.000000,20701807.000000,456451694.139000,702369526.802300,587915137.246100,1746736358.187400,102595,30917,120394,253906
2026-01-08,BYX Equities (Y),33236345.000000,29748362.000000,44869392.000000,107854099.000000,1779777115.918800,1552769706.425896,1997768587.480901,5330315409.825597,444764,191256,476712,1112732
2026-01-08,BZX Equities (Z),203592897.000000,205515571.000000,250489656.000000,659598124.000000,11883531112.540703,13692295486.334690,16487282827.369296,42063109426.244689,2999443,1186745,3018969,7205157
2026-01-07,NYSE American (A),5436420.000000,39893207.000000,8265970.000000,53595597.000000,292830193.062000,607187892.490500,362699136.306900,1262717221.859400,58161,108174,65883,232218
2026-01-07,NASDAQ Texas (B),14847238.000000,10562056.000000,21268727.000000,46678021.000000,1192582765.513600,611370366.203400,1300274799.158200,3104227930.875200,243416,108456,260736,612608
2026-01-07,NYSE National (C),18719743.000000,17207490.000000,22293068.000000,58220301.000000,816000216.963200,677457392.252500,932170829.813500,2425628439.029200,234095,85890,242487,562472
2026-01-07,FINRA / Nasdaq TRF Chicago (DB),12728536.000000,10765199.000000,35364759.000000,58858494.000000,695492785.551700,556710969.472400,2526232325.696000,3778436080.720100,108562,45844,232149,386555
2026-01-07,FINRA / NYSE TRF (DN),95083945.000000,112549673.000000,269989733.000000,477623351.000000,4461923266.288300,4364165342.738003,8644794441.630696,17470883050.656999,654425,286166,1049789,1990380
2026-01-07,FINRA / Nasdaq TRF Carteret (DQ),2394338097.000000,1878819316.000000,4278775438.000000,8551932851.000000,126149929845.679112,84505232007.297791,189229166222.832821,399884328075.809724,19695145,5882009,24095973,49673127
2026-01-07,24X National Exchange (G),3238277.000000,2653340.000000,4562107.000000,10453724.000000,86986382.580000,263292174.452600,303368595.862000,653647152.894600,30740,26803,39106,96649
2026-01-07,MIAX Pearl (H),22708193.000000,45293449.000000,70973156.000000,138974798.000000,947063009.047300,2425457317.047101,2441417130.797900,5813937456.892301,243145,199603,403175,845923
2026-01-07,EDGA Equities (J),29467397.000000,32705211.000000,75482564.000000,137655172.000000,1496378725.591700,1548681532.135600,2158782657.152499,5203842914.879799,391649,156043,504855,1052547
2026-01-07,EDGX Equities (K),152229818.000000,187254828.000000,405963412.000000,745448058.000000,7916855381.132500,10860763987.657493,17591579751.398007,36369199120.188000,1851925,1094852,3122133,6068910
2026-01-07,LTSE (L),520208.000000,558307.000000,941654.000000,2020169.000000,28867794.775000,22294552.825000,27077339.759100,78239687.359100,6543,1932,7905,16380
2026-01-07,NYSE Texas (M),19510136.000000,14027130.000000,26976930.000000,60514196.000000,1349477815.014500,2118325264.610900,4985966672.296300,8453769751.921700,46697,13825,48509,109031
2026-01-07,NYSE (N),1217677212.000000,92784768.000000,152544963.000000,1463006943.000000,70954435722.543084,6517091823.667499,5982551603.257499,83454079149.468082,6818992,483098,1279105,8581195
2026-01-07,NYSE Arca (P),251441691.000000,678972130.000000,831382956.000000,1761796777.000000,13111611483.267903,41731510476.328616,28975975714.196608,83819097673.793127,3178163,2906648,6237367,12322178
2026-01-07,NASDAQ (Q),486559309.000000,306457835.000000,1604822244.000000,2397839388.000000,30056066745.774000,29220633408.980407,115965295800.041387,175241995954.795794,7367047,2342634,12719490,22429171
2026-01-07,Members Exchange (U),67289377.000000,91075551.000000,196836398.000000,355201326.000000,3385564472.804600,6536173660.695202,7672471657.775899,17594209791.275701,668194,525568,1062546,2256308
2026-01-07,Investors Exchange (V),248577250.000000,139254476.000000,256611548.000000,644443274.000000,13328906831.553300,6581780660.368698,13772680029.154899,33683367521.076897,3070748,535728,2738679,6345155
2026-01-07,NASDAQ PSX (X),5970912.000000,6799842.000000,8373894.000000,21144648.000000,444161849.484000,627242693.725900,589406440.204400,1660810983.414300,103452,32769,126713,262934
2026-01-07,BYX Equities (Y),35421667.000000,31126172.000000,52742542.000000,119290381.000000,1746020776.917200,1829987329.860201,2241789749.957300,5817797856.734701,455865,194852,525878,1176595
2026-01-07,BZX Equities (Z),204534141.000000,188718389.000000,263718575.000000,656971105.000000,11489434288.245497,13377586561.955103,16852495614.177010,41719516464.377610,2991204,1134173,3097509,7222886
2026-01-06,NYSE American (A),5857899.000000,41542826.000000,8667210.000000,56067935.000000,320675482.083000,648231418.125600,484999769.390400,1453906669.599000,63988,113568,70197,247753
2026-01-06,NASDAQ Texas (B),14317770.000000,16257229.000000,21339258.000000,51914257.000000,1127932576.747700,727677433.712600,1433219687.883000,3288829698.343300,219017,132157,262124,613298
2026-01-06,NYSE National (C),19169060.000000,25502480.000000,24037633.000000,68709173.000000,819829600.513300,809904383.035300,913474249.590600,2543208233.139200,240435,102569,258339,601343
2026-01-06,FINRA / Nasdaq TRF Chicago (DB),14127213.000000,10792145.000000,36602201.000000,61521559.000000,734211457.756800,552365198.677100,2788958819.723598,4075535476.157498,122469,49757,257265,429491
2026-01-06,FINRA / NYSE TRF (DN),103574697.000000,103923492.000000,290273473.000000,497771662.000000,4735636158.629301,4546644025.892001,9523867504.226901,18806147688.748203,723129,324441,1190072,2237642
2026-01-06,FINRA / Nasdaq TRF Carteret (DQ),2511883524.000000,2009017133.000000,4545757889.000000,9066658546.000000,133688300733.614545,92603407135.297800,209918372475.899480,436210080344.811825,20431239,6373651,25674130,52479020
2026-01-06,24X National Exchange (G),3992726.000000,3010916.000000,6708090.000000,13711732.000000,112575732.031000,293815645.939700,502219838.990900,908611216.961600,36165,30432,57109,123706
2026-01-06,MIAX Pearl (H),24323911.000000,53119873.000000,73752636.000000,151196420.000000,1050937926.965600,2532000351.930401,2247560689.276100,5830498968.172101,258913,210491,415897,885301
2026-01-06,EDGA Equities (J),30473393.000000,35308464.000000,88973796.000000,154755653.000000,1536554325.585600,1741756941.211000,2216362120.260200,5494673387.056800,395499,170039,543676,1109214
2026-01-06,EDGX Equities (K),163182961.000000,240928012.000000,476443615.000000,880554588.000000,8247358163.056001,10929453255.271302,20346415602.483209,39523227020.810512,1919608,1134140,3546798,6600546
2026-01-06,LTSE (L),424617.000000,3941375.000000,1714825.000000,6080817.000000,22757718.255000,151145522.555000,75366595.607400,249269836.417400,5519,4892,7990,18401
2026-01-06,NYSE Texas (M),14017369.000000,12254756.000000,24749888.000000,51022013.000000,837271222.922000,1397610998.383900,2971962871.381401,5206845092.687301,48123,16186,57368,121677
2026-01-06,NYSE (N),1356637903.000000,117144283.000000,166348704.000000,1640130890.000000,78148176359.145705,7276628164.896800,6929542185.435596,92354346709.478101,6961627,539667,1367474,8868768
2026-01-06,NYSE Arca (P),261257329.000000,746751001.000000,902838420.000000,1910846750.000000,13354494635.095498,43624531212.260579,31183287857.282188,88162313704.638265,3309073,2977881,6782161,13069115
2026-01-06,NASDAQ (Q),500522716.000000,338168831.000000,1787361781.000000,2626053328.000000,30035771385.935702,30218396515.838884,132233977488.234219,192488145390.008805,7523276,2397983,13734418,23655677
2026-01-06,Members Exchange (U),74990121.000000,101235186.000000,222592963.000000,398818270.000000,3832987287.775700,6239437909.085099,8183952933.582601,18256378130.443400,728410,520199,1160095,2408704
2026-01-06,Investors Exchange (V),257472753.000000,156967342.000000,271385488.000000,685825583.000000,13712669220.722897,7296210448.622902,14862201414.213105,35871081083.558904,3095254,586335,2813347,6494936
2026-01-06,NASDAQ PSX (X),7061289.000000,6027905.000000,9573746.000000,22662940.000000,520776868.057300,666774319.116300,693290760.265100,1880841947.438700,117339,31204,137233,285776
2026-01-06,BYX Equities (Y),38004191.000000,41144270.000000,52485524.000000,131633985.000000,1725767630.363300,1910558035.207502,2352539224.922900,5988864890.493702,493090,207525,555403,1256018
2026-01-06,BZX Equities (Z),201724430.000000,224222700.000000,275396999.000000,701344129.000000,11490417488.761999,13693595009.087988,17486047070.731108,42670059568.581095,3008609,1169487,3220653,7398749
2026-01-05,NYSE American (A),7119009.000000,52696577.000000,8864488.000000,68680074.000000,389756181.369100,896700983.808700,422698535.393800,1709155700.571600,78993,138186,72183,289362
2026-01-05,NASDAQ Texas (B),16363268.000000,13465426.000000,22205082.000000,52033776.000000,1291394791.828200,750712179.009100,1349079484.902800,3391186455.740100,253311,139265,263638,656214
2026-01-05,NYSE National (C),20512126.000000,23585545.000000,24888282.000000,68985953.000000,900191995.269700,978457257.034200,915029040.351400,2793678292.655300,261381,117747,253621,632749
2026-01-05,FINRA / Nasdaq TRF Chicago (DB),15466357.000000,11182698.000000,34726893.000000,61375948.000000,813162011.881200,559737346.606600,2322936534.851499,3695835893.339299,139163,55207,247194,441564
2026-01-05,FINRA / NYSE TRF (DN),111184439.000000,119732174.000000,278089954.000000,509006567.000000,5284842007.595901,4680275845.119397,8686300968.006895,18651418820.722193,774028,398481,1201721,2374230
2026-01-05,FINRA / Nasdaq TRF Carteret (DQ),2650180852.000000,2131597509.000000,4415792841.000000,9197571202.000000,140491973680.300214,104413146266.003793,199658471671.021037,444563591617.325044,22058087,7401193,26213175,55672455
2026-01-05,24X National Exchange (G),4226342.000000,3262876.000000,4716916.000000,12206134.000000,127467523.447000,279034655.150200,315671158.943000,722173337.540200,45990,36604,53970,136564
2026-01-05,MIAX Pearl (H),25475126.000000,58785348.000000,72162156.000000,156422630.000000,1050274315.380700,2625825237.015401,2200489907.221300,5876589459.617401,265703,231180,393728,890611
2026-01-05,EDGA Equities (J),33621696.000000,37555531.000000,76839151.000000,148016378.000000,1699552861.521000,1753417139.536900,2219829782.348598,5672799783.406498,409331,181100,515793,1106224
2026-01-05,EDGX Equities (K),174995479.000000,252654277.000000,429543489.000000,857193245.000000,8904083107.505199,11550315853.778306,18579116904.489494,39033515865.772999,2115468,1299874,3391690,6807032
2026-01-05,LTSE (L),251531.000000,2620073.000000,1427172.000000,4298776.000000,11959215.470000,108640530.188200,71559861.255400,192159606.913600,2887,3866,5462,12215
2026-01-05,NYSE Texas (M),16623984.000000,18953230.000000,20094469.000000,55671683.000000,1217473761.593300,2316815333.613900,3344327781.073200,6878616876.280400,46774,18286,51848,116908
2026-01-05,NYSE (N),1365754991.000000,125737937.000000,165349861.000000,1656842789.000000,79961772540.208395,7418707984.156400,6419587070.901600,93800067595.266395,7113694,561693,1322204,8997591
2026-01-05,NYSE Arca (P),282181791.000000,871988249.000000,816899260.000000,1971069300.000000,14475850761.296104,48343280537.138196,30758631587.388986,93577762885.823286,3548045,3367080,6519380,13434505
2026-01-05,NASDAQ (Q),530781955.000000,402636971.000000,1799852553.000000,2733271479.000000,32913012803.321101,33713914495.394506,130018830248.765645,196645757547.481252,8033903,2694573,13472898,24201374
2026-01-05,Members Exchange (U),80784134.000000,123577733.000000,208924860.000000,413286727.000000,4051742844.791800,6559158433.612092,7204146742.781000,17815048021.184892,779837,588492,1122640,2490969
2026-01-05,Investors Exchange (V),266885242.000000,148804885.000000,251821805.000000,667511932.000000,13814184163.322800,7470131041.114299,13863670215.739992,35147985420.177091,3125751,632257,2733731,6491739
2026-01-05,NASDAQ PSX (X),9528778.000000,7356508.000000,10753715.000000,27639001.000000,617723742.858900,785101703.749800,796935899.386500,2199761345.995200,142950,38377,146704,328031
2026-01-05,BYX Equities (Y),36576299.000000,37675494.000000,51118045.000000,125369838.000000,1844091724.265800,2012429164.301200,2240788883.262299,6097309771.829299,473819,223922,513071,1210812
2026-01-05,BZX Equities (Z),220769069.000000,241076986.000000,272771574.000000,734617629.000000,13065066299.415701,14545994528.654706,17415278569.784396,45026339397.854803,3332725,1326359,3309086,7968170
2026-01-02,NYSE American (A),4286427.000000,49872120.000000,7523203.000000,61681750.000000,234166178.910600,852006330.480700,408378975.208100,1494551484.599400,50484,129200,59192,238876
2026-01-02,NASDAQ Texas (B),11609028.000000,13984746.000000,16550462.000000,42144236.000000,844372329.761300,729376659.716800,1308170695.897100,2881919685.375200,173477,116596,213520,503593
2026-01-02,NYSE National (C),15360728.000000,22715551.000000,22345575.000000,60421854.000000,601624871.776500,798981884.838900,862948235.173600,2263554991.789000,202405,113012,230876,546293
2026-01-02,FINRA / Nasdaq TRF Chicago (DB),12024686.000000,11332424.000000,33091267.000000,56448377.000000,681625724.721000,515173530.406900,2800945746.904200,3997745002.032100,110454,49078,247666,407198
2026-01-02,FINRA / NYSE TRF (DN),75016998.000000,113203584.000000,237131184.000000,425351766.000000,3405237355.612899,3415040248.608203,9222755211.242398,16043032815.463500,566982,343854,1012094,1922930
2026-01-02,FINRA / Nasdaq TRF Carteret (DQ),1902680572.000000,2067191519.000000,3661290449.000000,7631162540.000000,101657197461.057607,85572183004.370040,182414618520.365421,369643998985.793068,16931813,6687838,23207017,46826668
2026-01-02,24X National Exchange (G),2743370.000000,2873085.000000,3870967.000000,9487422.000000,69653678.422000,228212988.511000,215872548.483300,513739215.416300,28999,31019,45821,105839
2026-01-02,MIAX Pearl (H),17132417.000000,59321357.000000,59700841.000000,136154615.000000,709841653.996500,2624412159.961700,2236523421.997699,5570777235.955899,188184,249997,371453,809634
2026-01-02,EDGA Equities (J),20188510.000000,34860766.000000,50495947.000000,105545223.000000,1056211308.446500,1703660252.468300,1930951735.037300,4690823295.952100,289821,174673,417208,881702
2026-01-02,EDGX Equities (K),122918521.000000,251430671.000000,357838146.000000,732187338.000000,6257375316.565103,11637328059.147204,18316509401.814406,36211212777.526713,1544846,1322128,3026191,5893165
2026-01-02,LTSE (L),359070.000000,2394890.000000,1711478.000000,4465438.000000,17960257.168000,69883621.475000,102819890.230000,190663768.873000,5379,3025,7290,15694
2026-01-02,NYSE Texas (M),8934436.000000,14765055.000000,17626307.000000,41325798.000000,970469957.191800,2592151803.940100,3808511763.333900,7371133524.465800,33103,14317,41457,88877
2026-01-02,NYSE (N),1053380195.000000,122243496.000000,147375970.000000,1322999661.000000,60735184043.596488,7633674858.760101,6098596407.146299,74467455309.502888,5853825,583569,1236248,7673642
2026-01-02,NYSE Arca (P),199469794.000000,784102807.000000,653910434.000000,1637483035.000000,10267740310.435099,47035706925.953912,31231910222.888093,88535357459.277104,2596772,3316267,5983345,11896384
2026-01-02,NASDAQ (Q),381630967.000000,389537551.000000,1559388015.000000,2330556533.000000,23235897809.651998,38774037619.226401,121479033578.417902,183488969007.296301,6057910,2781196,12408385,21247491
2026-01-02,Members Exchange (U),57088595.000000,117988809.000000,170669564.000000,345746968.000000,2867270720.127800,6019128385.966700,8625826112.599202,17512225218.693702,564166,581490,1021618,2167274
2026-01-02,Investors Exchange (V),190242699.000000,128035491.000000,218526360.000000,536804550.000000,9524058487.682998,6254224504.893800,11674336082.785208,27452619075.362006,2453940,537897,2403129,5394966
2026-01-02,NASDAQ PSX (X),4955405.000000,5918195.000000,8306533.000000,19180133.000000,339163928.143000,719075461.435700,613794807.231000,1672034196.809700,92264,35808,115516,243588
2026-01-02,BYX Equities (Y),25796390.000000,41000286.000000,39470110.000000,106266786.000000,1242243908.343800,1995958610.118696,2007575843.197300,5245778361.659796,355849,240561,438594,1035004
2026-01-02,BZX Equities (Z),162115793.000000,236716838.000000,249910103.000000,648742734.000000,9483635080.807801,15487672559.911303,18428904168.594398,43400211809.313502,2559869,1356803,3095596,7012268
